$ accelerate launch --num_processes=4 --num_machines=1 --mixed_precision=bf16 --use_deepspeed --deepspeed_config_file /data/liaozijie/fact-checking/configs/deepspeed_zero2.json -m sft.trainer --config /data/liaozijie/fact-checking/outputs/runs/mmr_lambda_sweep/build.retrieval.mmr_lambda-0.8__b81213ae/configs/train.resolved.yaml

The following values were not passed to `accelerate launch` and had defaults used instead:
		More than one GPU was found, enabling multi-GPU training.
		If this was unintended please pass in `--num_processes=1`.
	`--dynamo_backend` was set to a value of `'no'`
To avoid this warning pass in values for each of the problematic parameters or run `accelerate config`.
W0512 07:16:21.483000 1367313 site-packages/torch/distributed/run.py:792] 
W0512 07:16:21.483000 1367313 site-packages/torch/distributed/run.py:792] *****************************************
W0512 07:16:21.483000 1367313 site-packages/torch/distributed/run.py:792] Setting OMP_NUM_THREADS environment variable for each process to be 1 in default, to avoid your system being overloaded, please further tune the variable for optimal performance in your application as needed. 
W0512 07:16:21.483000 1367313 site-packages/torch/distributed/run.py:792] *****************************************
[RANK 0] Detected kernel version 4.18.0, which is below the recommended minimum of 5.5.0; this can cause the process to hang. It is recommended to upgrade the kernel to the minimum version or higher.
swanlab: swanlab version 0.7.17 is available!  Upgrade: `pip install -U swanlab`
swanlab: Tracking run with swanlab version 0.7.16
swanlab: Run data will be saved locally in /data/liaozijie/fact-checking/swanlog/run-20260512_071639-d3ri0p8r6x5g2h143otua
swanlab: 👋 Hi fenglin,welcome to swanlab!
swanlab: Syncing run mmr_lambda_sweep__build.retrieval.mmr_lambda-0.8 to the cloud
swanlab: 🏠 View project at https://swanlab.cn/@fenglin/fact-checking-build-train-infer
swanlab: 🚀 View run at https://swanlab.cn/@fenglin/fact-checking-build-train-infer/runs/d3ri0p8r6x5g2h143otua
2026-05-12 07:16:42 | INFO | __main__ | trainer.py:207 | [INFO] saved resolved config to /data/liaozijie/fact-checking/outputs/runs/mmr_lambda_sweep/build.retrieval.mmr_lambda-0.8__b81213ae/train/config.resolved.yaml
2026-05-12 07:16:42 | INFO | __main__ | stats.py:59 | [PROMPT_STATS] split=train pre_mean=848.06 pre_p95=1163 pre_overflow=0 post_mean=848.06 post_p95=1163 post_overflow=0 truncated=2 trunc_rate=0.0002
2026-05-12 07:16:42 | INFO | __main__ | stats.py:59 | [PROMPT_STATS] split=val pre_mean=866.58 pre_p95=1149 pre_overflow=0 post_mean=866.58 post_p95=1149 post_overflow=0 truncated=0 trunc_rate=0.0000
2026-05-12 07:16:42 | INFO | __main__ | trainer.py:269 | [INFO] prompt statistics saved to /data/liaozijie/fact-checking/outputs/runs/mmr_lambda_sweep/build.retrieval.mmr_lambda-0.8__b81213ae/train/prompt_stats/prompt_stats.json

Loading checkpoint shards:   0%|          | 0/4 [00:00<?, ?it/s]
Loading checkpoint shards:   0%|          | 0/4 [00:00<?, ?it/s]
Loading checkpoint shards:   0%|          | 0/4 [00:00<?, ?it/s]
Loading checkpoint shards:   0%|          | 0/4 [00:00<?, ?it/s]
Loading checkpoint shards: 100%|██████████| 4/4 [00:00<00:00, 105.99it/s]

Loading checkpoint shards: 100%|██████████| 4/4 [00:00<00:00, 101.86it/s]

Loading checkpoint shards: 100%|██████████| 4/4 [00:00<00:00, 100.06it/s]

Loading checkpoint shards: 100%|██████████| 4/4 [00:00<00:00, 112.65it/s]
2026-05-12 07:16:43 | INFO | __main__ | adapters.py:97 | [INFO] LoRA enabled: trainable parameters=40370176 / 7655986688 (0.5273%), r=16, alpha=32
2026-05-12 07:17:07 | INFO | __main__ | trainer.py:359 | [INFO] Optimizer will update LoRA/trainable parameters only.
2026-05-12 07:17:17 | INFO | __main__ | trainer.py:390 | [INFO] dataloader length around accelerator.prepare: before=2516, after=629
2026-05-12 07:17:17 | WARNING | __main__ | trainer.py:396 | [WARN] len(train_dl) changed after accelerator.prepare: before=2516, after=629. This may indicate duplicated sharding/re-partitioning across distributed samplers.
2026-05-12 07:17:17 | INFO | __main__ | trainer.py:413 | [INFO] train progress setup (post-prepare): num_epochs=2, len(train_dl)=629, effective_grad_accum_steps=2, update_steps_per_epoch=315, max_train_steps=630
2026-05-12 07:17:17 | INFO | __main__ | trainer.py:122 | [INFO] logit_adjust enabled: tau=1.000 priors=['0.0807', '0.1945', '0.1601', '0.2074', '0.1937', '0.1636'] letters=[362, 425, 356, 422, 468, 434] prefix=[2476, 25]
2026-05-12 07:17:17 | INFO | __main__ | trainer.py:434 | [INFO] logit_adjust config saved to /data/liaozijie/fact-checking/outputs/runs/mmr_lambda_sweep/build.retrieval.mmr_lambda-0.8__b81213ae/train/logit_adjust.json

  0%|          | 0/630 [00:00<?, ?it/s]
  0%|          | 1/630 [00:14<2:29:06, 14.22s/it]
  0%|          | 2/630 [00:23<1:58:22, 11.31s/it]
  0%|          | 3/630 [00:31<1:42:56,  9.85s/it]
  1%|          | 4/630 [00:40<1:37:05,  9.31s/it]
  1%|          | 5/630 [00:48<1:34:01,  9.03s/it]
  1%|          | 6/630 [00:54<1:22:21,  7.92s/it]
  1%|          | 7/630 [01:05<1:32:52,  8.94s/it]
  1%|▏         | 8/630 [01:15<1:37:09,  9.37s/it]
  1%|▏         | 9/630 [01:23<1:32:25,  8.93s/it]
  2%|▏         | 10/630 [01:32<1:31:37,  8.87s/it]
  2%|▏         | 11/630 [01:40<1:28:28,  8.58s/it]
  2%|▏         | 12/630 [01:46<1:21:03,  7.87s/it]
  2%|▏         | 13/630 [01:55<1:23:19,  8.10s/it]
  2%|▏         | 14/630 [02:05<1:29:19,  8.70s/it]
  2%|▏         | 15/630 [02:14<1:29:38,  8.75s/it]
  3%|▎         | 16/630 [02:23<1:31:22,  8.93s/it]
  3%|▎         | 17/630 [02:32<1:30:52,  8.89s/it]
  3%|▎         | 18/630 [02:39<1:26:04,  8.44s/it]
  3%|▎         | 19/630 [02:50<1:33:22,  9.17s/it]
  3%|▎         | 20/630 [03:01<1:38:12,  9.66s/it]
  3%|▎         | 21/630 [03:11<1:39:44,  9.83s/it]
  3%|▎         | 22/630 [03:19<1:34:04,  9.28s/it]
  4%|▎         | 23/630 [03:26<1:27:15,  8.63s/it]
  4%|▍         | 24/630 [03:33<1:22:21,  8.15s/it]
  4%|▍         | 25/630 [03:40<1:16:42,  7.61s/it]
  4%|▍         | 26/630 [03:53<1:35:13,  9.46s/it]
  4%|▍         | 27/630 [04:04<1:39:11,  9.87s/it]
  4%|▍         | 28/630 [04:13<1:36:28,  9.62s/it]
  5%|▍         | 29/630 [04:21<1:30:21,  9.02s/it]
  5%|▍         | 30/630 [04:28<1:24:16,  8.43s/it]
  5%|▍         | 31/630 [04:34<1:18:08,  7.83s/it]
  5%|▌         | 32/630 [04:47<1:33:56,  9.43s/it]
  5%|▌         | 33/630 [04:57<1:34:57,  9.54s/it]
  5%|▌         | 34/630 [05:07<1:33:55,  9.46s/it]
  6%|▌         | 35/630 [05:14<1:28:35,  8.93s/it]
  6%|▌         | 36/630 [05:23<1:28:29,  8.94s/it]
  6%|▌         | 37/630 [05:30<1:22:37,  8.36s/it]
  6%|▌         | 38/630 [05:39<1:22:40,  8.38s/it]
  6%|▌         | 39/630 [05:48<1:26:15,  8.76s/it]
  6%|▋         | 40/630 [05:58<1:27:37,  8.91s/it]
  7%|▋         | 41/630 [06:05<1:23:52,  8.54s/it]
  7%|▋         | 42/630 [06:14<1:25:22,  8.71s/it]
  7%|▋         | 43/630 [06:21<1:19:05,  8.08s/it]
  7%|▋         | 44/630 [06:31<1:23:21,  8.53s/it]
  7%|▋         | 45/630 [06:41<1:30:01,  9.23s/it]
  7%|▋         | 46/630 [06:51<1:29:45,  9.22s/it]
  7%|▋         | 47/630 [06:58<1:25:04,  8.76s/it]
  8%|▊         | 48/630 [07:07<1:23:40,  8.63s/it]
  8%|▊         | 49/630 [07:14<1:20:54,  8.35s/it]
  8%|▊         | 50/630 [07:21<1:16:32,  7.92s/it]

eval:   0%|          | 0/80 [00:00<?, ?it/s][A/data/liaozijie/conda/accelerate-fc/lib/python3.11/site-packages/transformers/tokenization_utils_base.py:2751: UserWarning: `max_length` is ignored when `padding`=`True` and there is no truncation strategy. To pad to max length, use `padding='max_length'`.
  warnings.warn(
/data/liaozijie/conda/accelerate-fc/lib/python3.11/site-packages/transformers/tokenization_utils_base.py:2751: UserWarning: `max_length` is ignored when `padding`=`True` and there is no truncation strategy. To pad to max length, use `padding='max_length'`.
  warnings.warn(
/data/liaozijie/conda/accelerate-fc/lib/python3.11/site-packages/transformers/tokenization_utils_base.py:2751: UserWarning: `max_length` is ignored when `padding`=`True` and there is no truncation strategy. To pad to max length, use `padding='max_length'`.
  warnings.warn(
/data/liaozijie/conda/accelerate-fc/lib/python3.11/site-packages/transformers/tokenization_utils_base.py:2751: UserWarning: `max_length` is ignored when `padding`=`True` and there is no truncation strategy. To pad to max length, use `padding='max_length'`.
  warnings.warn(
/data/liaozijie/conda/accelerate-fc/lib/python3.11/site-packages/transformers/tokenization_utils_base.py:2751: UserWarning: `max_length` is ignored when `padding`=`True` and there is no truncation strategy. To pad to max length, use `padding='max_length'`.
  warnings.warn(
/data/liaozijie/conda/accelerate-fc/lib/python3.11/site-packages/transformers/tokenization_utils_base.py:2751: UserWarning: `max_length` is ignored when `padding`=`True` and there is no truncation strategy. To pad to max length, use `padding='max_length'`.
  warnings.warn(
/data/liaozijie/conda/accelerate-fc/lib/python3.11/site-packages/transformers/tokenization_utils_base.py:2751: UserWarning: `max_length` is ignored when `padding`=`True` and there is no truncation strategy. To pad to max length, use `padding='max_length'`.
  warnings.warn(
/data/liaozijie/conda/accelerate-fc/lib/python3.11/site-packages/transformers/tokenization_utils_base.py:2751: UserWarning: `max_length` is ignored when `padding`=`True` and there is no truncation strategy. To pad to max length, use `padding='max_length'`.
  warnings.warn(
/data/liaozijie/conda/accelerate-fc/lib/python3.11/site-packages/transformers/tokenization_utils_base.py:2751: UserWarning: `max_length` is ignored when `padding`=`True` and there is no truncation strategy. To pad to max length, use `padding='max_length'`.
  warnings.warn(
/data/liaozijie/conda/accelerate-fc/lib/python3.11/site-packages/transformers/tokenization_utils_base.py:2751: UserWarning: `max_length` is ignored when `padding`=`True` and there is no truncation strategy. To pad to max length, use `padding='max_length'`.
  warnings.warn(
/data/liaozijie/conda/accelerate-fc/lib/python3.11/site-packages/transformers/tokenization_utils_base.py:2751: UserWarning: `max_length` is ignored when `padding`=`True` and there is no truncation strategy. To pad to max length, use `padding='max_length'`.
  warnings.warn(
/data/liaozijie/conda/accelerate-fc/lib/python3.11/site-packages/transformers/tokenization_utils_base.py:2751: UserWarning: `max_length` is ignored when `padding`=`True` and there is no truncation strategy. To pad to max length, use `padding='max_length'`.
  warnings.warn(
/data/liaozijie/conda/accelerate-fc/lib/python3.11/site-packages/transformers/tokenization_utils_base.py:2751: UserWarning: `max_length` is ignored when `padding`=`True` and there is no truncation strategy. To pad to max length, use `padding='max_length'`.
  warnings.warn(
/data/liaozijie/conda/accelerate-fc/lib/python3.11/site-packages/transformers/tokenization_utils_base.py:2751: UserWarning: `max_length` is ignored when `padding`=`True` and there is no truncation strategy. To pad to max length, use `padding='max_length'`.
  warnings.warn(
/data/liaozijie/conda/accelerate-fc/lib/python3.11/site-packages/transformers/tokenization_utils_base.py:2751: UserWarning: `max_length` is ignored when `padding`=`True` and there is no truncation strategy. To pad to max length, use `padding='max_length'`.
  warnings.warn(
/data/liaozijie/conda/accelerate-fc/lib/python3.11/site-packages/transformers/tokenization_utils_base.py:2751: UserWarning: `max_length` is ignored when `padding`=`True` and there is no truncation strategy. To pad to max length, use `padding='max_length'`.
  warnings.warn(


eval:   1%|▏         | 1/80 [00:01<01:22,  1.05s/it][A

eval:   2%|▎         | 2/80 [00:01<01:05,  1.19it/s][A

eval:   4%|▍         | 3/80 [00:02<01:07,  1.14it/s][A

eval:   5%|▌         | 4/80 [00:03<01:17,  1.02s/it][A

eval:   6%|▋         | 5/80 [00:04<01:10,  1.07it/s][A

eval:   8%|▊         | 6/80 [00:05<01:14,  1.00s/it][A

eval:   9%|▉         | 7/80 [00:07<01:19,  1.09s/it][A

eval:  10%|█         | 8/80 [00:08<01:16,  1.06s/it][A

eval:  11%|█▏        | 9/80 [00:09<01:30,  1.27s/it][A

eval:  12%|█▎        | 10/80 [00:10<01:21,  1.16s/it][A

eval:  14%|█▍        | 11/80 [00:13<01:45,  1.53s/it][A

eval:  15%|█▌        | 12/80 [00:14<01:31,  1.34s/it][A

eval:  16%|█▋        | 13/80 [00:15<01:42,  1.53s/it][A

eval:  18%|█▊        | 14/80 [00:16<01:26,  1.31s/it][A

eval:  19%|█▉        | 15/80 [00:19<01:43,  1.59s/it][A

eval:  20%|██        | 16/80 [00:19<01:26,  1.35s/it][A

eval:  21%|██▏       | 17/80 [00:22<01:43,  1.64s/it][A

eval:  22%|██▎       | 18/80 [00:22<01:25,  1.38s/it][A

eval:  24%|██▍       | 19/80 [00:23<01:12,  1.19s/it][A

eval:  25%|██▌       | 20/80 [00:24<01:08,  1.14s/it][A

eval:  26%|██▋       | 21/80 [00:25<01:05,  1.11s/it][A

eval:  28%|██▊       | 22/80 [00:26<00:59,  1.03s/it][A

eval:  29%|██▉       | 23/80 [00:27<01:02,  1.09s/it][A

eval:  30%|███       | 24/80 [00:29<01:06,  1.19s/it][A

eval:  31%|███▏      | 25/80 [00:29<00:58,  1.06s/it][A

eval:  32%|███▎      | 26/80 [00:31<00:57,  1.07s/it][A

eval:  34%|███▍      | 27/80 [00:32<01:02,  1.17s/it][A

eval:  35%|███▌      | 28/80 [00:33<01:03,  1.23s/it][A

eval:  36%|███▋      | 29/80 [00:35<01:03,  1.25s/it][A

eval:  38%|███▊      | 30/80 [00:35<00:54,  1.10s/it][A

eval:  39%|███▉      | 31/80 [00:37<01:04,  1.33s/it][A

eval:  40%|████      | 32/80 [00:38<00:58,  1.22s/it][A

eval:  41%|████▏     | 33/80 [00:40<01:09,  1.48s/it][A

eval:  42%|████▎     | 34/80 [00:41<01:02,  1.36s/it][A

eval:  44%|████▍     | 35/80 [00:43<01:09,  1.55s/it][A

eval:  45%|████▌     | 36/80 [00:44<00:59,  1.36s/it][A

eval:  46%|████▋     | 37/80 [00:47<01:09,  1.62s/it][A

eval:  48%|████▊     | 38/80 [00:47<00:57,  1.38s/it][A

eval:  49%|████▉     | 39/80 [00:49<01:03,  1.56s/it][A

eval:  50%|█████     | 40/80 [00:50<00:51,  1.29s/it][A

eval:  51%|█████▏    | 41/80 [00:52<01:04,  1.66s/it][A

eval:  52%|█████▎    | 42/80 [00:53<00:53,  1.41s/it][A

eval:  54%|█████▍    | 43/80 [00:55<00:59,  1.61s/it][A

eval:  55%|█████▌    | 44/80 [00:56<00:49,  1.36s/it][A

eval:  56%|█████▋    | 45/80 [00:57<00:42,  1.21s/it][A

eval:  57%|█████▊    | 46/80 [00:58<00:36,  1.08s/it][A

eval:  59%|█████▉    | 47/80 [00:59<00:33,  1.03s/it][A

eval:  60%|██████    | 48/80 [01:01<00:40,  1.25s/it][A

eval:  61%|██████▏   | 49/80 [01:01<00:35,  1.14s/it][A

eval:  62%|██████▎   | 50/80 [01:02<00:33,  1.12s/it][A

eval:  64%|██████▍   | 51/80 [01:03<00:30,  1.04s/it][A

eval:  65%|██████▌   | 52/80 [01:04<00:29,  1.05s/it][A

eval:  66%|██████▋   | 53/80 [01:06<00:29,  1.11s/it][A

eval:  68%|██████▊   | 54/80 [01:07<00:27,  1.06s/it][A

eval:  69%|██████▉   | 55/80 [01:08<00:30,  1.23s/it][A

eval:  70%|███████   | 56/80 [01:09<00:26,  1.12s/it][A

eval:  71%|███████▏  | 57/80 [01:10<00:26,  1.15s/it][A

eval:  72%|███████▎  | 58/80 [01:12<00:26,  1.22s/it][A

eval:  74%|███████▍  | 59/80 [01:12<00:22,  1.08s/it][A

eval:  75%|███████▌  | 60/80 [01:14<00:26,  1.32s/it][A

eval:  76%|███████▋  | 61/80 [01:15<00:22,  1.16s/it][A

eval:  78%|███████▊  | 62/80 [01:17<00:22,  1.24s/it][A

eval:  79%|███████▉  | 63/80 [01:18<00:22,  1.33s/it][A

eval:  80%|████████  | 64/80 [01:19<00:21,  1.34s/it][A

eval:  81%|████████▏ | 65/80 [01:21<00:20,  1.35s/it][A

eval:  82%|████████▎ | 66/80 [01:22<00:16,  1.18s/it][A

eval:  84%|████████▍ | 67/80 [01:24<00:19,  1.46s/it][A

eval:  85%|████████▌ | 68/80 [01:25<00:15,  1.26s/it][A

eval:  86%|████████▋ | 69/80 [01:26<00:14,  1.33s/it][A

eval:  88%|████████▊ | 70/80 [01:27<00:11,  1.19s/it][A

eval:  89%|████████▉ | 71/80 [01:28<00:11,  1.27s/it][A

eval:  90%|█████████ | 72/80 [01:29<00:09,  1.14s/it][A

eval:  91%|█████████▏| 73/80 [01:30<00:07,  1.09s/it][A

eval:  92%|█████████▎| 74/80 [01:31<00:06,  1.00s/it][A

eval:  94%|█████████▍| 75/80 [01:32<00:04,  1.02it/s][A

eval:  95%|█████████▌| 76/80 [01:33<00:04,  1.08s/it][A

eval:  96%|█████████▋| 77/80 [01:34<00:02,  1.00it/s][A

eval:  98%|█████████▊| 78/80 [01:35<00:01,  1.00it/s][A

eval:  99%|█████████▉| 79/80 [01:36<00:01,  1.08s/it][A

eval: 100%|██████████| 80/80 [01:37<00:00,  1.01it/s][A

                                                     [A2026-05-12 07:26:16 | INFO | __main__ | eval.py:43 | [EVAL_SAMPLE] idx=0 pred=false gold=barely-true output=Label: B explain=Hartzler said, "We have less Americans working now than in the ‘70s." The statistics Hartzler’s staff said she cited show the employment-population ratio and labor force participation rate was indeed higher in 1979 than in 2015. However,... prompt=<|im_start|>system
You are a careful fact-checking assistant for LIAR-RAW claims. Classify claims using only the claim and retrieved evidence supplied by the user.<|im_end|>
<|im_start|>user
Classify the claim into exactly one LIAR-RAW l...
2026-05-12 07:26:16 | INFO | __main__ | eval.py:43 | [EVAL_SAMPLE] idx=0 pred=false gold=barely-true output=Label: B explain=Hartzler said, "We have less Americans working now than in the ‘70s." The statistics Hartzler’s staff said she cited show the employment-population ratio and labor force participation rate was indeed higher in 1979 than in 2015. However,... prompt=<|im_start|>system
You are a careful fact-checking assistant for LIAR-RAW claims. Classify claims using only the claim and retrieved evidence supplied by the user.<|im_end|>
<|im_start|>user
Classify the claim into exactly one LIAR-RAW l...
2026-05-12 07:26:16 | INFO | __main__ | eval.py:43 | [EVAL_SAMPLE] idx=1 pred=false gold=pants-fire output=Label: B explain=Ellison used a Koran that once belonged to Thomas Jefferson, borrowing the rare book from the Library of Congress. It goes without saying that Ellison is not Obama. UPDATE: Barack Obama resigned from Trinity United Church of Christ on Ma... prompt=<|im_start|>system
You are a careful fact-checking assistant for LIAR-RAW claims. Classify claims using only the claim and retrieved evidence supplied by the user.<|im_end|>
<|im_start|>user
Classify the claim into exactly one LIAR-RAW l...
2026-05-12 07:26:16 | INFO | __main__ | eval.py:43 | [EVAL_SAMPLE] idx=1 pred=false gold=pants-fire output=Label: B explain=Ellison used a Koran that once belonged to Thomas Jefferson, borrowing the rare book from the Library of Congress. It goes without saying that Ellison is not Obama. UPDATE: Barack Obama resigned from Trinity United Church of Christ on Ma... prompt=<|im_start|>system
You are a careful fact-checking assistant for LIAR-RAW claims. Classify claims using only the claim and retrieved evidence supplied by the user.<|im_end|>
<|im_start|>user
Classify the claim into exactly one LIAR-RAW l...
2026-05-12 07:26:16 | INFO | __main__ | eval.py:43 | [EVAL_SAMPLE] idx=2 pred=mostly-true gold=false output=Label: E explain=However, we have two professors who say the law is silent on political activity -- even if one of them sees an implicit prohibition -- and a plain reading of the law that states no explicit ban. Blumenauer said that "the statute a hundre... prompt=<|im_start|>system
You are a careful fact-checking assistant for LIAR-RAW claims. Classify claims using only the claim and retrieved evidence supplied by the user.<|im_end|>
<|im_start|>user
Classify the claim into exactly one LIAR-RAW l...
2026-05-12 07:26:16 | INFO | __main__ | trainer.py:566 | [eval] step=50 accuracy=0.2531 macro_precision=0.3583 macro_recall=0.2561 macro_f1=0.2158 parse_error_rate=0.0000
2026-05-12 07:26:16 | INFO | __main__ | trainer.py:566 | [eval] per_class:
2026-05-12 07:26:16 | INFO | __main__ | trainer.py:566 |   - barely-true: P=0.2285 R=0.6624 F1=0.3398
2026-05-12 07:26:16 | INFO | __main__ | trainer.py:566 |   - false: P=0.2839 R=0.1686 F1=0.2115
2026-05-12 07:26:16 | INFO | __main__ | trainer.py:566 |   - half-true: P=0.8333 R=0.0203 F1=0.0397
2026-05-12 07:26:16 | INFO | __main__ | trainer.py:566 |   - mostly-true: P=0.3261 R=0.2390 F1=0.2759
2026-05-12 07:26:16 | INFO | __main__ | trainer.py:566 |   - pants-fire: P=0.2249 R=0.3276 F1=0.2667
2026-05-12 07:26:16 | INFO | __main__ | trainer.py:566 |   - true: P=0.2532 R=0.1183 F1=0.1613
2026-05-12 07:26:20 | WARNING | sft.data.io | io.py:87 | [WARN] saved adapter has no LoRA tensors; rebuilding adapter weights from model state.
2026-05-12 07:26:20 | WARNING | sft.data.io | io.py:100 | [WARN] Rewrote /data/liaozijie/fact-checking/outputs/runs/mmr_lambda_sweep/build.retrieval.mmr_lambda-0.8__b81213ae/train/best/adapter_model.safetensors with 392 LoRA tensors collected from the in-memory model.
2026-05-12 07:26:25 | WARNING | sft.data.io | io.py:87 | [WARN] saved adapter has no LoRA tensors; rebuilding adapter weights from model state.
2026-05-12 07:26:25 | WARNING | sft.data.io | io.py:100 | [WARN] Rewrote /data/liaozijie/fact-checking/outputs/runs/mmr_lambda_sweep/build.retrieval.mmr_lambda-0.8__b81213ae/train/checkpoint-50/adapter_model.safetensors with 392 LoRA tensors collected from the in-memory model.

  8%|▊         | 51/630 [09:20<6:37:22, 41.18s/it]
  8%|▊         | 52/630 [09:31<5:09:19, 32.11s/it]
  8%|▊         | 53/630 [09:39<3:58:35, 24.81s/it]
  9%|▊         | 54/630 [09:48<3:14:08, 20.22s/it]
  9%|▊         | 55/630 [09:56<2:36:43, 16.35s/it]
  9%|▉         | 56/630 [10:02<2:07:44, 13.35s/it]
  9%|▉         | 57/630 [10:13<2:00:47, 12.65s/it]
  9%|▉         | 58/630 [10:22<1:50:33, 11.60s/it]
  9%|▉         | 59/630 [10:30<1:40:03, 10.51s/it]
 10%|▉         | 60/630 [10:39<1:34:27,  9.94s/it]
 10%|▉         | 61/630 [10:47<1:28:29,  9.33s/it]
 10%|▉         | 62/630 [10:53<1:20:35,  8.51s/it]
 10%|█         | 63/630 [11:03<1:24:14,  8.91s/it]
 10%|█         | 64/630 [11:14<1:30:45,  9.62s/it]
 10%|█         | 65/630 [11:24<1:29:31,  9.51s/it]
 10%|█         | 66/630 [11:32<1:27:07,  9.27s/it]
 11%|█         | 67/630 [11:40<1:22:58,  8.84s/it]
 11%|█         | 68/630 [11:46<1:14:35,  7.96s/it]
 11%|█         | 69/630 [11:54<1:15:11,  8.04s/it]
 11%|█         | 70/630 [12:05<1:22:27,  8.84s/it]
 11%|█▏        | 71/630 [12:14<1:23:16,  8.94s/it]
 11%|█▏        | 72/630 [12:21<1:17:46,  8.36s/it]
 12%|█▏        | 73/630 [12:29<1:16:27,  8.24s/it]
 12%|█▏        | 74/630 [12:37<1:15:31,  8.15s/it]
 12%|█▏        | 75/630 [12:42<1:07:11,  7.26s/it]
 12%|█▏        | 76/630 [12:53<1:17:19,  8.37s/it]
 12%|█▏        | 77/630 [13:02<1:18:55,  8.56s/it]
 12%|█▏        | 78/630 [13:11<1:18:39,  8.55s/it]
 13%|█▎        | 79/630 [13:19<1:16:47,  8.36s/it]
 13%|█▎        | 80/630 [13:25<1:11:49,  7.83s/it]
 13%|█▎        | 81/630 [13:31<1:06:46,  7.30s/it]
 13%|█▎        | 82/630 [13:43<1:18:47,  8.63s/it]
 13%|█▎        | 83/630 [13:53<1:21:16,  8.92s/it]
 13%|█▎        | 84/630 [14:02<1:21:36,  8.97s/it]
 13%|█▎        | 85/630 [14:10<1:20:35,  8.87s/it]
 14%|█▎        | 86/630 [14:16<1:12:16,  7.97s/it]
 14%|█▍        | 87/630 [14:22<1:06:46,  7.38s/it]
 14%|█▍        | 88/630 [14:32<1:14:32,  8.25s/it]
 14%|█▍        | 89/630 [14:43<1:19:10,  8.78s/it]
 14%|█▍        | 90/630 [14:52<1:19:41,  8.85s/it]
 14%|█▍        | 91/630 [15:00<1:17:50,  8.66s/it]
 15%|█▍        | 92/630 [15:06<1:11:09,  7.94s/it]
 15%|█▍        | 93/630 [15:12<1:06:44,  7.46s/it]
 15%|█▍        | 94/630 [15:21<1:10:05,  7.85s/it]
 15%|█▌        | 95/630 [15:32<1:18:32,  8.81s/it]
 15%|█▌        | 96/630 [15:41<1:19:52,  8.97s/it]
 15%|█▌        | 97/630 [15:50<1:18:18,  8.81s/it]
 16%|█▌        | 98/630 [15:57<1:13:30,  8.29s/it]
 16%|█▌        | 99/630 [16:05<1:12:51,  8.23s/it]
 16%|█▌        | 100/630 [16:11<1:07:09,  7.60s/it]

eval:   0%|          | 0/80 [00:00<?, ?it/s][A

eval:   1%|▏         | 1/80 [00:00<01:09,  1.14it/s][A

eval:   2%|▎         | 2/80 [00:02<01:24,  1.09s/it][A

eval:   4%|▍         | 3/80 [00:02<01:13,  1.04it/s][A

eval:   5%|▌         | 4/80 [00:03<01:15,  1.00it/s][A

eval:   6%|▋         | 5/80 [00:05<01:22,  1.11s/it][A

eval:   8%|▊         | 6/80 [00:06<01:12,  1.02it/s][A

eval:   9%|▉         | 7/80 [00:07<01:26,  1.19s/it][A

eval:  10%|█         | 8/80 [00:08<01:20,  1.12s/it][A

eval:  11%|█▏        | 9/80 [00:09<01:19,  1.11s/it][A

eval:  12%|█▎        | 10/80 [00:11<01:26,  1.24s/it][A

eval:  14%|█▍        | 11/80 [00:13<01:49,  1.58s/it][A

eval:  15%|█▌        | 12/80 [00:14<01:34,  1.38s/it][A

eval:  16%|█▋        | 13/80 [00:16<01:45,  1.58s/it][A

eval:  18%|█▊        | 14/80 [00:17<01:28,  1.34s/it][A

eval:  19%|█▉        | 15/80 [00:19<01:43,  1.59s/it][A

eval:  20%|██        | 16/80 [00:20<01:26,  1.35s/it][A

eval:  21%|██▏       | 17/80 [00:22<01:41,  1.62s/it][A

eval:  22%|██▎       | 18/80 [00:23<01:24,  1.36s/it][A

eval:  24%|██▍       | 19/80 [00:24<01:12,  1.18s/it][A

eval:  25%|██▌       | 20/80 [00:26<01:29,  1.49s/it][A

eval:  26%|██▋       | 21/80 [00:27<01:15,  1.28s/it][A

eval:  28%|██▊       | 22/80 [00:29<01:26,  1.48s/it][A

eval:  29%|██▉       | 23/80 [00:30<01:16,  1.34s/it][A

eval:  30%|███       | 24/80 [00:32<01:30,  1.62s/it][A

eval:  31%|███▏      | 25/80 [00:33<01:14,  1.36s/it][A

eval:  32%|███▎      | 26/80 [00:34<01:19,  1.48s/it][A

eval:  34%|███▍      | 27/80 [00:35<01:09,  1.32s/it][A

eval:  35%|███▌      | 28/80 [00:37<01:21,  1.56s/it][A

eval:  36%|███▋      | 29/80 [00:38<01:07,  1.32s/it][A

eval:  38%|███▊      | 30/80 [00:40<01:18,  1.57s/it][A

eval:  39%|███▉      | 31/80 [00:41<01:05,  1.33s/it][A

eval:  40%|████      | 32/80 [00:43<01:16,  1.60s/it][A

eval:  41%|████▏     | 33/80 [00:44<01:04,  1.38s/it][A

eval:  42%|████▎     | 34/80 [00:46<01:04,  1.40s/it][A

eval:  44%|████▍     | 35/80 [00:46<00:55,  1.22s/it][A

eval:  45%|████▌     | 36/80 [00:47<00:49,  1.13s/it][A

eval:  46%|████▋     | 37/80 [00:48<00:46,  1.09s/it][A

eval:  48%|████▊     | 38/80 [00:49<00:42,  1.02s/it][A

eval:  49%|████▉     | 39/80 [00:50<00:41,  1.02s/it][A

eval:  50%|█████     | 40/80 [00:51<00:36,  1.09it/s][A

eval:  51%|█████▏    | 41/80 [00:53<00:47,  1.21s/it][A

eval:  52%|█████▎    | 42/80 [00:54<00:41,  1.09s/it][A

eval:  54%|█████▍    | 43/80 [00:55<00:43,  1.17s/it][A

eval:  55%|█████▌    | 44/80 [00:56<00:42,  1.17s/it][A

eval:  56%|█████▋    | 45/80 [00:57<00:37,  1.07s/it][A

eval:  57%|█████▊    | 46/80 [00:58<00:37,  1.10s/it][A

eval:  59%|█████▉    | 47/80 [00:59<00:38,  1.15s/it][A

eval:  60%|██████    | 48/80 [01:01<00:41,  1.30s/it][A

eval:  61%|██████▏   | 49/80 [01:02<00:41,  1.34s/it][A

eval:  62%|██████▎   | 50/80 [01:03<00:35,  1.17s/it][A

eval:  64%|██████▍   | 51/80 [01:05<00:40,  1.41s/it][A

eval:  65%|██████▌   | 52/80 [01:06<00:35,  1.26s/it][A

eval:  66%|██████▋   | 53/80 [01:08<00:34,  1.29s/it][A

eval:  68%|██████▊   | 54/80 [01:09<00:35,  1.36s/it][A

eval:  69%|██████▉   | 55/80 [01:11<00:34,  1.40s/it][A

eval:  70%|███████   | 56/80 [01:12<00:34,  1.42s/it][A

eval:  71%|███████▏  | 57/80 [01:13<00:32,  1.43s/it][A

eval:  72%|███████▎  | 58/80 [01:15<00:30,  1.39s/it][A

eval:  74%|███████▍  | 59/80 [01:16<00:25,  1.21s/it][A

eval:  75%|███████▌  | 60/80 [01:18<00:29,  1.46s/it][A

eval:  76%|███████▋  | 61/80 [01:18<00:23,  1.26s/it][A

eval:  78%|███████▊  | 62/80 [01:20<00:26,  1.49s/it][A

eval:  79%|███████▉  | 63/80 [01:21<00:22,  1.32s/it][A

eval:  80%|████████  | 64/80 [01:23<00:24,  1.52s/it][A

eval:  81%|████████▏ | 65/80 [01:24<00:19,  1.30s/it][A

eval:  82%|████████▎ | 66/80 [01:26<00:18,  1.34s/it][A

eval:  84%|████████▍ | 67/80 [01:27<00:17,  1.38s/it][A

eval:  85%|████████▌ | 68/80 [01:28<00:16,  1.40s/it][A

eval:  86%|████████▋ | 69/80 [01:30<00:15,  1.41s/it][A

eval:  88%|████████▊ | 70/80 [01:31<00:14,  1.44s/it][A

eval:  89%|████████▉ | 71/80 [01:33<00:12,  1.44s/it][A

eval:  90%|█████████ | 72/80 [01:34<00:11,  1.45s/it][A

eval:  91%|█████████▏| 73/80 [01:36<00:10,  1.43s/it][A

eval:  92%|█████████▎| 74/80 [01:36<00:07,  1.24s/it][A

eval:  94%|█████████▍| 75/80 [01:38<00:06,  1.38s/it][A

eval:  95%|█████████▌| 76/80 [01:39<00:05,  1.27s/it][A

eval:  96%|█████████▋| 77/80 [01:41<00:04,  1.51s/it][A

eval:  98%|█████████▊| 78/80 [01:42<00:02,  1.29s/it][A

eval:  99%|█████████▉| 79/80 [01:44<00:01,  1.34s/it][A

eval: 100%|██████████| 80/80 [01:44<00:00,  1.17s/it][A

                                                     [A2026-05-12 07:35:13 | INFO | __main__ | eval.py:43 | [EVAL_SAMPLE] idx=0 pred=false gold=barely-true output=Label: B explain=Hartzler said, "We have less Americans working now than in the ‘70s." The statistics Hartzler’s staff said she cited show the employment-population ratio and labor force participation rate was indeed higher in 1979 than in 2015. However,... prompt=<|im_start|>system
You are a careful fact-checking assistant for LIAR-RAW claims. Classify claims using only the claim and retrieved evidence supplied by the user.<|im_end|>
<|im_start|>user
Classify the claim into exactly one LIAR-RAW l...
2026-05-12 07:35:13 | INFO | __main__ | eval.py:43 | [EVAL_SAMPLE] idx=0 pred=false gold=barely-true output=Label: B explain=Hartzler said, "We have less Americans working now than in the ‘70s." The statistics Hartzler’s staff said she cited show the employment-population ratio and labor force participation rate was indeed higher in 1979 than in 2015. However,... prompt=<|im_start|>system
You are a careful fact-checking assistant for LIAR-RAW claims. Classify claims using only the claim and retrieved evidence supplied by the user.<|im_end|>
<|im_start|>user
Classify the claim into exactly one LIAR-RAW l...
2026-05-12 07:35:13 | INFO | __main__ | eval.py:43 | [EVAL_SAMPLE] idx=1 pred=false gold=pants-fire output=Label: B explain=Ellison used a Koran that once belonged to Thomas Jefferson, borrowing the rare book from the Library of Congress. It goes without saying that Ellison is not Obama. UPDATE: Barack Obama resigned from Trinity United Church of Christ on Ma... prompt=<|im_start|>system
You are a careful fact-checking assistant for LIAR-RAW claims. Classify claims using only the claim and retrieved evidence supplied by the user.<|im_end|>
<|im_start|>user
Classify the claim into exactly one LIAR-RAW l...
2026-05-12 07:35:13 | INFO | __main__ | eval.py:43 | [EVAL_SAMPLE] idx=1 pred=false gold=pants-fire output=Label: B explain=Ellison used a Koran that once belonged to Thomas Jefferson, borrowing the rare book from the Library of Congress. It goes without saying that Ellison is not Obama. UPDATE: Barack Obama resigned from Trinity United Church of Christ on Ma... prompt=<|im_start|>system
You are a careful fact-checking assistant for LIAR-RAW claims. Classify claims using only the claim and retrieved evidence supplied by the user.<|im_end|>
<|im_start|>user
Classify the claim into exactly one LIAR-RAW l...
2026-05-12 07:35:13 | INFO | __main__ | eval.py:43 | [EVAL_SAMPLE] idx=2 pred=half-true gold=false output=Label: D explain=However, we have two professors who say the law is silent on political activity -- even if one of them sees an implicit prohibition -- and a plain reading of the law that states no explicit ban. Blumenauer said that "the statute a hundre... prompt=<|im_start|>system
You are a careful fact-checking assistant for LIAR-RAW claims. Classify claims using only the claim and retrieved evidence supplied by the user.<|im_end|>
<|im_start|>user
Classify the claim into exactly one LIAR-RAW l...
2026-05-12 07:35:13 | INFO | __main__ | trainer.py:566 | [eval] step=100 accuracy=0.2500 macro_precision=0.2687 macro_recall=0.2557 macro_f1=0.2465 parse_error_rate=0.0000
2026-05-12 07:35:13 | INFO | __main__ | trainer.py:566 | [eval] per_class:
2026-05-12 07:35:13 | INFO | __main__ | trainer.py:566 |   - barely-true: P=0.2058 R=0.2700 F1=0.2336
2026-05-12 07:35:13 | INFO | __main__ | trainer.py:566 |   - false: P=0.2730 R=0.3065 F1=0.2888
2026-05-12 07:35:13 | INFO | __main__ | trainer.py:566 |   - half-true: P=0.2379 R=0.2805 F1=0.2575
2026-05-12 07:35:13 | INFO | __main__ | trainer.py:566 |   - mostly-true: P=0.3607 R=0.0876 F1=0.1410
2026-05-12 07:35:13 | INFO | __main__ | trainer.py:566 |   - pants-fire: P=0.2857 R=0.2759 F1=0.2807
2026-05-12 07:35:13 | INFO | __main__ | trainer.py:566 |   - true: P=0.2488 R=0.3136 F1=0.2775
2026-05-12 07:35:17 | WARNING | sft.data.io | io.py:87 | [WARN] saved adapter has no LoRA tensors; rebuilding adapter weights from model state.
2026-05-12 07:35:17 | WARNING | sft.data.io | io.py:100 | [WARN] Rewrote /data/liaozijie/fact-checking/outputs/runs/mmr_lambda_sweep/build.retrieval.mmr_lambda-0.8__b81213ae/train/best/adapter_model.safetensors with 392 LoRA tensors collected from the in-memory model.
2026-05-12 07:35:21 | WARNING | sft.data.io | io.py:87 | [WARN] saved adapter has no LoRA tensors; rebuilding adapter weights from model state.
2026-05-12 07:35:22 | WARNING | sft.data.io | io.py:100 | [WARN] Rewrote /data/liaozijie/fact-checking/outputs/runs/mmr_lambda_sweep/build.retrieval.mmr_lambda-0.8__b81213ae/train/checkpoint-100/adapter_model.safetensors with 392 LoRA tensors collected from the in-memory model.

 16%|█▌        | 101/630 [18:16<6:17:23, 42.80s/it]
 16%|█▌        | 102/630 [18:26<4:49:51, 32.94s/it]
 16%|█▋        | 103/630 [18:34<3:43:54, 25.49s/it]
 17%|█▋        | 104/630 [18:42<2:56:27, 20.13s/it]
 17%|█▋        | 105/630 [18:49<2:22:05, 16.24s/it]
 17%|█▋        | 106/630 [18:56<1:56:48, 13.37s/it]
 17%|█▋        | 107/630 [19:07<1:50:07, 12.63s/it]
 17%|█▋        | 108/630 [19:18<1:46:40, 12.26s/it]
 17%|█▋        | 109/630 [19:27<1:38:50, 11.38s/it]
 17%|█▋        | 110/630 [19:35<1:29:44, 10.35s/it]
 18%|█▊        | 111/630 [19:43<1:22:13,  9.51s/it]
 18%|█▊        | 112/630 [19:49<1:14:47,  8.66s/it]
 18%|█▊        | 113/630 [20:00<1:19:41,  9.25s/it]
 18%|█▊        | 114/630 [20:11<1:23:18,  9.69s/it]
 18%|█▊        | 115/630 [20:19<1:19:45,  9.29s/it]
 18%|█▊        | 116/630 [20:27<1:16:30,  8.93s/it]
 19%|█▊        | 117/630 [20:35<1:13:27,  8.59s/it]
 19%|█▊        | 118/630 [20:42<1:08:31,  8.03s/it]
 19%|█▉        | 119/630 [20:52<1:13:24,  8.62s/it]
 19%|█▉        | 120/630 [21:01<1:15:16,  8.86s/it]
 19%|█▉        | 121/630 [21:09<1:13:05,  8.62s/it]
 19%|█▉        | 122/630 [21:19<1:15:59,  8.98s/it]
 20%|█▉        | 123/630 [21:28<1:15:35,  8.95s/it]
 20%|█▉        | 124/630 [21:35<1:10:57,  8.41s/it]
 20%|█▉        | 125/630 [21:41<1:04:31,  7.67s/it]
 20%|██        | 126/630 [21:53<1:15:29,  8.99s/it]
 20%|██        | 127/630 [22:02<1:15:13,  8.97s/it]
 20%|██        | 128/630 [22:11<1:15:08,  8.98s/it]
 20%|██        | 129/630 [22:19<1:12:54,  8.73s/it]
 21%|██        | 130/630 [22:27<1:10:10,  8.42s/it]
 21%|██        | 131/630 [22:34<1:07:04,  8.06s/it]
 21%|██        | 132/630 [22:45<1:13:10,  8.82s/it]
 21%|██        | 133/630 [22:54<1:15:07,  9.07s/it]
 21%|██▏       | 134/630 [23:03<1:12:48,  8.81s/it]
 21%|██▏       | 135/630 [23:10<1:09:46,  8.46s/it]
 22%|██▏       | 136/630 [23:18<1:06:57,  8.13s/it]
 22%|██▏       | 137/630 [23:25<1:04:57,  7.90s/it]
 22%|██▏       | 138/630 [23:35<1:10:58,  8.66s/it]
 22%|██▏       | 139/630 [23:45<1:12:32,  8.87s/it]
 22%|██▏       | 140/630 [23:54<1:13:33,  9.01s/it]
 22%|██▏       | 141/630 [24:02<1:10:27,  8.65s/it]
 23%|██▎       | 142/630 [24:09<1:07:23,  8.29s/it]
 23%|██▎       | 143/630 [24:16<1:04:16,  7.92s/it]
 23%|██▎       | 144/630 [24:27<1:10:21,  8.69s/it]
 23%|██▎       | 145/630 [24:38<1:16:35,  9.48s/it]
 23%|██▎       | 146/630 [24:48<1:16:13,  9.45s/it]
 23%|██▎       | 147/630 [24:57<1:16:30,  9.50s/it]
 23%|██▎       | 148/630 [25:05<1:12:19,  9.00s/it]
 24%|██▎       | 149/630 [25:12<1:07:01,  8.36s/it]
 24%|██▍       | 150/630 [25:19<1:04:02,  8.01s/it]

eval:   0%|          | 0/80 [00:00<?, ?it/s][A

eval:   1%|▏         | 1/80 [00:00<01:09,  1.14it/s][A

eval:   2%|▎         | 2/80 [00:01<01:15,  1.03it/s][A

eval:   4%|▍         | 3/80 [00:03<01:26,  1.13s/it][A

eval:   5%|▌         | 4/80 [00:04<01:22,  1.08s/it][A

eval:   6%|▋         | 5/80 [00:06<01:41,  1.35s/it][A

eval:   8%|▊         | 6/80 [00:06<01:24,  1.15s/it][A

eval:   9%|▉         | 7/80 [00:08<01:30,  1.23s/it][A

eval:  10%|█         | 8/80 [00:09<01:36,  1.34s/it][A

eval:  11%|█▏        | 9/80 [00:11<01:35,  1.34s/it][A

eval:  12%|█▎        | 10/80 [00:12<01:37,  1.40s/it][A

eval:  14%|█▍        | 11/80 [00:15<02:00,  1.74s/it][A

eval:  15%|█▌        | 12/80 [00:16<01:41,  1.49s/it][A

eval:  16%|█▋        | 13/80 [00:16<01:26,  1.28s/it][A

eval:  18%|█▊        | 14/80 [00:17<01:15,  1.14s/it][A

eval:  19%|█▉        | 15/80 [00:18<01:13,  1.14s/it][A

eval:  20%|██        | 16/80 [00:19<01:05,  1.03s/it][A

eval:  21%|██▏       | 17/80 [00:20<01:05,  1.04s/it][A

eval:  22%|██▎       | 18/80 [00:21<01:05,  1.05s/it][A

eval:  24%|██▍       | 19/80 [00:22<00:58,  1.04it/s][A

eval:  25%|██▌       | 20/80 [00:23<01:04,  1.07s/it][A

eval:  26%|██▋       | 21/80 [00:25<01:04,  1.10s/it][A

eval:  28%|██▊       | 22/80 [00:25<00:58,  1.01s/it][A

eval:  29%|██▉       | 23/80 [00:27<01:03,  1.12s/it][A

eval:  30%|███       | 24/80 [00:28<01:10,  1.26s/it][A

eval:  31%|███▏      | 25/80 [00:30<01:09,  1.26s/it][A

eval:  32%|███▎      | 26/80 [00:31<01:06,  1.24s/it][A

eval:  34%|███▍      | 27/80 [00:32<01:00,  1.15s/it][A

eval:  35%|███▌      | 28/80 [00:34<01:11,  1.38s/it][A

eval:  36%|███▋      | 29/80 [00:34<01:00,  1.19s/it][A

eval:  38%|███▊      | 30/80 [00:36<01:01,  1.23s/it][A

eval:  39%|███▉      | 31/80 [00:37<01:01,  1.26s/it][A

eval:  40%|████      | 32/80 [00:39<01:05,  1.37s/it][A

eval:  41%|████▏     | 33/80 [00:40<01:05,  1.39s/it][A

eval:  42%|████▎     | 34/80 [00:42<01:16,  1.67s/it][A

eval:  44%|████▍     | 35/80 [00:43<01:03,  1.41s/it][A

eval:  45%|████▌     | 36/80 [00:45<01:03,  1.45s/it][A

eval:  46%|████▋     | 37/80 [00:46<01:03,  1.47s/it][A

eval:  48%|████▊     | 38/80 [00:48<01:02,  1.48s/it][A

eval:  49%|████▉     | 39/80 [00:49<01:00,  1.47s/it][A

eval:  50%|█████     | 40/80 [00:51<00:57,  1.43s/it][A

eval:  51%|█████▏    | 41/80 [00:52<00:53,  1.37s/it][A

eval:  52%|█████▎    | 42/80 [00:53<00:46,  1.21s/it][A

eval:  54%|█████▍    | 43/80 [00:54<00:42,  1.15s/it][A

eval:  55%|█████▌    | 44/80 [00:54<00:37,  1.04s/it][A

eval:  56%|█████▋    | 45/80 [00:55<00:35,  1.00s/it][A

eval:  57%|█████▊    | 46/80 [00:56<00:31,  1.07it/s][A

eval:  59%|█████▉    | 47/80 [00:57<00:30,  1.07it/s][A

eval:  60%|██████    | 48/80 [00:59<00:36,  1.13s/it][A

eval:  61%|██████▏   | 49/80 [00:59<00:32,  1.05s/it][A

eval:  62%|██████▎   | 50/80 [01:00<00:31,  1.04s/it][A

eval:  64%|██████▍   | 51/80 [01:02<00:32,  1.13s/it][A

eval:  65%|██████▌   | 52/80 [01:03<00:29,  1.06s/it][A

eval:  66%|██████▋   | 53/80 [01:05<00:34,  1.28s/it][A

eval:  68%|██████▊   | 54/80 [01:05<00:30,  1.18s/it][A

eval:  69%|██████▉   | 55/80 [01:07<00:35,  1.41s/it][A

eval:  70%|███████   | 56/80 [01:08<00:29,  1.25s/it][A

eval:  71%|███████▏  | 57/80 [01:10<00:29,  1.29s/it][A

eval:  72%|███████▎  | 58/80 [01:11<00:29,  1.32s/it][A

eval:  74%|███████▍  | 59/80 [01:12<00:28,  1.34s/it][A

eval:  75%|███████▌  | 60/80 [01:14<00:27,  1.36s/it][A

eval:  76%|███████▋  | 61/80 [01:15<00:22,  1.19s/it][A

eval:  78%|███████▊  | 62/80 [01:17<00:26,  1.45s/it][A

eval:  79%|███████▉  | 63/80 [01:18<00:22,  1.30s/it][A

eval:  80%|████████  | 64/80 [01:19<00:20,  1.30s/it][A

eval:  81%|████████▏ | 65/80 [01:20<00:17,  1.15s/it][A

eval:  82%|████████▎ | 66/80 [01:21<00:14,  1.03s/it][A

eval:  84%|████████▍ | 67/80 [01:22<00:15,  1.17s/it][A

eval:  85%|████████▌ | 68/80 [01:23<00:13,  1.10s/it][A

eval:  86%|████████▋ | 69/80 [01:24<00:13,  1.21s/it][A

eval:  88%|████████▊ | 70/80 [01:25<00:11,  1.10s/it][A

eval:  89%|████████▉ | 71/80 [01:26<00:10,  1.11s/it][A

eval:  90%|█████████ | 72/80 [01:28<00:09,  1.22s/it][A

eval:  91%|█████████▏| 73/80 [01:29<00:07,  1.08s/it][A

eval:  92%|█████████▎| 74/80 [01:31<00:07,  1.32s/it][A

eval:  94%|█████████▍| 75/80 [01:31<00:05,  1.20s/it][A

eval:  95%|█████████▌| 76/80 [01:33<00:05,  1.45s/it][A

eval:  96%|█████████▋| 77/80 [01:34<00:03,  1.26s/it][A

eval:  98%|█████████▊| 78/80 [01:36<00:02,  1.28s/it][A

eval:  99%|█████████▉| 79/80 [01:36<00:01,  1.14s/it][A

eval: 100%|██████████| 80/80 [01:37<00:00,  1.03s/it][A

                                                     [A2026-05-12 07:44:14 | INFO | __main__ | eval.py:43 | [EVAL_SAMPLE] idx=0 pred=pants-fire gold=barely-true output=Label: A explain=Hartzler said, "We have less Americans working now than in the ‘70s." The statistics Hartzler’s staff said she cited show the employment-population ratio and labor force participation rate was indeed higher in 1979 than in 2015. However,... prompt=<|im_start|>system
You are a careful fact-checking assistant for LIAR-RAW claims. Classify claims using only the claim and retrieved evidence supplied by the user.<|im_end|>
<|im_start|>user
Classify the claim into exactly one LIAR-RAW l...
2026-05-12 07:44:14 | INFO | __main__ | eval.py:43 | [EVAL_SAMPLE] idx=0 pred=pants-fire gold=barely-true output=Label: A explain=Hartzler said, "We have less Americans working now than in the ‘70s." The statistics Hartzler’s staff said she cited show the employment-population ratio and labor force participation rate was indeed higher in 1979 than in 2015. However,... prompt=<|im_start|>system
You are a careful fact-checking assistant for LIAR-RAW claims. Classify claims using only the claim and retrieved evidence supplied by the user.<|im_end|>
<|im_start|>user
Classify the claim into exactly one LIAR-RAW l...
2026-05-12 07:44:14 | INFO | __main__ | eval.py:43 | [EVAL_SAMPLE] idx=1 pred=pants-fire gold=pants-fire output=Label: A explain=Ellison used a Koran that once belonged to Thomas Jefferson, borrowing the rare book from the Library of Congress. It goes without saying that Ellison is not Obama. UPDATE: Barack Obama resigned from Trinity United Church of Christ on Ma... prompt=<|im_start|>system
You are a careful fact-checking assistant for LIAR-RAW claims. Classify claims using only the claim and retrieved evidence supplied by the user.<|im_end|>
<|im_start|>user
Classify the claim into exactly one LIAR-RAW l...
2026-05-12 07:44:14 | INFO | __main__ | eval.py:43 | [EVAL_SAMPLE] idx=1 pred=pants-fire gold=pants-fire output=Label: A explain=Ellison used a Koran that once belonged to Thomas Jefferson, borrowing the rare book from the Library of Congress. It goes without saying that Ellison is not Obama. UPDATE: Barack Obama resigned from Trinity United Church of Christ on Ma... prompt=<|im_start|>system
You are a careful fact-checking assistant for LIAR-RAW claims. Classify claims using only the claim and retrieved evidence supplied by the user.<|im_end|>
<|im_start|>user
Classify the claim into exactly one LIAR-RAW l...
2026-05-12 07:44:14 | INFO | __main__ | eval.py:43 | [EVAL_SAMPLE] idx=2 pred=half-true gold=false output=Label: D explain=However, we have two professors who say the law is silent on political activity -- even if one of them sees an implicit prohibition -- and a plain reading of the law that states no explicit ban. Blumenauer said that "the statute a hundre... prompt=<|im_start|>system
You are a careful fact-checking assistant for LIAR-RAW claims. Classify claims using only the claim and retrieved evidence supplied by the user.<|im_end|>
<|im_start|>user
Classify the claim into exactly one LIAR-RAW l...
2026-05-12 07:44:14 | INFO | __main__ | trainer.py:566 | [eval] step=150 accuracy=0.2406 macro_precision=0.3195 macro_recall=0.2825 macro_f1=0.2221 parse_error_rate=0.0000
2026-05-12 07:44:14 | INFO | __main__ | trainer.py:566 | [eval] per_class:
2026-05-12 07:44:14 | INFO | __main__ | trainer.py:566 |   - barely-true: P=0.2323 R=0.0970 F1=0.1369
2026-05-12 07:44:14 | INFO | __main__ | trainer.py:566 |   - false: P=0.2565 R=0.2261 F1=0.2403
2026-05-12 07:44:14 | INFO | __main__ | trainer.py:566 |   - half-true: P=0.2437 R=0.3171 F1=0.2756
2026-05-12 07:44:14 | INFO | __main__ | trainer.py:566 |   - mostly-true: P=0.7273 R=0.0319 F1=0.0611
2026-05-12 07:44:14 | INFO | __main__ | trainer.py:566 |   - pants-fire: P=0.2069 R=0.6207 F1=0.3103
2026-05-12 07:44:14 | INFO | __main__ | trainer.py:566 |   - true: P=0.2500 R=0.4024 F1=0.3084
2026-05-12 07:44:19 | WARNING | sft.data.io | io.py:87 | [WARN] saved adapter has no LoRA tensors; rebuilding adapter weights from model state.
2026-05-12 07:44:19 | WARNING | sft.data.io | io.py:100 | [WARN] Rewrote /data/liaozijie/fact-checking/outputs/runs/mmr_lambda_sweep/build.retrieval.mmr_lambda-0.8__b81213ae/train/checkpoint-150/adapter_model.safetensors with 392 LoRA tensors collected from the in-memory model.

 24%|██▍       | 151/630 [27:13<5:18:16, 39.87s/it]
 24%|██▍       | 152/630 [27:22<4:03:36, 30.58s/it]
 24%|██▍       | 153/630 [27:30<3:09:23, 23.82s/it]
 24%|██▍       | 154/630 [27:39<2:32:34, 19.23s/it]
 25%|██▍       | 155/630 [27:47<2:05:14, 15.82s/it]
 25%|██▍       | 156/630 [27:53<1:42:44, 13.01s/it]
 25%|██▍       | 157/630 [28:04<1:38:39, 12.51s/it]
 25%|██▌       | 158/630 [28:15<1:34:41, 12.04s/it]
 25%|██▌       | 159/630 [28:23<1:25:16, 10.86s/it]
 25%|██▌       | 160/630 [28:31<1:18:03,  9.96s/it]
 26%|██▌       | 161/630 [28:39<1:12:21,  9.26s/it]
 26%|██▌       | 162/630 [28:46<1:07:37,  8.67s/it]
 26%|██▌       | 163/630 [28:55<1:08:49,  8.84s/it]
 26%|██▌       | 164/630 [29:04<1:08:27,  8.81s/it]
 26%|██▌       | 165/630 [29:14<1:10:56,  9.15s/it]
 26%|██▋       | 166/630 [29:24<1:12:27,  9.37s/it]
 27%|██▋       | 167/630 [29:30<1:05:07,  8.44s/it]
 27%|██▋       | 168/630 [29:37<1:01:25,  7.98s/it]
 27%|██▋       | 169/630 [29:48<1:07:02,  8.73s/it]
 27%|██▋       | 170/630 [29:59<1:13:35,  9.60s/it]
 27%|██▋       | 171/630 [30:09<1:13:51,  9.65s/it]
 27%|██▋       | 172/630 [30:17<1:09:04,  9.05s/it]
 27%|██▋       | 173/630 [30:24<1:04:54,  8.52s/it]
 28%|██▊       | 174/630 [30:33<1:05:14,  8.58s/it]
 28%|██▊       | 175/630 [30:39<1:00:13,  7.94s/it]
 28%|██▊       | 176/630 [30:50<1:06:54,  8.84s/it]
 28%|██▊       | 177/630 [31:00<1:08:51,  9.12s/it]
 28%|██▊       | 178/630 [31:09<1:07:47,  9.00s/it]
 28%|██▊       | 179/630 [31:18<1:07:33,  8.99s/it]
 29%|██▊       | 180/630 [31:25<1:04:34,  8.61s/it]
 29%|██▊       | 181/630 [31:32<1:00:12,  8.05s/it]
 29%|██▉       | 182/630 [31:42<1:04:13,  8.60s/it]
 29%|██▉       | 183/630 [31:52<1:08:07,  9.15s/it]
 29%|██▉       | 184/630 [32:01<1:06:57,  9.01s/it]
 29%|██▉       | 185/630 [32:09<1:03:23,  8.55s/it]
 30%|██▉       | 186/630 [32:16<1:01:24,  8.30s/it]
 30%|██▉       | 187/630 [32:24<59:34,  8.07s/it]  
 30%|██▉       | 188/630 [32:35<1:06:05,  8.97s/it]
 30%|███       | 189/630 [32:47<1:12:27,  9.86s/it]
 30%|███       | 190/630 [32:57<1:12:09,  9.84s/it]
 30%|███       | 191/630 [33:05<1:09:12,  9.46s/it]
 30%|███       | 192/630 [33:13<1:05:17,  8.94s/it]
 31%|███       | 193/630 [33:21<1:02:54,  8.64s/it]
 31%|███       | 194/630 [33:32<1:08:56,  9.49s/it]
 31%|███       | 195/630 [33:44<1:14:30, 10.28s/it]
 31%|███       | 196/630 [33:53<1:11:20,  9.86s/it]
 31%|███▏      | 197/630 [34:02<1:08:37,  9.51s/it]
 31%|███▏      | 198/630 [34:10<1:05:46,  9.14s/it]
 32%|███▏      | 199/630 [34:18<1:02:15,  8.67s/it]
 32%|███▏      | 200/630 [34:24<56:26,  7.88s/it]  

eval:   0%|          | 0/80 [00:00<?, ?it/s][A

eval:   1%|▏         | 1/80 [00:01<01:32,  1.17s/it][A

eval:   2%|▎         | 2/80 [00:01<01:09,  1.12it/s][A

eval:   4%|▍         | 3/80 [00:02<01:11,  1.07it/s][A

eval:   5%|▌         | 4/80 [00:04<01:27,  1.15s/it][A

eval:   6%|▋         | 5/80 [00:05<01:16,  1.02s/it][A

eval:   8%|▊         | 6/80 [00:06<01:18,  1.06s/it][A

eval:   9%|▉         | 7/80 [00:07<01:23,  1.15s/it][A

eval:  10%|█         | 8/80 [00:09<01:28,  1.23s/it][A

eval:  11%|█▏        | 9/80 [00:10<01:30,  1.28s/it][A

eval:  12%|█▎        | 10/80 [00:11<01:21,  1.17s/it][A

eval:  14%|█▍        | 11/80 [00:13<01:47,  1.55s/it][A

eval:  15%|█▌        | 12/80 [00:15<01:44,  1.53s/it][A

eval:  16%|█▋        | 13/80 [00:16<01:39,  1.48s/it][A

eval:  18%|█▊        | 14/80 [00:17<01:23,  1.27s/it][A

eval:  19%|█▉        | 15/80 [00:19<01:40,  1.54s/it][A

eval:  20%|██        | 16/80 [00:20<01:24,  1.31s/it][A

eval:  21%|██▏       | 17/80 [00:22<01:39,  1.58s/it][A

eval:  22%|██▎       | 18/80 [00:23<01:22,  1.34s/it][A

eval:  24%|██▍       | 19/80 [00:25<01:33,  1.53s/it][A

eval:  25%|██▌       | 20/80 [00:26<01:22,  1.37s/it][A

eval:  26%|██▋       | 21/80 [00:28<01:31,  1.56s/it][A

eval:  28%|██▊       | 22/80 [00:29<01:17,  1.34s/it][A

eval:  29%|██▉       | 23/80 [00:31<01:29,  1.57s/it][A

eval:  30%|███       | 24/80 [00:32<01:20,  1.44s/it][A

eval:  31%|███▏      | 25/80 [00:33<01:17,  1.41s/it][A

eval:  32%|███▎      | 26/80 [00:34<01:04,  1.19s/it][A

eval:  34%|███▍      | 27/80 [00:35<00:59,  1.12s/it][A

eval:  35%|███▌      | 28/80 [00:37<01:14,  1.42s/it][A

eval:  36%|███▋      | 29/80 [00:38<01:02,  1.23s/it][A

eval:  38%|███▊      | 30/80 [00:40<01:13,  1.46s/it][A

eval:  39%|███▉      | 31/80 [00:40<01:01,  1.25s/it][A

eval:  40%|████      | 32/80 [00:43<01:14,  1.55s/it][A

eval:  41%|████▏     | 33/80 [00:44<01:03,  1.34s/it][A

eval:  42%|████▎     | 34/80 [00:46<01:14,  1.63s/it][A

eval:  44%|████▍     | 35/80 [00:47<01:02,  1.39s/it][A

eval:  45%|████▌     | 36/80 [00:49<01:12,  1.64s/it][A

eval:  46%|████▋     | 37/80 [00:50<01:02,  1.45s/it][A

eval:  48%|████▊     | 38/80 [00:51<01:00,  1.44s/it][A

eval:  49%|████▉     | 39/80 [00:52<00:51,  1.26s/it][A

eval:  50%|█████     | 40/80 [00:53<00:43,  1.08s/it][A

eval:  51%|█████▏    | 41/80 [00:55<00:51,  1.32s/it][A

eval:  52%|█████▎    | 42/80 [00:56<00:45,  1.19s/it][A

eval:  54%|█████▍    | 43/80 [00:58<00:56,  1.53s/it][A

eval:  55%|█████▌    | 44/80 [00:59<00:47,  1.31s/it][A

eval:  56%|█████▋    | 45/80 [01:00<00:46,  1.34s/it][A

eval:  57%|█████▊    | 46/80 [01:01<00:39,  1.17s/it][A

eval:  59%|█████▉    | 47/80 [01:02<00:35,  1.09s/it][A

eval:  60%|██████    | 48/80 [01:04<00:41,  1.30s/it][A

eval:  61%|██████▏   | 49/80 [01:05<00:37,  1.20s/it][A

eval:  62%|██████▎   | 50/80 [01:06<00:37,  1.26s/it][A

eval:  64%|██████▍   | 51/80 [01:07<00:33,  1.14s/it][A

eval:  65%|██████▌   | 52/80 [01:09<00:37,  1.35s/it][A

eval:  66%|██████▋   | 53/80 [01:10<00:31,  1.18s/it][A

eval:  68%|██████▊   | 54/80 [01:11<00:31,  1.23s/it][A

eval:  69%|██████▉   | 55/80 [01:12<00:31,  1.28s/it][A

eval:  70%|███████   | 56/80 [01:14<00:31,  1.30s/it][A

eval:  71%|███████▏  | 57/80 [01:15<00:30,  1.33s/it][A

eval:  72%|███████▎  | 58/80 [01:16<00:25,  1.16s/it][A

eval:  74%|███████▍  | 59/80 [01:18<00:29,  1.40s/it][A

eval:  75%|███████▌  | 60/80 [01:19<00:24,  1.22s/it][A

eval:  76%|███████▋  | 61/80 [01:20<00:24,  1.27s/it][A

eval:  78%|███████▊  | 62/80 [01:21<00:23,  1.33s/it][A

eval:  79%|███████▉  | 63/80 [01:23<00:23,  1.41s/it][A

eval:  80%|████████  | 64/80 [01:24<00:22,  1.39s/it][A

eval:  81%|████████▏ | 65/80 [01:26<00:21,  1.41s/it][A

eval:  82%|████████▎ | 66/80 [01:27<00:19,  1.40s/it][A

eval:  84%|████████▍ | 67/80 [01:28<00:16,  1.24s/it][A

eval:  85%|████████▌ | 68/80 [01:29<00:13,  1.10s/it][A

eval:  86%|████████▋ | 69/80 [01:30<00:11,  1.02s/it][A

eval:  88%|████████▊ | 70/80 [01:31<00:10,  1.02s/it][A

eval:  89%|████████▉ | 71/80 [01:31<00:08,  1.04it/s][A

eval:  90%|█████████ | 72/80 [01:32<00:07,  1.02it/s][A

eval:  91%|█████████▏| 73/80 [01:34<00:07,  1.02s/it][A

eval:  92%|█████████▎| 74/80 [01:34<00:05,  1.05it/s][A

eval:  94%|█████████▍| 75/80 [01:36<00:06,  1.22s/it][A

eval:  95%|█████████▌| 76/80 [01:37<00:04,  1.16s/it][A

eval:  96%|█████████▋| 77/80 [01:39<00:03,  1.21s/it][A

eval:  98%|█████████▊| 78/80 [01:40<00:02,  1.22s/it][A

eval:  99%|█████████▉| 79/80 [01:41<00:01,  1.10s/it][A

eval: 100%|██████████| 80/80 [01:43<00:00,  1.38s/it][A

                                                     [A2026-05-12 07:53:24 | INFO | __main__ | eval.py:43 | [EVAL_SAMPLE] idx=0 pred=false gold=barely-true output=Label: B explain=Hartzler said, "We have less Americans working now than in the ‘70s." The statistics Hartzler’s staff said she cited show the employment-population ratio and labor force participation rate was indeed higher in 1979 than in 2015. However,... prompt=<|im_start|>system
You are a careful fact-checking assistant for LIAR-RAW claims. Classify claims using only the claim and retrieved evidence supplied by the user.<|im_end|>
<|im_start|>user
Classify the claim into exactly one LIAR-RAW l...
2026-05-12 07:53:24 | INFO | __main__ | eval.py:43 | [EVAL_SAMPLE] idx=0 pred=false gold=barely-true output=Label: B explain=Hartzler said, "We have less Americans working now than in the ‘70s." The statistics Hartzler’s staff said she cited show the employment-population ratio and labor force participation rate was indeed higher in 1979 than in 2015. However,... prompt=<|im_start|>system
You are a careful fact-checking assistant for LIAR-RAW claims. Classify claims using only the claim and retrieved evidence supplied by the user.<|im_end|>
<|im_start|>user
Classify the claim into exactly one LIAR-RAW l...
2026-05-12 07:53:24 | INFO | __main__ | eval.py:43 | [EVAL_SAMPLE] idx=1 pred=pants-fire gold=pants-fire output=Label: A explain=Ellison used a Koran that once belonged to Thomas Jefferson, borrowing the rare book from the Library of Congress. It goes without saying that Ellison is not Obama. UPDATE: Barack Obama resigned from Trinity United Church of Christ on Ma... prompt=<|im_start|>system
You are a careful fact-checking assistant for LIAR-RAW claims. Classify claims using only the claim and retrieved evidence supplied by the user.<|im_end|>
<|im_start|>user
Classify the claim into exactly one LIAR-RAW l...
2026-05-12 07:53:24 | INFO | __main__ | eval.py:43 | [EVAL_SAMPLE] idx=1 pred=pants-fire gold=pants-fire output=Label: A explain=Ellison used a Koran that once belonged to Thomas Jefferson, borrowing the rare book from the Library of Congress. It goes without saying that Ellison is not Obama. UPDATE: Barack Obama resigned from Trinity United Church of Christ on Ma... prompt=<|im_start|>system
You are a careful fact-checking assistant for LIAR-RAW claims. Classify claims using only the claim and retrieved evidence supplied by the user.<|im_end|>
<|im_start|>user
Classify the claim into exactly one LIAR-RAW l...
2026-05-12 07:53:24 | INFO | __main__ | eval.py:43 | [EVAL_SAMPLE] idx=2 pred=mostly-true gold=false output=Label: E explain=However, we have two professors who say the law is silent on political activity -- even if one of them sees an implicit prohibition -- and a plain reading of the law that states no explicit ban. Blumenauer said that "the statute a hundre... prompt=<|im_start|>system
You are a careful fact-checking assistant for LIAR-RAW claims. Classify claims using only the claim and retrieved evidence supplied by the user.<|im_end|>
<|im_start|>user
Classify the claim into exactly one LIAR-RAW l...
2026-05-12 07:53:24 | INFO | __main__ | trainer.py:566 | [eval] step=200 accuracy=0.2672 macro_precision=0.2869 macro_recall=0.2894 macro_f1=0.2660 parse_error_rate=0.0000
2026-05-12 07:53:24 | INFO | __main__ | trainer.py:566 | [eval] per_class:
2026-05-12 07:53:24 | INFO | __main__ | trainer.py:566 |   - barely-true: P=0.2489 R=0.2321 F1=0.2402
2026-05-12 07:53:24 | INFO | __main__ | trainer.py:566 |   - false: P=0.2557 R=0.3410 F1=0.2923
2026-05-12 07:53:24 | INFO | __main__ | trainer.py:566 |   - half-true: P=0.2547 R=0.2195 F1=0.2358
2026-05-12 07:53:24 | INFO | __main__ | trainer.py:566 |   - mostly-true: P=0.4306 R=0.1235 F1=0.1920
2026-05-12 07:53:24 | INFO | __main__ | trainer.py:566 |   - pants-fire: P=0.2478 R=0.4828 F1=0.3275
2026-05-12 07:53:24 | INFO | __main__ | trainer.py:566 |   - true: P=0.2836 R=0.3373 F1=0.3081
2026-05-12 07:53:28 | WARNING | sft.data.io | io.py:87 | [WARN] saved adapter has no LoRA tensors; rebuilding adapter weights from model state.
2026-05-12 07:53:28 | WARNING | sft.data.io | io.py:100 | [WARN] Rewrote /data/liaozijie/fact-checking/outputs/runs/mmr_lambda_sweep/build.retrieval.mmr_lambda-0.8__b81213ae/train/best/adapter_model.safetensors with 392 LoRA tensors collected from the in-memory model.
2026-05-12 07:53:33 | WARNING | sft.data.io | io.py:87 | [WARN] saved adapter has no LoRA tensors; rebuilding adapter weights from model state.
2026-05-12 07:53:33 | WARNING | sft.data.io | io.py:100 | [WARN] Rewrote /data/liaozijie/fact-checking/outputs/runs/mmr_lambda_sweep/build.retrieval.mmr_lambda-0.8__b81213ae/train/checkpoint-200/adapter_model.safetensors with 392 LoRA tensors collected from the in-memory model.

 32%|███▏      | 201/630 [36:27<5:04:04, 42.53s/it]
 32%|███▏      | 202/630 [36:36<3:51:00, 32.38s/it]
 32%|███▏      | 203/630 [36:45<2:59:59, 25.29s/it]
 32%|███▏      | 204/630 [36:53<2:23:36, 20.23s/it]
 33%|███▎      | 205/630 [37:00<1:55:05, 16.25s/it]
 33%|███▎      | 206/630 [37:07<1:34:40, 13.40s/it]
 33%|███▎      | 207/630 [37:18<1:29:48, 12.74s/it]
 33%|███▎      | 208/630 [37:27<1:21:32, 11.59s/it]
 33%|███▎      | 209/630 [37:36<1:16:34, 10.91s/it]
 33%|███▎      | 210/630 [37:45<1:11:44, 10.25s/it]
 33%|███▎      | 211/630 [37:54<1:08:19,  9.79s/it]
 34%|███▎      | 212/630 [38:00<1:01:25,  8.82s/it]
 34%|███▍      | 213/630 [38:09<1:01:27,  8.84s/it]
 34%|███▍      | 214/630 [38:20<1:05:24,  9.43s/it]
 34%|███▍      | 215/630 [38:28<1:03:00,  9.11s/it]
 34%|███▍      | 216/630 [38:37<1:01:45,  8.95s/it]
 34%|███▍      | 217/630 [38:44<57:21,  8.33s/it]  
 35%|███▍      | 218/630 [38:51<55:22,  8.07s/it]
 35%|███▍      | 219/630 [39:00<56:29,  8.25s/it]
 35%|███▍      | 220/630 [39:11<1:01:43,  9.03s/it]
 35%|███▌      | 221/630 [39:19<1:00:21,  8.85s/it]
 35%|███▌      | 222/630 [39:29<1:01:56,  9.11s/it]
 35%|███▌      | 223/630 [39:36<57:24,  8.46s/it]  
 36%|███▌      | 224/630 [39:44<56:57,  8.42s/it]
 36%|███▌      | 225/630 [39:50<52:05,  7.72s/it]
 36%|███▌      | 226/630 [40:01<57:46,  8.58s/it]
 36%|███▌      | 227/630 [40:12<1:03:34,  9.47s/it]
 36%|███▌      | 228/630 [40:22<1:03:36,  9.49s/it]
 36%|███▋      | 229/630 [40:30<1:00:24,  9.04s/it]
 37%|███▋      | 230/630 [40:36<54:27,  8.17s/it]  
 37%|███▋      | 231/630 [40:42<50:06,  7.54s/it]
 37%|███▋      | 232/630 [40:55<1:00:36,  9.14s/it]
 37%|███▋      | 233/630 [41:05<1:02:26,  9.44s/it]
 37%|███▋      | 234/630 [41:14<1:01:54,  9.38s/it]
 37%|███▋      | 235/630 [41:22<58:50,  8.94s/it]  
 37%|███▋      | 236/630 [41:29<54:10,  8.25s/it]
 38%|███▊      | 237/630 [41:35<49:44,  7.59s/it]
 38%|███▊      | 238/630 [41:44<51:41,  7.91s/it]
 38%|███▊      | 239/630 [41:55<58:54,  9.04s/it]
 38%|███▊      | 240/630 [42:04<58:07,  8.94s/it]
 38%|███▊      | 241/630 [42:12<55:27,  8.55s/it]
 38%|███▊      | 242/630 [42:19<53:18,  8.24s/it]
 39%|███▊      | 243/630 [42:27<52:12,  8.09s/it]
 39%|███▊      | 244/630 [42:36<53:29,  8.32s/it]
 39%|███▉      | 245/630 [42:46<57:19,  8.93s/it]
 39%|███▉      | 246/630 [42:54<54:47,  8.56s/it]
 39%|███▉      | 247/630 [43:02<54:33,  8.55s/it]
 39%|███▉      | 248/630 [43:10<52:48,  8.29s/it]
 40%|███▉      | 249/630 [43:18<51:54,  8.18s/it]
 40%|███▉      | 250/630 [43:24<48:26,  7.65s/it]

eval:   0%|          | 0/80 [00:00<?, ?it/s][A

eval:   1%|▏         | 1/80 [00:00<01:08,  1.15it/s][A

eval:   2%|▎         | 2/80 [00:01<01:04,  1.21it/s][A

eval:   4%|▍         | 3/80 [00:02<01:11,  1.07it/s][A

eval:   5%|▌         | 4/80 [00:03<01:13,  1.04it/s][A

eval:   6%|▋         | 5/80 [00:04<01:16,  1.02s/it][A

eval:   8%|▊         | 6/80 [00:06<01:19,  1.07s/it][A

eval:   9%|▉         | 7/80 [00:06<01:12,  1.00it/s][A

eval:  10%|█         | 8/80 [00:08<01:33,  1.29s/it][A

eval:  11%|█▏        | 9/80 [00:09<01:19,  1.12s/it][A

eval:  12%|█▎        | 10/80 [00:10<01:23,  1.20s/it][A

eval:  14%|█▍        | 11/80 [00:12<01:36,  1.40s/it][A

eval:  15%|█▌        | 12/80 [00:14<01:48,  1.59s/it][A

eval:  16%|█▋        | 13/80 [00:15<01:30,  1.35s/it][A

eval:  18%|█▊        | 14/80 [00:16<01:29,  1.36s/it][A

eval:  19%|█▉        | 15/80 [00:18<01:33,  1.44s/it][A

eval:  20%|██        | 16/80 [00:20<01:43,  1.62s/it][A

eval:  21%|██▏       | 17/80 [00:21<01:29,  1.42s/it][A

eval:  22%|██▎       | 18/80 [00:22<01:15,  1.22s/it][A

eval:  24%|██▍       | 19/80 [00:23<01:06,  1.09s/it][A

eval:  25%|██▌       | 20/80 [00:24<01:05,  1.10s/it][A

eval:  26%|██▋       | 21/80 [00:25<00:59,  1.01s/it][A

eval:  28%|██▊       | 22/80 [00:25<00:55,  1.05it/s][A

eval:  29%|██▉       | 23/80 [00:27<01:02,  1.10s/it][A

eval:  30%|███       | 24/80 [00:28<01:02,  1.11s/it][A

eval:  31%|███▏      | 25/80 [00:29<00:59,  1.08s/it][A

eval:  32%|███▎      | 26/80 [00:30<00:57,  1.06s/it][A

eval:  34%|███▍      | 27/80 [00:31<00:54,  1.03s/it][A

eval:  35%|███▌      | 28/80 [00:32<00:57,  1.12s/it][A

eval:  36%|███▋      | 29/80 [00:33<00:58,  1.15s/it][A

eval:  38%|███▊      | 30/80 [00:34<00:51,  1.03s/it][A

eval:  39%|███▉      | 31/80 [00:35<00:53,  1.10s/it][A

eval:  40%|████      | 32/80 [00:37<00:58,  1.23s/it][A

eval:  41%|████▏     | 33/80 [00:38<01:01,  1.30s/it][A

eval:  42%|████▎     | 34/80 [00:40<01:04,  1.41s/it][A

eval:  44%|████▍     | 35/80 [00:42<01:13,  1.63s/it][A

eval:  45%|████▌     | 36/80 [00:43<01:02,  1.42s/it][A

eval:  46%|████▋     | 37/80 [00:45<01:11,  1.67s/it][A

eval:  48%|████▊     | 38/80 [00:46<00:59,  1.42s/it][A

eval:  49%|████▉     | 39/80 [00:48<01:06,  1.61s/it][A

eval:  50%|█████     | 40/80 [00:49<00:53,  1.33s/it][A

eval:  51%|█████▏    | 41/80 [00:52<01:05,  1.68s/it][A

eval:  52%|█████▎    | 42/80 [00:52<00:53,  1.42s/it][A

eval:  54%|█████▍    | 43/80 [00:55<01:01,  1.66s/it][A

eval:  55%|█████▌    | 44/80 [00:55<00:50,  1.40s/it][A

eval:  56%|█████▋    | 45/80 [00:57<00:56,  1.60s/it][A

eval:  57%|█████▊    | 46/80 [00:58<00:46,  1.36s/it][A

eval:  59%|█████▉    | 47/80 [01:00<00:52,  1.58s/it][A

eval:  60%|██████    | 48/80 [01:02<00:53,  1.67s/it][A

eval:  61%|██████▏   | 49/80 [01:04<00:50,  1.62s/it][A

eval:  62%|██████▎   | 50/80 [01:04<00:41,  1.37s/it][A

eval:  64%|██████▍   | 51/80 [01:07<00:46,  1.61s/it][A

eval:  65%|██████▌   | 52/80 [01:08<00:44,  1.59s/it][A

eval:  66%|██████▋   | 53/80 [01:10<00:41,  1.53s/it][A

eval:  68%|██████▊   | 54/80 [01:11<00:39,  1.52s/it][A

eval:  69%|██████▉   | 55/80 [01:12<00:37,  1.48s/it][A

eval:  70%|███████   | 56/80 [01:13<00:31,  1.29s/it][A

eval:  71%|███████▏  | 57/80 [01:15<00:34,  1.51s/it][A

eval:  72%|███████▎  | 58/80 [01:16<00:28,  1.29s/it][A

eval:  74%|███████▍  | 59/80 [01:18<00:31,  1.52s/it][A

eval:  75%|███████▌  | 60/80 [01:19<00:26,  1.31s/it][A

eval:  76%|███████▋  | 61/80 [01:20<00:25,  1.34s/it][A

eval:  78%|███████▊  | 62/80 [01:22<00:24,  1.37s/it][A

eval:  79%|███████▉  | 63/80 [01:23<00:23,  1.39s/it][A

eval:  80%|████████  | 64/80 [01:25<00:22,  1.44s/it][A

eval:  81%|████████▏ | 65/80 [01:26<00:21,  1.43s/it][A

eval:  82%|████████▎ | 66/80 [01:27<00:17,  1.23s/it][A

eval:  84%|████████▍ | 67/80 [01:28<00:14,  1.15s/it][A

eval:  85%|████████▌ | 68/80 [01:29<00:12,  1.04s/it][A

eval:  86%|████████▋ | 69/80 [01:30<00:10,  1.02it/s][A

eval:  88%|████████▊ | 70/80 [01:30<00:09,  1.06it/s][A

eval:  89%|████████▉ | 71/80 [01:32<00:08,  1.01it/s][A

eval:  90%|█████████ | 72/80 [01:32<00:07,  1.06it/s][A

eval:  91%|█████████▏| 73/80 [01:33<00:06,  1.05it/s][A

eval:  92%|█████████▎| 74/80 [01:35<00:06,  1.04s/it][A

eval:  94%|█████████▍| 75/80 [01:36<00:05,  1.11s/it][A

eval:  95%|█████████▌| 76/80 [01:37<00:04,  1.24s/it][A

eval:  96%|█████████▋| 77/80 [01:38<00:03,  1.11s/it][A

eval:  98%|█████████▊| 78/80 [01:39<00:02,  1.13s/it][A

eval:  99%|█████████▉| 79/80 [01:41<00:01,  1.20s/it][A

eval: 100%|██████████| 80/80 [01:42<00:00,  1.24s/it][A

                                                     [A2026-05-12 08:02:24 | INFO | __main__ | eval.py:43 | [EVAL_SAMPLE] idx=0 pred=false gold=barely-true output=Label: B explain=Hartzler said, "We have less Americans working now than in the ‘70s." The statistics Hartzler’s staff said she cited show the employment-population ratio and labor force participation rate was indeed higher in 1979 than in 2015. However,... prompt=<|im_start|>system
You are a careful fact-checking assistant for LIAR-RAW claims. Classify claims using only the claim and retrieved evidence supplied by the user.<|im_end|>
<|im_start|>user
Classify the claim into exactly one LIAR-RAW l...
2026-05-12 08:02:24 | INFO | __main__ | eval.py:43 | [EVAL_SAMPLE] idx=0 pred=false gold=barely-true output=Label: B explain=Hartzler said, "We have less Americans working now than in the ‘70s." The statistics Hartzler’s staff said she cited show the employment-population ratio and labor force participation rate was indeed higher in 1979 than in 2015. However,... prompt=<|im_start|>system
You are a careful fact-checking assistant for LIAR-RAW claims. Classify claims using only the claim and retrieved evidence supplied by the user.<|im_end|>
<|im_start|>user
Classify the claim into exactly one LIAR-RAW l...
2026-05-12 08:02:24 | INFO | __main__ | eval.py:43 | [EVAL_SAMPLE] idx=1 pred=false gold=pants-fire output=Label: B explain=Ellison used a Koran that once belonged to Thomas Jefferson, borrowing the rare book from the Library of Congress. It goes without saying that Ellison is not Obama. UPDATE: Barack Obama resigned from Trinity United Church of Christ on Ma... prompt=<|im_start|>system
You are a careful fact-checking assistant for LIAR-RAW claims. Classify claims using only the claim and retrieved evidence supplied by the user.<|im_end|>
<|im_start|>user
Classify the claim into exactly one LIAR-RAW l...
2026-05-12 08:02:24 | INFO | __main__ | eval.py:43 | [EVAL_SAMPLE] idx=1 pred=false gold=pants-fire output=Label: B explain=Ellison used a Koran that once belonged to Thomas Jefferson, borrowing the rare book from the Library of Congress. It goes without saying that Ellison is not Obama. UPDATE: Barack Obama resigned from Trinity United Church of Christ on Ma... prompt=<|im_start|>system
You are a careful fact-checking assistant for LIAR-RAW claims. Classify claims using only the claim and retrieved evidence supplied by the user.<|im_end|>
<|im_start|>user
Classify the claim into exactly one LIAR-RAW l...
2026-05-12 08:02:24 | INFO | __main__ | eval.py:43 | [EVAL_SAMPLE] idx=2 pred=barely-true gold=false output=Label: C explain=However, we have two professors who say the law is silent on political activity -- even if one of them sees an implicit prohibition -- and a plain reading of the law that states no explicit ban. Blumenauer said that "the statute a hundre... prompt=<|im_start|>system
You are a careful fact-checking assistant for LIAR-RAW claims. Classify claims using only the claim and retrieved evidence supplied by the user.<|im_end|>
<|im_start|>user
Classify the claim into exactly one LIAR-RAW l...
2026-05-12 08:02:24 | INFO | __main__ | trainer.py:566 | [eval] step=250 accuracy=0.2789 macro_precision=0.3038 macro_recall=0.2937 macro_f1=0.2763 parse_error_rate=0.0000
2026-05-12 08:02:24 | INFO | __main__ | trainer.py:566 | [eval] per_class:
2026-05-12 08:02:24 | INFO | __main__ | trainer.py:566 |   - barely-true: P=0.2369 R=0.2869 F1=0.2595
2026-05-12 08:02:24 | INFO | __main__ | trainer.py:566 |   - false: P=0.2789 R=0.4061 F1=0.3307
2026-05-12 08:02:24 | INFO | __main__ | trainer.py:566 |   - half-true: P=0.2286 R=0.1301 F1=0.1658
2026-05-12 08:02:24 | INFO | __main__ | trainer.py:566 |   - mostly-true: P=0.5185 R=0.1673 F1=0.2530
2026-05-12 08:02:24 | INFO | __main__ | trainer.py:566 |   - pants-fire: P=0.2901 R=0.4052 F1=0.3381
2026-05-12 08:02:24 | INFO | __main__ | trainer.py:566 |   - true: P=0.2696 R=0.3669 F1=0.3108
2026-05-12 08:02:28 | WARNING | sft.data.io | io.py:87 | [WARN] saved adapter has no LoRA tensors; rebuilding adapter weights from model state.
2026-05-12 08:02:28 | WARNING | sft.data.io | io.py:100 | [WARN] Rewrote /data/liaozijie/fact-checking/outputs/runs/mmr_lambda_sweep/build.retrieval.mmr_lambda-0.8__b81213ae/train/best/adapter_model.safetensors with 392 LoRA tensors collected from the in-memory model.
2026-05-12 08:02:32 | WARNING | sft.data.io | io.py:87 | [WARN] saved adapter has no LoRA tensors; rebuilding adapter weights from model state.
2026-05-12 08:02:32 | WARNING | sft.data.io | io.py:100 | [WARN] Rewrote /data/liaozijie/fact-checking/outputs/runs/mmr_lambda_sweep/build.retrieval.mmr_lambda-0.8__b81213ae/train/checkpoint-250/adapter_model.safetensors with 392 LoRA tensors collected from the in-memory model.

 40%|███▉      | 251/630 [45:25<4:22:36, 41.57s/it]
 40%|████      | 252/630 [45:34<3:19:39, 31.69s/it]
 40%|████      | 253/630 [45:42<2:35:15, 24.71s/it]
 40%|████      | 254/630 [45:49<2:01:41, 19.42s/it]
 40%|████      | 255/630 [45:57<1:39:03, 15.85s/it]
 41%|████      | 256/630 [46:03<1:21:00, 12.99s/it]
 41%|████      | 257/630 [46:15<1:18:11, 12.58s/it]
 41%|████      | 258/630 [46:25<1:14:29, 12.02s/it]
 41%|████      | 259/630 [46:33<1:05:29, 10.59s/it]
 41%|████▏     | 260/630 [46:41<1:01:06,  9.91s/it]
 41%|████▏     | 261/630 [46:49<57:27,  9.34s/it]  
 42%|████▏     | 262/630 [46:56<53:59,  8.80s/it]
 42%|████▏     | 263/630 [47:05<53:28,  8.74s/it]
 42%|████▏     | 264/630 [47:15<56:15,  9.22s/it]
 42%|████▏     | 265/630 [47:25<56:37,  9.31s/it]
 42%|████▏     | 266/630 [47:33<53:35,  8.84s/it]
 42%|████▏     | 267/630 [47:40<50:57,  8.42s/it]
 43%|████▎     | 268/630 [47:47<47:17,  7.84s/it]
 43%|████▎     | 269/630 [47:55<49:01,  8.15s/it]
 43%|████▎     | 270/630 [48:08<56:19,  9.39s/it]
 43%|████▎     | 271/630 [48:19<59:54, 10.01s/it]
 43%|████▎     | 272/630 [48:28<57:29,  9.64s/it]
 43%|████▎     | 273/630 [48:36<53:44,  9.03s/it]
 43%|████▎     | 274/630 [48:43<51:12,  8.63s/it]
 44%|████▎     | 275/630 [48:49<46:06,  7.79s/it]
 44%|████▍     | 276/630 [49:00<51:45,  8.77s/it]
 44%|████▍     | 277/630 [49:10<52:39,  8.95s/it]
 44%|████▍     | 278/630 [49:19<53:53,  9.19s/it]
 44%|████▍     | 279/630 [49:27<50:15,  8.59s/it]
 44%|████▍     | 280/630 [49:34<48:30,  8.32s/it]
 45%|████▍     | 281/630 [49:41<46:35,  8.01s/it]
 45%|████▍     | 282/630 [49:54<53:53,  9.29s/it]
 45%|████▍     | 283/630 [50:04<55:36,  9.62s/it]
 45%|████▌     | 284/630 [50:13<54:47,  9.50s/it]
 45%|████▌     | 285/630 [50:21<50:57,  8.86s/it]
 45%|████▌     | 286/630 [50:29<49:24,  8.62s/it]
 46%|████▌     | 287/630 [50:35<45:47,  8.01s/it]
 46%|████▌     | 288/630 [50:44<47:27,  8.33s/it]
 46%|████▌     | 289/630 [50:53<48:14,  8.49s/it]
 46%|████▌     | 290/630 [51:03<49:32,  8.74s/it]
 46%|████▌     | 291/630 [51:11<48:44,  8.63s/it]
 46%|████▋     | 292/630 [51:18<46:12,  8.20s/it]
 47%|████▋     | 293/630 [51:26<45:27,  8.09s/it]
 47%|████▋     | 294/630 [51:36<47:48,  8.54s/it]
 47%|████▋     | 295/630 [51:46<50:55,  9.12s/it]
 47%|████▋     | 296/630 [51:57<53:15,  9.57s/it]
 47%|████▋     | 297/630 [52:05<50:23,  9.08s/it]
 47%|████▋     | 298/630 [52:13<49:03,  8.87s/it]
 47%|████▋     | 299/630 [52:20<46:01,  8.34s/it]
 48%|████▊     | 300/630 [52:27<43:34,  7.92s/it]

eval:   0%|          | 0/80 [00:00<?, ?it/s][A

eval:   1%|▏         | 1/80 [00:01<01:53,  1.43s/it][A

eval:   2%|▎         | 2/80 [00:02<01:17,  1.00it/s][A

eval:   4%|▍         | 3/80 [00:04<01:55,  1.50s/it][A

eval:   5%|▌         | 4/80 [00:05<01:57,  1.54s/it][A

eval:   6%|▋         | 5/80 [00:07<01:52,  1.50s/it][A

eval:   8%|▊         | 6/80 [00:08<01:32,  1.24s/it][A

eval:   9%|▉         | 7/80 [00:10<01:51,  1.53s/it][A

eval:  10%|█         | 8/80 [00:11<01:37,  1.35s/it][A

eval:  11%|█▏        | 9/80 [00:13<01:50,  1.56s/it][A

eval:  12%|█▎        | 10/80 [00:14<01:35,  1.36s/it][A

eval:  14%|█▍        | 11/80 [00:16<01:59,  1.74s/it][A

eval:  15%|█▌        | 12/80 [00:18<01:51,  1.65s/it][A

eval:  16%|█▋        | 13/80 [00:18<01:33,  1.39s/it][A

eval:  18%|█▊        | 14/80 [00:19<01:20,  1.22s/it][A

eval:  19%|█▉        | 15/80 [00:20<01:14,  1.15s/it][A

eval:  20%|██        | 16/80 [00:22<01:18,  1.22s/it][A

eval:  21%|██▏       | 17/80 [00:23<01:11,  1.14s/it][A

eval:  22%|██▎       | 18/80 [00:23<01:03,  1.03s/it][A

eval:  24%|██▍       | 19/80 [00:24<01:01,  1.00s/it][A

eval:  25%|██▌       | 20/80 [00:25<01:03,  1.06s/it][A

eval:  26%|██▋       | 21/80 [00:26<00:58,  1.02it/s][A

eval:  28%|██▊       | 22/80 [00:27<00:59,  1.02s/it][A

eval:  29%|██▉       | 23/80 [00:29<01:04,  1.13s/it][A

eval:  30%|███       | 24/80 [00:30<01:10,  1.26s/it][A

eval:  31%|███▏      | 25/80 [00:31<01:07,  1.23s/it][A

eval:  32%|███▎      | 26/80 [00:32<00:57,  1.07s/it][A

eval:  34%|███▍      | 27/80 [00:34<01:03,  1.19s/it][A

eval:  35%|███▌      | 28/80 [00:35<01:04,  1.24s/it][A

eval:  36%|███▋      | 29/80 [00:36<01:05,  1.29s/it][A

eval:  38%|███▊      | 30/80 [00:38<01:05,  1.31s/it][A

eval:  39%|███▉      | 31/80 [00:38<00:56,  1.15s/it][A

eval:  40%|████      | 32/80 [00:41<01:11,  1.49s/it][A

eval:  41%|████▏     | 33/80 [00:42<01:00,  1.30s/it][A

eval:  42%|████▎     | 34/80 [00:43<01:04,  1.41s/it][A

eval:  44%|████▍     | 35/80 [00:44<00:55,  1.24s/it][A

eval:  45%|████▌     | 36/80 [00:45<00:55,  1.27s/it][A

eval:  46%|████▋     | 37/80 [00:46<00:51,  1.19s/it][A

eval:  48%|████▊     | 38/80 [00:47<00:47,  1.12s/it][A

eval:  49%|████▉     | 39/80 [00:48<00:42,  1.03s/it][A

eval:  50%|█████     | 40/80 [00:49<00:36,  1.08it/s][A

eval:  51%|█████▏    | 41/80 [00:51<00:43,  1.12s/it][A

eval:  52%|█████▎    | 42/80 [00:51<00:39,  1.03s/it][A

eval:  54%|█████▍    | 43/80 [00:53<00:39,  1.07s/it][A

eval:  55%|█████▌    | 44/80 [00:54<00:39,  1.11s/it][A

eval:  56%|█████▋    | 45/80 [00:55<00:35,  1.02s/it][A

eval:  57%|█████▊    | 46/80 [00:56<00:35,  1.04s/it][A

eval:  59%|█████▉    | 47/80 [00:57<00:37,  1.13s/it][A

eval:  60%|██████    | 48/80 [00:59<00:46,  1.46s/it][A

eval:  61%|██████▏   | 49/80 [01:00<00:39,  1.28s/it][A

eval:  62%|██████▎   | 50/80 [01:01<00:39,  1.30s/it][A

eval:  64%|██████▍   | 51/80 [01:03<00:39,  1.36s/it][A

eval:  65%|██████▌   | 52/80 [01:04<00:39,  1.41s/it][A

eval:  66%|██████▋   | 53/80 [01:06<00:38,  1.41s/it][A

eval:  68%|██████▊   | 54/80 [01:07<00:37,  1.45s/it][A

eval:  69%|██████▉   | 55/80 [01:09<00:37,  1.48s/it][A

eval:  70%|███████   | 56/80 [01:10<00:35,  1.47s/it][A

eval:  71%|███████▏  | 57/80 [01:11<00:29,  1.28s/it][A

eval:  72%|███████▎  | 58/80 [01:12<00:24,  1.13s/it][A

eval:  74%|███████▍  | 59/80 [01:13<00:25,  1.22s/it][A

eval:  75%|███████▌  | 60/80 [01:14<00:21,  1.10s/it][A

eval:  76%|███████▋  | 61/80 [01:15<00:19,  1.05s/it][A

eval:  78%|███████▊  | 62/80 [01:17<00:20,  1.16s/it][A

eval:  79%|███████▉  | 63/80 [01:17<00:18,  1.09s/it][A

eval:  80%|████████  | 64/80 [01:19<00:17,  1.07s/it][A

eval:  81%|████████▏ | 65/80 [01:20<00:17,  1.19s/it][A

eval:  82%|████████▎ | 66/80 [01:21<00:16,  1.20s/it][A

eval:  84%|████████▍ | 67/80 [01:23<00:16,  1.30s/it][A

eval:  85%|████████▌ | 68/80 [01:24<00:13,  1.14s/it][A

eval:  86%|████████▋ | 69/80 [01:25<00:15,  1.39s/it][A

eval:  88%|████████▊ | 70/80 [01:26<00:12,  1.23s/it][A

eval:  89%|████████▉ | 71/80 [01:28<00:11,  1.24s/it][A

eval:  90%|█████████ | 72/80 [01:29<00:10,  1.31s/it][A

eval:  91%|█████████▏| 73/80 [01:30<00:09,  1.33s/it][A

eval:  92%|█████████▎| 74/80 [01:31<00:07,  1.23s/it][A

eval:  94%|█████████▍| 75/80 [01:32<00:05,  1.13s/it][A

eval:  95%|█████████▌| 76/80 [01:35<00:05,  1.46s/it][A

eval:  96%|█████████▋| 77/80 [01:35<00:03,  1.27s/it][A

eval:  98%|█████████▊| 78/80 [01:37<00:02,  1.30s/it][A

eval:  99%|█████████▉| 79/80 [01:38<00:01,  1.15s/it][A

eval: 100%|██████████| 80/80 [01:38<00:00,  1.08s/it][A

                                                     [A2026-05-12 08:11:23 | INFO | __main__ | eval.py:43 | [EVAL_SAMPLE] idx=0 pred=false gold=barely-true output=Label: B explain=Hartzler said, "We have less Americans working now than in the ‘70s." The statistics Hartzler’s staff said she cited show the employment-population ratio and labor force participation rate was indeed higher in 1979 than in 2015. However,... prompt=<|im_start|>system
You are a careful fact-checking assistant for LIAR-RAW claims. Classify claims using only the claim and retrieved evidence supplied by the user.<|im_end|>
<|im_start|>user
Classify the claim into exactly one LIAR-RAW l...
2026-05-12 08:11:23 | INFO | __main__ | eval.py:43 | [EVAL_SAMPLE] idx=0 pred=false gold=barely-true output=Label: B explain=Hartzler said, "We have less Americans working now than in the ‘70s." The statistics Hartzler’s staff said she cited show the employment-population ratio and labor force participation rate was indeed higher in 1979 than in 2015. However,... prompt=<|im_start|>system
You are a careful fact-checking assistant for LIAR-RAW claims. Classify claims using only the claim and retrieved evidence supplied by the user.<|im_end|>
<|im_start|>user
Classify the claim into exactly one LIAR-RAW l...
2026-05-12 08:11:23 | INFO | __main__ | eval.py:43 | [EVAL_SAMPLE] idx=1 pred=false gold=pants-fire output=Label: B explain=Ellison used a Koran that once belonged to Thomas Jefferson, borrowing the rare book from the Library of Congress. It goes without saying that Ellison is not Obama. UPDATE: Barack Obama resigned from Trinity United Church of Christ on Ma... prompt=<|im_start|>system
You are a careful fact-checking assistant for LIAR-RAW claims. Classify claims using only the claim and retrieved evidence supplied by the user.<|im_end|>
<|im_start|>user
Classify the claim into exactly one LIAR-RAW l...
2026-05-12 08:11:23 | INFO | __main__ | eval.py:43 | [EVAL_SAMPLE] idx=1 pred=false gold=pants-fire output=Label: B explain=Ellison used a Koran that once belonged to Thomas Jefferson, borrowing the rare book from the Library of Congress. It goes without saying that Ellison is not Obama. UPDATE: Barack Obama resigned from Trinity United Church of Christ on Ma... prompt=<|im_start|>system
You are a careful fact-checking assistant for LIAR-RAW claims. Classify claims using only the claim and retrieved evidence supplied by the user.<|im_end|>
<|im_start|>user
Classify the claim into exactly one LIAR-RAW l...
2026-05-12 08:11:23 | INFO | __main__ | eval.py:43 | [EVAL_SAMPLE] idx=2 pred=barely-true gold=false output=Label: C explain=However, we have two professors who say the law is silent on political activity -- even if one of them sees an implicit prohibition -- and a plain reading of the law that states no explicit ban. Blumenauer said that "the statute a hundre... prompt=<|im_start|>system
You are a careful fact-checking assistant for LIAR-RAW claims. Classify claims using only the claim and retrieved evidence supplied by the user.<|im_end|>
<|im_start|>user
Classify the claim into exactly one LIAR-RAW l...
2026-05-12 08:11:23 | INFO | __main__ | trainer.py:566 | [eval] step=300 accuracy=0.2648 macro_precision=0.2848 macro_recall=0.2870 macro_f1=0.2602 parse_error_rate=0.0000
2026-05-12 08:11:23 | INFO | __main__ | trainer.py:566 | [eval] per_class:
2026-05-12 08:11:23 | INFO | __main__ | trainer.py:566 |   - barely-true: P=0.2316 R=0.2658 F1=0.2475
2026-05-12 08:11:23 | INFO | __main__ | trainer.py:566 |   - false: P=0.2670 R=0.3755 F1=0.3121
2026-05-12 08:11:23 | INFO | __main__ | trainer.py:566 |   - half-true: P=0.2558 R=0.1341 F1=0.1760
2026-05-12 08:11:23 | INFO | __main__ | trainer.py:566 |   - mostly-true: P=0.4366 R=0.1235 F1=0.1925
2026-05-12 08:11:23 | INFO | __main__ | trainer.py:566 |   - pants-fire: P=0.2632 R=0.4741 F1=0.3385
2026-05-12 08:11:23 | INFO | __main__ | trainer.py:566 |   - true: P=0.2543 R=0.3491 F1=0.2943
2026-05-12 08:11:28 | WARNING | sft.data.io | io.py:87 | [WARN] saved adapter has no LoRA tensors; rebuilding adapter weights from model state.
2026-05-12 08:11:28 | WARNING | sft.data.io | io.py:100 | [WARN] Rewrote /data/liaozijie/fact-checking/outputs/runs/mmr_lambda_sweep/build.retrieval.mmr_lambda-0.8__b81213ae/train/checkpoint-300/adapter_model.safetensors with 392 LoRA tensors collected from the in-memory model.

 48%|████▊     | 301/630 [54:22<3:39:03, 39.95s/it]
 48%|████▊     | 302/630 [54:32<2:49:14, 30.96s/it]
 48%|████▊     | 303/630 [54:40<2:11:46, 24.18s/it]
 48%|████▊     | 304/630 [54:50<1:48:07, 19.90s/it]
 48%|████▊     | 305/630 [54:57<1:26:36, 15.99s/it]
 49%|████▊     | 306/630 [55:03<1:10:21, 13.03s/it]
 49%|████▊     | 307/630 [55:14<1:07:10, 12.48s/it]
 49%|████▉     | 308/630 [55:24<1:02:47, 11.70s/it]
 49%|████▉     | 309/630 [55:33<57:48, 10.81s/it]  
 49%|████▉     | 310/630 [55:42<54:32, 10.23s/it]
 49%|████▉     | 311/630 [55:50<50:38,  9.53s/it]
 50%|████▉     | 312/630 [55:56<45:45,  8.63s/it]
 50%|████▉     | 313/630 [56:05<45:29,  8.61s/it]
 50%|████▉     | 314/630 [56:15<48:15,  9.16s/it]
 50%|█████     | 315/630 [56:20<40:56,  7.80s/it]
 50%|█████     | 316/630 [56:32<48:09,  9.20s/it]
 50%|█████     | 317/630 [56:43<50:36,  9.70s/it]
 50%|█████     | 318/630 [56:52<49:39,  9.55s/it]
 51%|█████     | 319/630 [57:01<47:46,  9.22s/it]
 51%|█████     | 320/630 [57:08<43:54,  8.50s/it]
 51%|█████     | 321/630 [57:14<40:43,  7.91s/it]
 51%|█████     | 322/630 [57:27<48:10,  9.39s/it]
 51%|█████▏    | 323/630 [57:36<47:46,  9.34s/it]
 51%|█████▏    | 324/630 [57:46<48:34,  9.52s/it]
 52%|█████▏    | 325/630 [57:55<47:46,  9.40s/it]
 52%|█████▏    | 326/630 [58:03<45:01,  8.89s/it]
 52%|█████▏    | 327/630 [58:10<42:24,  8.40s/it]
 52%|█████▏    | 328/630 [58:18<41:57,  8.33s/it]
 52%|█████▏    | 329/630 [58:28<44:03,  8.78s/it]
 52%|█████▏    | 330/630 [58:36<42:51,  8.57s/it]
 53%|█████▎    | 331/630 [58:47<45:46,  9.19s/it]
 53%|█████▎    | 332/630 [58:55<43:57,  8.85s/it]
 53%|█████▎    | 333/630 [59:02<41:09,  8.31s/it]
 53%|█████▎    | 334/630 [59:12<43:00,  8.72s/it]
 53%|█████▎    | 335/630 [59:22<45:43,  9.30s/it]
 53%|█████▎    | 336/630 [59:33<47:58,  9.79s/it]
 53%|█████▎    | 337/630 [59:40<43:50,  8.98s/it]
 54%|█████▎    | 338/630 [59:48<41:40,  8.56s/it]
 54%|█████▍    | 339/630 [59:56<40:15,  8.30s/it]
 54%|█████▍    | 340/630 [1:00:02<37:33,  7.77s/it]
 54%|█████▍    | 341/630 [1:00:13<42:15,  8.77s/it]
 54%|█████▍    | 342/630 [1:00:23<43:45,  9.12s/it]
 54%|█████▍    | 343/630 [1:00:32<43:26,  9.08s/it]
 55%|█████▍    | 344/630 [1:00:40<42:09,  8.84s/it]
 55%|█████▍    | 345/630 [1:00:49<41:35,  8.76s/it]
 55%|█████▍    | 346/630 [1:00:56<38:24,  8.11s/it]
 55%|█████▌    | 347/630 [1:01:07<43:17,  9.18s/it]
 55%|█████▌    | 348/630 [1:01:19<46:47,  9.95s/it]
 55%|█████▌    | 349/630 [1:01:28<45:30,  9.72s/it]
 56%|█████▌    | 350/630 [1:01:37<44:37,  9.56s/it]

eval:   0%|          | 0/80 [00:00<?, ?it/s][A

eval:   1%|▏         | 1/80 [00:00<01:08,  1.15it/s][A

eval:   2%|▎         | 2/80 [00:01<01:12,  1.07it/s][A

eval:   4%|▍         | 3/80 [00:03<01:24,  1.10s/it][A

eval:   5%|▌         | 4/80 [00:04<01:34,  1.25s/it][A

eval:   6%|▋         | 5/80 [00:05<01:36,  1.28s/it][A

eval:   8%|▊         | 6/80 [00:06<01:21,  1.10s/it][A

eval:   9%|▉         | 7/80 [00:08<01:41,  1.39s/it][A

eval:  10%|█         | 8/80 [00:09<01:31,  1.26s/it][A

eval:  11%|█▏        | 9/80 [00:11<01:42,  1.45s/it][A

eval:  12%|█▎        | 10/80 [00:12<01:29,  1.28s/it][A

eval:  14%|█▍        | 11/80 [00:15<01:55,  1.67s/it][A

eval:  15%|█▌        | 12/80 [00:16<01:50,  1.63s/it][A

eval:  16%|█▋        | 13/80 [00:17<01:45,  1.57s/it][A

eval:  18%|█▊        | 14/80 [00:18<01:28,  1.34s/it][A

eval:  19%|█▉        | 15/80 [00:20<01:42,  1.58s/it][A

eval:  20%|██        | 16/80 [00:21<01:25,  1.34s/it][A

eval:  21%|██▏       | 17/80 [00:23<01:39,  1.58s/it][A

eval:  22%|██▎       | 18/80 [00:24<01:22,  1.34s/it][A

eval:  24%|██▍       | 19/80 [00:26<01:34,  1.55s/it][A

eval:  25%|██▌       | 20/80 [00:27<01:23,  1.39s/it][A

eval:  26%|██▋       | 21/80 [00:29<01:22,  1.40s/it][A

eval:  28%|██▊       | 22/80 [00:29<01:11,  1.23s/it][A

eval:  29%|██▉       | 23/80 [00:31<01:16,  1.35s/it][A

eval:  30%|███       | 24/80 [00:32<01:12,  1.29s/it][A

eval:  31%|███▏      | 25/80 [00:33<01:04,  1.17s/it][A

eval:  32%|███▎      | 26/80 [00:34<01:06,  1.23s/it][A

eval:  34%|███▍      | 27/80 [00:36<01:05,  1.24s/it][A

eval:  35%|███▌      | 28/80 [00:37<01:06,  1.28s/it][A

eval:  36%|███▋      | 29/80 [00:38<00:57,  1.13s/it][A

eval:  38%|███▊      | 30/80 [00:39<00:57,  1.16s/it][A

eval:  39%|███▉      | 31/80 [00:41<01:01,  1.25s/it][A

eval:  40%|████      | 32/80 [00:42<01:03,  1.31s/it][A

eval:  41%|████▏     | 33/80 [00:43<00:55,  1.18s/it][A

eval:  42%|████▎     | 34/80 [00:44<00:53,  1.17s/it][A

eval:  44%|████▍     | 35/80 [00:45<00:55,  1.24s/it][A

eval:  45%|████▌     | 36/80 [00:46<00:50,  1.14s/it][A

eval:  46%|████▋     | 37/80 [00:48<00:55,  1.29s/it][A

eval:  48%|████▊     | 38/80 [00:49<00:48,  1.15s/it][A

eval:  49%|████▉     | 39/80 [00:50<00:46,  1.13s/it][A

eval:  50%|█████     | 40/80 [00:51<00:47,  1.18s/it][A

eval:  51%|█████▏    | 41/80 [00:53<00:50,  1.29s/it][A

eval:  52%|█████▎    | 42/80 [00:54<00:51,  1.35s/it][A

eval:  54%|█████▍    | 43/80 [00:55<00:46,  1.25s/it][A

eval:  55%|█████▌    | 44/80 [00:57<00:50,  1.41s/it][A

eval:  56%|█████▋    | 45/80 [00:58<00:43,  1.24s/it][A

eval:  57%|█████▊    | 46/80 [00:59<00:42,  1.24s/it][A

eval:  59%|█████▉    | 47/80 [01:01<00:43,  1.33s/it][A

eval:  60%|██████    | 48/80 [01:02<00:46,  1.44s/it][A

eval:  61%|██████▏   | 49/80 [01:03<00:39,  1.27s/it][A

eval:  62%|██████▎   | 50/80 [01:04<00:34,  1.14s/it][A

eval:  64%|██████▍   | 51/80 [01:05<00:35,  1.21s/it][A

eval:  65%|██████▌   | 52/80 [01:06<00:31,  1.12s/it][A

eval:  66%|██████▋   | 53/80 [01:07<00:29,  1.09s/it][A

eval:  68%|██████▊   | 54/80 [01:09<00:31,  1.21s/it][A

eval:  69%|██████▉   | 55/80 [01:10<00:29,  1.20s/it][A

eval:  70%|███████   | 56/80 [01:11<00:30,  1.25s/it][A

eval:  71%|███████▏  | 57/80 [01:12<00:25,  1.12s/it][A

eval:  72%|███████▎  | 58/80 [01:14<00:29,  1.34s/it][A

eval:  74%|███████▍  | 59/80 [01:15<00:24,  1.17s/it][A

eval:  75%|███████▌  | 60/80 [01:16<00:24,  1.24s/it][A

eval:  76%|███████▋  | 61/80 [01:18<00:24,  1.29s/it][A

eval:  78%|███████▊  | 62/80 [01:19<00:23,  1.33s/it][A

eval:  79%|███████▉  | 63/80 [01:21<00:23,  1.40s/it][A

eval:  80%|████████  | 64/80 [01:21<00:19,  1.19s/it][A

eval:  81%|████████▏ | 65/80 [01:23<00:21,  1.46s/it][A

eval:  82%|████████▎ | 66/80 [01:24<00:17,  1.25s/it][A

eval:  84%|████████▍ | 67/80 [01:26<00:20,  1.56s/it][A

eval:  85%|████████▌ | 68/80 [01:27<00:15,  1.33s/it][A

eval:  86%|████████▋ | 69/80 [01:28<00:13,  1.18s/it][A

eval:  88%|████████▊ | 70/80 [01:29<00:10,  1.09s/it][A

eval:  89%|████████▉ | 71/80 [01:30<00:09,  1.07s/it][A

eval:  90%|█████████ | 72/80 [01:31<00:07,  1.01it/s][A

eval:  91%|█████████▏| 73/80 [01:32<00:06,  1.03it/s][A

eval:  92%|█████████▎| 74/80 [01:33<00:05,  1.00it/s][A

eval:  94%|█████████▍| 75/80 [01:34<00:04,  1.03it/s][A

eval:  95%|█████████▌| 76/80 [01:36<00:05,  1.26s/it][A

eval:  96%|█████████▋| 77/80 [01:36<00:03,  1.12s/it][A

eval:  98%|█████████▊| 78/80 [01:37<00:02,  1.01s/it][A

eval:  99%|█████████▉| 79/80 [01:39<00:01,  1.24s/it][A

eval: 100%|██████████| 80/80 [01:40<00:00,  1.10s/it][A

                                                     [A2026-05-12 08:20:35 | INFO | __main__ | eval.py:43 | [EVAL_SAMPLE] idx=0 pred=false gold=barely-true output=Label: B explain=Hartzler said, "We have less Americans working now than in the ‘70s." The statistics Hartzler’s staff said she cited show the employment-population ratio and labor force participation rate was indeed higher in 1979 than in 2015. However,... prompt=<|im_start|>system
You are a careful fact-checking assistant for LIAR-RAW claims. Classify claims using only the claim and retrieved evidence supplied by the user.<|im_end|>
<|im_start|>user
Classify the claim into exactly one LIAR-RAW l...
2026-05-12 08:20:35 | INFO | __main__ | eval.py:43 | [EVAL_SAMPLE] idx=0 pred=false gold=barely-true output=Label: B explain=Hartzler said, "We have less Americans working now than in the ‘70s." The statistics Hartzler’s staff said she cited show the employment-population ratio and labor force participation rate was indeed higher in 1979 than in 2015. However,... prompt=<|im_start|>system
You are a careful fact-checking assistant for LIAR-RAW claims. Classify claims using only the claim and retrieved evidence supplied by the user.<|im_end|>
<|im_start|>user
Classify the claim into exactly one LIAR-RAW l...
2026-05-12 08:20:35 | INFO | __main__ | eval.py:43 | [EVAL_SAMPLE] idx=1 pred=false gold=pants-fire output=Label: B explain=Ellison used a Koran that once belonged to Thomas Jefferson, borrowing the rare book from the Library of Congress. It goes without saying that Ellison is not Obama. UPDATE: Barack Obama resigned from Trinity United Church of Christ on Ma... prompt=<|im_start|>system
You are a careful fact-checking assistant for LIAR-RAW claims. Classify claims using only the claim and retrieved evidence supplied by the user.<|im_end|>
<|im_start|>user
Classify the claim into exactly one LIAR-RAW l...
2026-05-12 08:20:35 | INFO | __main__ | eval.py:43 | [EVAL_SAMPLE] idx=1 pred=false gold=pants-fire output=Label: B explain=Ellison used a Koran that once belonged to Thomas Jefferson, borrowing the rare book from the Library of Congress. It goes without saying that Ellison is not Obama. UPDATE: Barack Obama resigned from Trinity United Church of Christ on Ma... prompt=<|im_start|>system
You are a careful fact-checking assistant for LIAR-RAW claims. Classify claims using only the claim and retrieved evidence supplied by the user.<|im_end|>
<|im_start|>user
Classify the claim into exactly one LIAR-RAW l...
2026-05-12 08:20:35 | INFO | __main__ | eval.py:43 | [EVAL_SAMPLE] idx=2 pred=barely-true gold=false output=Label: C explain=However, we have two professors who say the law is silent on political activity -- even if one of them sees an implicit prohibition -- and a plain reading of the law that states no explicit ban. Blumenauer said that "the statute a hundre... prompt=<|im_start|>system
You are a careful fact-checking assistant for LIAR-RAW claims. Classify claims using only the claim and retrieved evidence supplied by the user.<|im_end|>
<|im_start|>user
Classify the claim into exactly one LIAR-RAW l...
2026-05-12 08:20:35 | INFO | __main__ | trainer.py:566 | [eval] step=350 accuracy=0.2719 macro_precision=0.2956 macro_recall=0.2944 macro_f1=0.2673 parse_error_rate=0.0000
2026-05-12 08:20:35 | INFO | __main__ | trainer.py:566 | [eval] per_class:
2026-05-12 08:20:35 | INFO | __main__ | trainer.py:566 |   - barely-true: P=0.2243 R=0.2574 F1=0.2397
2026-05-12 08:20:35 | INFO | __main__ | trainer.py:566 |   - false: P=0.2801 R=0.3831 F1=0.3236
2026-05-12 08:20:35 | INFO | __main__ | trainer.py:566 |   - half-true: P=0.2574 R=0.1423 F1=0.1832
2026-05-12 08:20:35 | INFO | __main__ | trainer.py:566 |   - mostly-true: P=0.4776 R=0.1275 F1=0.2013
2026-05-12 08:20:35 | INFO | __main__ | trainer.py:566 |   - pants-fire: P=0.2584 R=0.4655 F1=0.3323
2026-05-12 08:20:35 | INFO | __main__ | trainer.py:566 |   - true: P=0.2762 R=0.3905 F1=0.3235
2026-05-12 08:20:41 | WARNING | sft.data.io | io.py:87 | [WARN] saved adapter has no LoRA tensors; rebuilding adapter weights from model state.
2026-05-12 08:20:41 | WARNING | sft.data.io | io.py:100 | [WARN] Rewrote /data/liaozijie/fact-checking/outputs/runs/mmr_lambda_sweep/build.retrieval.mmr_lambda-0.8__b81213ae/train/checkpoint-350/adapter_model.safetensors with 392 LoRA tensors collected from the in-memory model.

 56%|█████▌    | 351/630 [1:03:30<3:08:06, 40.45s/it]
 56%|█████▌    | 352/630 [1:03:38<2:22:32, 30.77s/it]
 56%|█████▌    | 353/630 [1:03:48<1:52:31, 24.38s/it]
 56%|█████▌    | 354/630 [1:03:58<1:33:19, 20.29s/it]
 56%|█████▋    | 355/630 [1:04:06<1:15:06, 16.39s/it]
 57%|█████▋    | 356/630 [1:04:14<1:04:01, 14.02s/it]
 57%|█████▋    | 357/630 [1:04:22<55:39, 12.23s/it]  
 57%|█████▋    | 358/630 [1:04:29<48:15, 10.65s/it]
 57%|█████▋    | 359/630 [1:04:39<46:47, 10.36s/it]
 57%|█████▋    | 360/630 [1:04:49<46:30, 10.33s/it]
 57%|█████▋    | 361/630 [1:04:58<45:03, 10.05s/it]
 57%|█████▋    | 362/630 [1:05:08<43:36,  9.76s/it]
 58%|█████▊    | 363/630 [1:05:16<41:07,  9.24s/it]
 58%|█████▊    | 364/630 [1:05:23<38:34,  8.70s/it]
 58%|█████▊    | 365/630 [1:05:29<34:54,  7.90s/it]
 58%|█████▊    | 366/630 [1:05:41<40:20,  9.17s/it]
 58%|█████▊    | 367/630 [1:05:51<41:26,  9.45s/it]
 58%|█████▊    | 368/630 [1:05:59<39:13,  8.98s/it]
 59%|█████▊    | 369/630 [1:06:08<38:59,  8.96s/it]
 59%|█████▊    | 370/630 [1:06:17<38:34,  8.90s/it]
 59%|█████▉    | 371/630 [1:06:24<36:39,  8.49s/it]
 59%|█████▉    | 372/630 [1:06:35<39:08,  9.10s/it]
 59%|█████▉    | 373/630 [1:06:45<40:26,  9.44s/it]
 59%|█████▉    | 374/630 [1:06:55<41:02,  9.62s/it]
 60%|█████▉    | 375/630 [1:07:02<37:29,  8.82s/it]
 60%|█████▉    | 376/630 [1:07:10<35:59,  8.50s/it]
 60%|█████▉    | 377/630 [1:07:16<32:48,  7.78s/it]
 60%|██████    | 378/630 [1:07:25<33:52,  8.07s/it]
 60%|██████    | 379/630 [1:07:35<36:25,  8.71s/it]
 60%|██████    | 380/630 [1:07:45<37:30,  9.00s/it]
 60%|██████    | 381/630 [1:07:52<35:23,  8.53s/it]
 61%|██████    | 382/630 [1:08:00<34:31,  8.35s/it]
 61%|██████    | 383/630 [1:08:06<31:31,  7.66s/it]
 61%|██████    | 384/630 [1:08:16<33:37,  8.20s/it]
 61%|██████    | 385/630 [1:08:27<36:57,  9.05s/it]
 61%|██████▏   | 386/630 [1:08:35<36:17,  8.92s/it]
 61%|██████▏   | 387/630 [1:08:44<36:00,  8.89s/it]
 62%|██████▏   | 388/630 [1:08:52<34:32,  8.56s/it]
 62%|██████▏   | 389/630 [1:08:58<31:37,  7.87s/it]
 62%|██████▏   | 390/630 [1:09:04<29:12,  7.30s/it]
 62%|██████▏   | 391/630 [1:09:15<33:47,  8.48s/it]
 62%|██████▏   | 392/630 [1:09:25<34:43,  8.75s/it]
 62%|██████▏   | 393/630 [1:09:33<34:12,  8.66s/it]
 63%|██████▎   | 394/630 [1:09:40<32:04,  8.16s/it]
 63%|██████▎   | 395/630 [1:09:47<30:53,  7.89s/it]
 63%|██████▎   | 396/630 [1:09:54<29:23,  7.54s/it]
 63%|██████▎   | 397/630 [1:10:08<36:49,  9.48s/it]
 63%|██████▎   | 398/630 [1:10:18<37:01,  9.58s/it]
 63%|██████▎   | 399/630 [1:10:26<35:30,  9.23s/it]
 63%|██████▎   | 400/630 [1:10:34<33:41,  8.79s/it]

eval:   0%|          | 0/80 [00:00<?, ?it/s][A

eval:   1%|▏         | 1/80 [00:00<01:09,  1.13it/s][A

eval:   2%|▎         | 2/80 [00:01<01:01,  1.26it/s][A

eval:   4%|▍         | 3/80 [00:02<01:09,  1.11it/s][A

eval:   5%|▌         | 4/80 [00:03<01:11,  1.06it/s][A

eval:   6%|▋         | 5/80 [00:04<01:09,  1.08it/s][A

eval:   8%|▊         | 6/80 [00:05<01:12,  1.02it/s][A

eval:   9%|▉         | 7/80 [00:06<01:08,  1.07it/s][A

eval:  10%|█         | 8/80 [00:07<01:15,  1.04s/it][A

eval:  11%|█▏        | 9/80 [00:08<01:15,  1.07s/it][A

eval:  12%|█▎        | 10/80 [00:09<01:11,  1.02s/it][A

eval:  14%|█▍        | 11/80 [00:12<01:37,  1.41s/it][A

eval:  15%|█▌        | 12/80 [00:12<01:25,  1.26s/it][A

eval:  16%|█▋        | 13/80 [00:14<01:36,  1.44s/it][A

eval:  18%|█▊        | 14/80 [00:15<01:22,  1.25s/it][A

eval:  19%|█▉        | 15/80 [00:17<01:27,  1.35s/it][A

eval:  20%|██        | 16/80 [00:18<01:25,  1.34s/it][A

eval:  21%|██▏       | 17/80 [00:20<01:27,  1.39s/it][A

eval:  22%|██▎       | 18/80 [00:20<01:14,  1.21s/it][A

eval:  24%|██▍       | 19/80 [00:21<01:05,  1.08s/it][A

eval:  25%|██▌       | 20/80 [00:22<01:03,  1.06s/it][A

eval:  26%|██▋       | 21/80 [00:23<00:58,  1.01it/s][A

eval:  28%|██▊       | 22/80 [00:24<00:56,  1.02it/s][A

eval:  29%|██▉       | 23/80 [00:25<00:56,  1.01it/s][A

eval:  30%|███       | 24/80 [00:27<01:10,  1.26s/it][A

eval:  31%|███▏      | 25/80 [00:28<01:00,  1.11s/it][A

eval:  32%|███▎      | 26/80 [00:28<00:53,  1.01it/s][A

eval:  34%|███▍      | 27/80 [00:30<00:58,  1.10s/it][A

eval:  35%|███▌      | 28/80 [00:31<00:59,  1.14s/it][A

eval:  36%|███▋      | 29/80 [00:32<00:52,  1.03s/it][A

eval:  38%|███▊      | 30/80 [00:33<01:02,  1.25s/it][A

eval:  39%|███▉      | 31/80 [00:34<00:54,  1.11s/it][A

eval:  40%|████      | 32/80 [00:36<00:58,  1.22s/it][A

eval:  41%|████▏     | 33/80 [00:37<01:00,  1.28s/it][A

eval:  42%|████▎     | 34/80 [00:39<01:11,  1.55s/it][A

eval:  44%|████▍     | 35/80 [00:40<00:59,  1.33s/it][A

eval:  45%|████▌     | 36/80 [00:42<01:10,  1.60s/it][A

eval:  46%|████▋     | 37/80 [00:43<01:00,  1.41s/it][A

eval:  48%|████▊     | 38/80 [00:45<00:59,  1.42s/it][A

eval:  49%|████▉     | 39/80 [00:46<00:58,  1.42s/it][A

eval:  50%|█████     | 40/80 [00:48<00:55,  1.39s/it][A

eval:  51%|█████▏    | 41/80 [00:49<01:00,  1.54s/it][A

eval:  52%|█████▎    | 42/80 [00:50<00:50,  1.33s/it][A

eval:  54%|█████▍    | 43/80 [00:51<00:47,  1.28s/it][A

eval:  55%|█████▌    | 44/80 [00:52<00:42,  1.17s/it][A

eval:  56%|█████▋    | 45/80 [00:53<00:37,  1.07s/it][A

eval:  57%|█████▊    | 46/80 [00:54<00:34,  1.02s/it][A

eval:  59%|█████▉    | 47/80 [00:55<00:35,  1.07s/it][A

eval:  60%|██████    | 48/80 [00:56<00:35,  1.12s/it][A

eval:  61%|██████▏   | 49/80 [00:58<00:34,  1.12s/it][A

eval:  62%|██████▎   | 50/80 [00:59<00:34,  1.16s/it][A

eval:  64%|██████▍   | 51/80 [01:00<00:31,  1.07s/it][A

eval:  65%|██████▌   | 52/80 [01:02<00:36,  1.30s/it][A

eval:  66%|██████▋   | 53/80 [01:02<00:31,  1.15s/it][A

eval:  68%|██████▊   | 54/80 [01:04<00:32,  1.23s/it][A

eval:  69%|██████▉   | 55/80 [01:05<00:31,  1.26s/it][A

eval:  70%|███████   | 56/80 [01:06<00:31,  1.30s/it][A

eval:  71%|███████▏  | 57/80 [01:08<00:30,  1.33s/it][A

eval:  72%|███████▎  | 58/80 [01:09<00:25,  1.16s/it][A

eval:  74%|███████▍  | 59/80 [01:11<00:29,  1.40s/it][A

eval:  75%|███████▌  | 60/80 [01:11<00:24,  1.22s/it][A

eval:  76%|███████▋  | 61/80 [01:13<00:28,  1.48s/it][A

eval:  78%|███████▊  | 62/80 [01:14<00:22,  1.27s/it][A

eval:  79%|███████▉  | 63/80 [01:17<00:26,  1.56s/it][A

eval:  80%|████████  | 64/80 [01:17<00:20,  1.30s/it][A

eval:  81%|████████▏ | 65/80 [01:18<00:17,  1.15s/it][A

eval:  82%|████████▎ | 66/80 [01:19<00:14,  1.04s/it][A

eval:  84%|████████▍ | 67/80 [01:20<00:12,  1.02it/s][A

eval:  85%|████████▌ | 68/80 [01:21<00:11,  1.04it/s][A

eval:  86%|████████▋ | 69/80 [01:21<00:10,  1.09it/s][A

eval:  88%|████████▊ | 70/80 [01:22<00:09,  1.02it/s][A

eval:  89%|████████▉ | 71/80 [01:24<00:09,  1.03s/it][A

eval:  90%|█████████ | 72/80 [01:24<00:07,  1.04it/s][A

eval:  91%|█████████▏| 73/80 [01:26<00:07,  1.02s/it][A

eval:  92%|█████████▎| 74/80 [01:27<00:06,  1.09s/it][A

eval:  94%|█████████▍| 75/80 [01:28<00:05,  1.04s/it][A

eval:  95%|█████████▌| 76/80 [01:30<00:05,  1.34s/it][A

eval:  96%|█████████▋| 77/80 [01:31<00:03,  1.18s/it][A

eval:  98%|█████████▊| 78/80 [01:33<00:02,  1.40s/it][A

eval:  99%|█████████▉| 79/80 [01:33<00:01,  1.22s/it][A

eval: 100%|██████████| 80/80 [01:35<00:00,  1.28s/it][A

                                                     [A2026-05-12 08:29:26 | INFO | __main__ | eval.py:43 | [EVAL_SAMPLE] idx=0 pred=false gold=barely-true output=Label: B explain=Hartzler said, "We have less Americans working now than in the ‘70s." The statistics Hartzler’s staff said she cited show the employment-population ratio and labor force participation rate was indeed higher in 1979 than in 2015. However,... prompt=<|im_start|>system
You are a careful fact-checking assistant for LIAR-RAW claims. Classify claims using only the claim and retrieved evidence supplied by the user.<|im_end|>
<|im_start|>user
Classify the claim into exactly one LIAR-RAW l...
2026-05-12 08:29:26 | INFO | __main__ | eval.py:43 | [EVAL_SAMPLE] idx=0 pred=false gold=barely-true output=Label: B explain=Hartzler said, "We have less Americans working now than in the ‘70s." The statistics Hartzler’s staff said she cited show the employment-population ratio and labor force participation rate was indeed higher in 1979 than in 2015. However,... prompt=<|im_start|>system
You are a careful fact-checking assistant for LIAR-RAW claims. Classify claims using only the claim and retrieved evidence supplied by the user.<|im_end|>
<|im_start|>user
Classify the claim into exactly one LIAR-RAW l...
2026-05-12 08:29:26 | INFO | __main__ | eval.py:43 | [EVAL_SAMPLE] idx=1 pred=false gold=pants-fire output=Label: B explain=Ellison used a Koran that once belonged to Thomas Jefferson, borrowing the rare book from the Library of Congress. It goes without saying that Ellison is not Obama. UPDATE: Barack Obama resigned from Trinity United Church of Christ on Ma... prompt=<|im_start|>system
You are a careful fact-checking assistant for LIAR-RAW claims. Classify claims using only the claim and retrieved evidence supplied by the user.<|im_end|>
<|im_start|>user
Classify the claim into exactly one LIAR-RAW l...
2026-05-12 08:29:26 | INFO | __main__ | eval.py:43 | [EVAL_SAMPLE] idx=1 pred=false gold=pants-fire output=Label: B explain=Ellison used a Koran that once belonged to Thomas Jefferson, borrowing the rare book from the Library of Congress. It goes without saying that Ellison is not Obama. UPDATE: Barack Obama resigned from Trinity United Church of Christ on Ma... prompt=<|im_start|>system
You are a careful fact-checking assistant for LIAR-RAW claims. Classify claims using only the claim and retrieved evidence supplied by the user.<|im_end|>
<|im_start|>user
Classify the claim into exactly one LIAR-RAW l...
2026-05-12 08:29:26 | INFO | __main__ | eval.py:43 | [EVAL_SAMPLE] idx=2 pred=mostly-true gold=false output=Label: E explain=However, we have two professors who say the law is silent on political activity -- even if one of them sees an implicit prohibition -- and a plain reading of the law that states no explicit ban. Blumenauer said that "the statute a hundre... prompt=<|im_start|>system
You are a careful fact-checking assistant for LIAR-RAW claims. Classify claims using only the claim and retrieved evidence supplied by the user.<|im_end|>
<|im_start|>user
Classify the claim into exactly one LIAR-RAW l...
2026-05-12 08:29:26 | INFO | __main__ | trainer.py:566 | [eval] step=400 accuracy=0.2773 macro_precision=0.3054 macro_recall=0.2976 macro_f1=0.2751 parse_error_rate=0.0000
2026-05-12 08:29:26 | INFO | __main__ | trainer.py:566 | [eval] per_class:
2026-05-12 08:29:26 | INFO | __main__ | trainer.py:566 |   - barely-true: P=0.2464 R=0.2911 F1=0.2669
2026-05-12 08:29:26 | INFO | __main__ | trainer.py:566 |   - false: P=0.2807 R=0.3678 F1=0.3184
2026-05-12 08:29:26 | INFO | __main__ | trainer.py:566 |   - half-true: P=0.2586 R=0.1829 F1=0.2143
2026-05-12 08:29:26 | INFO | __main__ | trainer.py:566 |   - mostly-true: P=0.5152 R=0.1355 F1=0.2145
2026-05-12 08:29:26 | INFO | __main__ | trainer.py:566 |   - pants-fire: P=0.2718 R=0.4828 F1=0.3478
2026-05-12 08:29:26 | INFO | __main__ | trainer.py:566 |   - true: P=0.2594 R=0.3254 F1=0.2887
2026-05-12 08:29:31 | WARNING | sft.data.io | io.py:87 | [WARN] saved adapter has no LoRA tensors; rebuilding adapter weights from model state.
2026-05-12 08:29:31 | WARNING | sft.data.io | io.py:100 | [WARN] Rewrote /data/liaozijie/fact-checking/outputs/runs/mmr_lambda_sweep/build.retrieval.mmr_lambda-0.8__b81213ae/train/checkpoint-400/adapter_model.safetensors with 392 LoRA tensors collected from the in-memory model.

 64%|██████▎   | 401/630 [1:12:21<2:25:41, 38.17s/it]
 64%|██████▍   | 402/630 [1:12:28<1:50:16, 29.02s/it]
 64%|██████▍   | 403/630 [1:12:39<1:28:19, 23.35s/it]
 64%|██████▍   | 404/630 [1:12:48<1:12:23, 19.22s/it]
 64%|██████▍   | 405/630 [1:12:58<1:01:39, 16.44s/it]
 64%|██████▍   | 406/630 [1:13:07<52:56, 14.18s/it]  
 65%|██████▍   | 407/630 [1:13:14<44:40, 12.02s/it]
 65%|██████▍   | 408/630 [1:13:20<38:02, 10.28s/it]
 65%|██████▍   | 409/630 [1:13:29<36:12,  9.83s/it]
 65%|██████▌   | 410/630 [1:13:41<38:31, 10.51s/it]
 65%|██████▌   | 411/630 [1:13:50<36:41, 10.05s/it]
 65%|██████▌   | 412/630 [1:13:58<34:42,  9.55s/it]
 66%|██████▌   | 413/630 [1:14:06<32:36,  9.01s/it]
 66%|██████▌   | 414/630 [1:14:13<30:07,  8.37s/it]
 66%|██████▌   | 415/630 [1:14:19<27:17,  7.62s/it]
 66%|██████▌   | 416/630 [1:14:30<31:07,  8.73s/it]
 66%|██████▌   | 417/630 [1:14:39<31:08,  8.77s/it]
 66%|██████▋   | 418/630 [1:14:48<30:55,  8.75s/it]
 67%|██████▋   | 419/630 [1:14:56<30:08,  8.57s/it]
 67%|██████▋   | 420/630 [1:15:05<30:40,  8.77s/it]
 67%|██████▋   | 421/630 [1:15:12<28:44,  8.25s/it]
 67%|██████▋   | 422/630 [1:15:24<32:40,  9.42s/it]
 67%|██████▋   | 423/630 [1:15:34<32:44,  9.49s/it]
 67%|██████▋   | 424/630 [1:15:44<33:08,  9.65s/it]
 67%|██████▋   | 425/630 [1:15:51<30:23,  8.90s/it]
 68%|██████▊   | 426/630 [1:15:59<29:07,  8.57s/it]
 68%|██████▊   | 427/630 [1:16:05<26:41,  7.89s/it]
 68%|██████▊   | 428/630 [1:16:14<27:24,  8.14s/it]
 68%|██████▊   | 429/630 [1:16:24<29:15,  8.73s/it]
 68%|██████▊   | 430/630 [1:16:33<29:09,  8.75s/it]
 68%|██████▊   | 431/630 [1:16:42<29:25,  8.87s/it]
 69%|██████▊   | 432/630 [1:16:49<27:18,  8.28s/it]
 69%|██████▊   | 433/630 [1:16:56<26:15,  8.00s/it]
 69%|██████▉   | 434/630 [1:17:06<28:12,  8.63s/it]
 69%|██████▉   | 435/630 [1:17:19<31:33,  9.71s/it]
 69%|██████▉   | 436/630 [1:17:29<32:22, 10.01s/it]
 69%|██████▉   | 437/630 [1:17:37<30:15,  9.41s/it]
 70%|██████▉   | 438/630 [1:17:46<29:20,  9.17s/it]
 70%|██████▉   | 439/630 [1:17:53<26:55,  8.46s/it]
 70%|██████▉   | 440/630 [1:17:59<24:53,  7.86s/it]
 70%|███████   | 441/630 [1:18:11<28:38,  9.09s/it]
 70%|███████   | 442/630 [1:18:22<29:48,  9.51s/it]
 70%|███████   | 443/630 [1:18:30<28:29,  9.14s/it]
 70%|███████   | 444/630 [1:18:38<27:15,  8.79s/it]
 71%|███████   | 445/630 [1:18:46<26:18,  8.53s/it]
 71%|███████   | 446/630 [1:18:52<23:53,  7.79s/it]
 71%|███████   | 447/630 [1:19:04<27:20,  8.96s/it]
 71%|███████   | 448/630 [1:19:12<26:50,  8.85s/it]
 71%|███████▏  | 449/630 [1:19:22<27:04,  8.97s/it]
 71%|███████▏  | 450/630 [1:19:29<25:46,  8.59s/it]

eval:   0%|          | 0/80 [00:00<?, ?it/s][A

eval:   1%|▏         | 1/80 [00:01<01:56,  1.48s/it][A

eval:   2%|▎         | 2/80 [00:02<01:31,  1.17s/it][A

eval:   4%|▍         | 3/80 [00:03<01:37,  1.27s/it][A

eval:   5%|▌         | 4/80 [00:04<01:28,  1.17s/it][A

eval:   6%|▋         | 5/80 [00:05<01:25,  1.14s/it][A

eval:   8%|▊         | 6/80 [00:07<01:31,  1.23s/it][A

eval:   9%|▉         | 7/80 [00:08<01:31,  1.25s/it][A

eval:  10%|█         | 8/80 [00:09<01:24,  1.17s/it][A

eval:  11%|█▏        | 9/80 [00:10<01:13,  1.04s/it][A

eval:  12%|█▎        | 10/80 [00:11<01:21,  1.17s/it][A

eval:  14%|█▍        | 11/80 [00:13<01:26,  1.25s/it][A

eval:  15%|█▌        | 12/80 [00:14<01:29,  1.32s/it][A

eval:  16%|█▋        | 13/80 [00:15<01:17,  1.16s/it][A

eval:  18%|█▊        | 14/80 [00:16<01:14,  1.12s/it][A

eval:  19%|█▉        | 15/80 [00:18<01:24,  1.29s/it][A

eval:  20%|██        | 16/80 [00:19<01:13,  1.14s/it][A

eval:  21%|██▏       | 17/80 [00:20<01:27,  1.38s/it][A

eval:  22%|██▎       | 18/80 [00:21<01:14,  1.20s/it][A

eval:  24%|██▍       | 19/80 [00:22<01:13,  1.21s/it][A

eval:  25%|██▌       | 20/80 [00:24<01:21,  1.35s/it][A

eval:  26%|██▋       | 21/80 [00:25<01:18,  1.33s/it][A

eval:  28%|██▊       | 22/80 [00:26<01:08,  1.18s/it][A

eval:  29%|██▉       | 23/80 [00:27<01:04,  1.13s/it][A

eval:  30%|███       | 24/80 [00:30<01:22,  1.47s/it][A

eval:  31%|███▏      | 25/80 [00:30<01:08,  1.25s/it][A

eval:  32%|███▎      | 26/80 [00:32<01:08,  1.27s/it][A

eval:  34%|███▍      | 27/80 [00:33<01:01,  1.17s/it][A

eval:  35%|███▌      | 28/80 [00:34<00:58,  1.12s/it][A

eval:  36%|███▋      | 29/80 [00:35<01:00,  1.18s/it][A

eval:  38%|███▊      | 30/80 [00:36<00:58,  1.16s/it][A

eval:  39%|███▉      | 31/80 [00:37<00:59,  1.22s/it][A

eval:  40%|████      | 32/80 [00:38<00:55,  1.15s/it][A

eval:  41%|████▏     | 33/80 [00:40<01:03,  1.36s/it][A

eval:  42%|████▎     | 34/80 [00:41<00:58,  1.27s/it][A

eval:  44%|████▍     | 35/80 [00:43<00:57,  1.28s/it][A

eval:  45%|████▌     | 36/80 [00:44<00:59,  1.34s/it][A

eval:  46%|████▋     | 37/80 [00:46<01:07,  1.57s/it][A

eval:  48%|████▊     | 38/80 [00:47<00:56,  1.35s/it][A

eval:  49%|████▉     | 39/80 [00:48<00:56,  1.38s/it][A

eval:  50%|█████     | 40/80 [00:50<00:53,  1.34s/it][A

eval:  51%|█████▏    | 41/80 [00:52<01:06,  1.69s/it][A

eval:  52%|█████▎    | 42/80 [00:53<00:54,  1.43s/it][A

eval:  54%|█████▍    | 43/80 [00:54<00:48,  1.31s/it][A

eval:  55%|█████▌    | 44/80 [00:55<00:48,  1.35s/it][A

eval:  56%|█████▋    | 45/80 [00:56<00:41,  1.19s/it][A

eval:  57%|█████▊    | 46/80 [00:57<00:36,  1.07s/it][A

eval:  59%|█████▉    | 47/80 [00:58<00:33,  1.03s/it][A

eval:  60%|██████    | 48/80 [00:59<00:36,  1.15s/it][A

eval:  61%|██████▏   | 49/80 [01:00<00:33,  1.06s/it][A

eval:  62%|██████▎   | 50/80 [01:01<00:32,  1.08s/it][A

eval:  64%|██████▍   | 51/80 [01:03<00:32,  1.13s/it][A

eval:  65%|██████▌   | 52/80 [01:04<00:29,  1.07s/it][A

eval:  66%|██████▋   | 53/80 [01:05<00:34,  1.28s/it][A

eval:  68%|██████▊   | 54/80 [01:06<00:30,  1.18s/it][A

eval:  69%|██████▉   | 55/80 [01:08<00:35,  1.40s/it][A

eval:  70%|███████   | 56/80 [01:09<00:29,  1.24s/it][A

eval:  71%|███████▏  | 57/80 [01:10<00:29,  1.28s/it][A

eval:  72%|███████▎  | 58/80 [01:12<00:28,  1.30s/it][A

eval:  74%|███████▍  | 59/80 [01:13<00:23,  1.14s/it][A

eval:  75%|███████▌  | 60/80 [01:15<00:28,  1.42s/it][A

eval:  76%|███████▋  | 61/80 [01:15<00:23,  1.23s/it][A

eval:  78%|███████▊  | 62/80 [01:17<00:26,  1.46s/it][A

eval:  79%|███████▉  | 63/80 [01:18<00:22,  1.30s/it][A

eval:  80%|████████  | 64/80 [01:20<00:23,  1.49s/it][A

eval:  81%|████████▏ | 65/80 [01:21<00:19,  1.28s/it][A

eval:  82%|████████▎ | 66/80 [01:22<00:18,  1.31s/it][A

eval:  84%|████████▍ | 67/80 [01:24<00:17,  1.37s/it][A

eval:  85%|████████▌ | 68/80 [01:25<00:16,  1.36s/it][A

eval:  86%|████████▋ | 69/80 [01:27<00:15,  1.40s/it][A

eval:  88%|████████▊ | 70/80 [01:28<00:14,  1.43s/it][A

eval:  89%|████████▉ | 71/80 [01:30<00:13,  1.47s/it][A

eval:  90%|█████████ | 72/80 [01:31<00:11,  1.47s/it][A

eval:  91%|█████████▏| 73/80 [01:32<00:08,  1.26s/it][A

eval:  92%|█████████▎| 74/80 [01:33<00:06,  1.13s/it][A

eval:  94%|█████████▍| 75/80 [01:34<00:06,  1.25s/it][A

eval:  95%|█████████▌| 76/80 [01:35<00:04,  1.18s/it][A

eval:  96%|█████████▋| 77/80 [01:37<00:03,  1.16s/it][A

eval:  98%|█████████▊| 78/80 [01:38<00:02,  1.21s/it][A

eval:  99%|█████████▉| 79/80 [01:39<00:01,  1.23s/it][A

eval: 100%|██████████| 80/80 [01:41<00:00,  1.29s/it][A

                                                     [A2026-05-12 08:38:28 | INFO | __main__ | eval.py:43 | [EVAL_SAMPLE] idx=0 pred=false gold=barely-true output=Label: B explain=Hartzler said, "We have less Americans working now than in the ‘70s." The statistics Hartzler’s staff said she cited show the employment-population ratio and labor force participation rate was indeed higher in 1979 than in 2015. However,... prompt=<|im_start|>system
You are a careful fact-checking assistant for LIAR-RAW claims. Classify claims using only the claim and retrieved evidence supplied by the user.<|im_end|>
<|im_start|>user
Classify the claim into exactly one LIAR-RAW l...
2026-05-12 08:38:28 | INFO | __main__ | eval.py:43 | [EVAL_SAMPLE] idx=0 pred=false gold=barely-true output=Label: B explain=Hartzler said, "We have less Americans working now than in the ‘70s." The statistics Hartzler’s staff said she cited show the employment-population ratio and labor force participation rate was indeed higher in 1979 than in 2015. However,... prompt=<|im_start|>system
You are a careful fact-checking assistant for LIAR-RAW claims. Classify claims using only the claim and retrieved evidence supplied by the user.<|im_end|>
<|im_start|>user
Classify the claim into exactly one LIAR-RAW l...
2026-05-12 08:38:28 | INFO | __main__ | eval.py:43 | [EVAL_SAMPLE] idx=1 pred=false gold=pants-fire output=Label: B explain=Ellison used a Koran that once belonged to Thomas Jefferson, borrowing the rare book from the Library of Congress. It goes without saying that Ellison is not Obama. UPDATE: Barack Obama resigned from Trinity United Church of Christ on Ma... prompt=<|im_start|>system
You are a careful fact-checking assistant for LIAR-RAW claims. Classify claims using only the claim and retrieved evidence supplied by the user.<|im_end|>
<|im_start|>user
Classify the claim into exactly one LIAR-RAW l...
2026-05-12 08:38:28 | INFO | __main__ | eval.py:43 | [EVAL_SAMPLE] idx=1 pred=false gold=pants-fire output=Label: B explain=Ellison used a Koran that once belonged to Thomas Jefferson, borrowing the rare book from the Library of Congress. It goes without saying that Ellison is not Obama. UPDATE: Barack Obama resigned from Trinity United Church of Christ on Ma... prompt=<|im_start|>system
You are a careful fact-checking assistant for LIAR-RAW claims. Classify claims using only the claim and retrieved evidence supplied by the user.<|im_end|>
<|im_start|>user
Classify the claim into exactly one LIAR-RAW l...
2026-05-12 08:38:28 | INFO | __main__ | eval.py:43 | [EVAL_SAMPLE] idx=2 pred=mostly-true gold=false output=Label: E explain=However, we have two professors who say the law is silent on political activity -- even if one of them sees an implicit prohibition -- and a plain reading of the law that states no explicit ban. Blumenauer said that "the statute a hundre... prompt=<|im_start|>system
You are a careful fact-checking assistant for LIAR-RAW claims. Classify claims using only the claim and retrieved evidence supplied by the user.<|im_end|>
<|im_start|>user
Classify the claim into exactly one LIAR-RAW l...
2026-05-12 08:38:28 | INFO | __main__ | trainer.py:566 | [eval] step=450 accuracy=0.2875 macro_precision=0.2913 macro_recall=0.2894 macro_f1=0.2816 parse_error_rate=0.0000
2026-05-12 08:38:28 | INFO | __main__ | trainer.py:566 | [eval] per_class:
2026-05-12 08:38:28 | INFO | __main__ | trainer.py:566 |   - barely-true: P=0.2385 R=0.2616 F1=0.2495
2026-05-12 08:38:28 | INFO | __main__ | trainer.py:566 |   - false: P=0.2939 R=0.3333 F1=0.3124
2026-05-12 08:38:28 | INFO | __main__ | trainer.py:566 |   - half-true: P=0.2635 R=0.1789 F1=0.2131
2026-05-12 08:38:28 | INFO | __main__ | trainer.py:566 |   - mostly-true: P=0.3138 R=0.4064 F1=0.3542
2026-05-12 08:38:28 | INFO | __main__ | trainer.py:566 |   - pants-fire: P=0.3046 R=0.3966 F1=0.3446
2026-05-12 08:38:28 | INFO | __main__ | trainer.py:566 |   - true: P=0.3333 R=0.1598 F1=0.2160
2026-05-12 08:38:31 | WARNING | sft.data.io | io.py:87 | [WARN] saved adapter has no LoRA tensors; rebuilding adapter weights from model state.
2026-05-12 08:38:31 | WARNING | sft.data.io | io.py:100 | [WARN] Rewrote /data/liaozijie/fact-checking/outputs/runs/mmr_lambda_sweep/build.retrieval.mmr_lambda-0.8__b81213ae/train/best/adapter_model.safetensors with 392 LoRA tensors collected from the in-memory model.
2026-05-12 08:38:36 | WARNING | sft.data.io | io.py:87 | [WARN] saved adapter has no LoRA tensors; rebuilding adapter weights from model state.
2026-05-12 08:38:37 | WARNING | sft.data.io | io.py:100 | [WARN] Rewrote /data/liaozijie/fact-checking/outputs/runs/mmr_lambda_sweep/build.retrieval.mmr_lambda-0.8__b81213ae/train/checkpoint-450/adapter_model.safetensors with 392 LoRA tensors collected from the in-memory model.

 72%|███████▏  | 451/630 [1:21:27<2:03:11, 41.29s/it]
 72%|███████▏  | 452/630 [1:21:34<1:32:20, 31.13s/it]
 72%|███████▏  | 453/630 [1:21:44<1:12:55, 24.72s/it]
 72%|███████▏  | 454/630 [1:21:56<1:01:29, 20.97s/it]
 72%|███████▏  | 455/630 [1:22:04<49:22, 16.93s/it]  
 72%|███████▏  | 456/630 [1:22:12<41:40, 14.37s/it]
 73%|███████▎  | 457/630 [1:22:19<35:09, 12.19s/it]
 73%|███████▎  | 458/630 [1:22:27<31:01, 10.82s/it]
 73%|███████▎  | 459/630 [1:22:35<28:56, 10.15s/it]
 73%|███████▎  | 460/630 [1:22:46<29:27, 10.40s/it]
 73%|███████▎  | 461/630 [1:22:56<28:37, 10.16s/it]
 73%|███████▎  | 462/630 [1:23:04<26:47,  9.57s/it]
 73%|███████▎  | 463/630 [1:23:11<24:39,  8.86s/it]
 74%|███████▎  | 464/630 [1:23:18<22:41,  8.20s/it]
 74%|███████▍  | 465/630 [1:23:24<20:52,  7.59s/it]
 74%|███████▍  | 466/630 [1:23:36<24:19,  8.90s/it]
 74%|███████▍  | 467/630 [1:23:47<25:53,  9.53s/it]
 74%|███████▍  | 468/630 [1:23:55<24:30,  9.08s/it]
 74%|███████▍  | 469/630 [1:24:05<25:04,  9.35s/it]
 75%|███████▍  | 470/630 [1:24:14<24:36,  9.23s/it]
 75%|███████▍  | 471/630 [1:24:20<21:44,  8.21s/it]
 75%|███████▍  | 472/630 [1:24:31<24:10,  9.18s/it]
 75%|███████▌  | 473/630 [1:24:42<25:13,  9.64s/it]
 75%|███████▌  | 474/630 [1:24:51<24:26,  9.40s/it]
 75%|███████▌  | 475/630 [1:24:59<23:19,  9.03s/it]
 76%|███████▌  | 476/630 [1:25:06<21:38,  8.43s/it]
 76%|███████▌  | 477/630 [1:25:14<21:12,  8.31s/it]
 76%|███████▌  | 478/630 [1:25:24<22:15,  8.78s/it]
 76%|███████▌  | 479/630 [1:25:34<23:00,  9.14s/it]
 76%|███████▌  | 480/630 [1:25:43<22:54,  9.16s/it]
 76%|███████▋  | 481/630 [1:25:52<22:26,  9.04s/it]
 77%|███████▋  | 482/630 [1:25:59<20:52,  8.46s/it]
 77%|███████▋  | 483/630 [1:26:07<20:31,  8.38s/it]
 77%|███████▋  | 484/630 [1:26:17<21:00,  8.63s/it]
 77%|███████▋  | 485/630 [1:26:26<21:39,  8.96s/it]
 77%|███████▋  | 486/630 [1:26:36<21:56,  9.14s/it]
 77%|███████▋  | 487/630 [1:26:45<21:59,  9.22s/it]
 77%|███████▋  | 488/630 [1:26:54<21:23,  9.04s/it]
 78%|███████▊  | 489/630 [1:27:01<19:49,  8.44s/it]
 78%|███████▊  | 490/630 [1:27:07<18:08,  7.78s/it]
 78%|███████▊  | 491/630 [1:27:19<20:46,  8.97s/it]
 78%|███████▊  | 492/630 [1:27:28<20:57,  9.12s/it]
 78%|███████▊  | 493/630 [1:27:38<21:03,  9.22s/it]
 78%|███████▊  | 494/630 [1:27:46<20:28,  9.04s/it]
 79%|███████▊  | 495/630 [1:27:54<19:19,  8.59s/it]
 79%|███████▊  | 496/630 [1:28:00<17:36,  7.89s/it]
 79%|███████▉  | 497/630 [1:28:13<20:54,  9.44s/it]
 79%|███████▉  | 498/630 [1:28:23<20:52,  9.49s/it]
 79%|███████▉  | 499/630 [1:28:32<20:29,  9.39s/it]
 79%|███████▉  | 500/630 [1:28:39<18:51,  8.70s/it]

eval:   0%|          | 0/80 [00:00<?, ?it/s][A

eval:   1%|▏         | 1/80 [00:00<01:09,  1.13it/s][A

eval:   2%|▎         | 2/80 [00:01<01:03,  1.23it/s][A

eval:   4%|▍         | 3/80 [00:02<01:10,  1.09it/s][A

eval:   5%|▌         | 4/80 [00:03<01:12,  1.04it/s][A

eval:   6%|▋         | 5/80 [00:04<01:12,  1.03it/s][A

eval:   8%|▊         | 6/80 [00:05<01:15,  1.02s/it][A

eval:   9%|▉         | 7/80 [00:06<01:10,  1.04it/s][A

eval:  10%|█         | 8/80 [00:08<01:17,  1.08s/it][A

eval:  11%|█▏        | 9/80 [00:09<01:18,  1.11s/it][A

eval:  12%|█▎        | 10/80 [00:10<01:13,  1.05s/it][A

eval:  14%|█▍        | 11/80 [00:12<01:38,  1.43s/it][A

eval:  15%|█▌        | 12/80 [00:13<01:38,  1.46s/it][A

eval:  16%|█▋        | 13/80 [00:15<01:37,  1.45s/it][A

eval:  18%|█▊        | 14/80 [00:16<01:22,  1.26s/it][A

eval:  19%|█▉        | 15/80 [00:17<01:32,  1.42s/it][A

eval:  20%|██        | 16/80 [00:18<01:18,  1.23s/it][A

eval:  21%|██▏       | 17/80 [00:20<01:23,  1.33s/it][A

eval:  22%|██▎       | 18/80 [00:21<01:11,  1.16s/it][A

eval:  24%|██▍       | 19/80 [00:21<01:04,  1.06s/it][A

eval:  25%|██▌       | 20/80 [00:24<01:27,  1.45s/it][A

eval:  26%|██▋       | 21/80 [00:25<01:14,  1.26s/it][A

eval:  28%|██▊       | 22/80 [00:25<01:05,  1.13s/it][A

eval:  29%|██▉       | 23/80 [00:26<01:02,  1.11s/it][A

eval:  30%|███       | 24/80 [00:28<01:06,  1.18s/it][A

eval:  31%|███▏      | 25/80 [00:29<00:57,  1.05s/it][A

eval:  32%|███▎      | 26/80 [00:30<00:56,  1.05s/it][A

eval:  34%|███▍      | 27/80 [00:31<01:00,  1.13s/it][A

eval:  35%|███▌      | 28/80 [00:32<01:02,  1.20s/it][A

eval:  36%|███▋      | 29/80 [00:34<01:03,  1.24s/it][A

eval:  38%|███▊      | 30/80 [00:34<00:54,  1.09s/it][A

eval:  39%|███▉      | 31/80 [00:36<01:06,  1.35s/it][A

eval:  40%|████      | 32/80 [00:37<00:59,  1.24s/it][A

eval:  41%|████▏     | 33/80 [00:39<01:09,  1.49s/it][A

eval:  42%|████▎     | 34/80 [00:40<01:02,  1.36s/it][A

eval:  44%|████▍     | 35/80 [00:42<01:10,  1.58s/it][A

eval:  45%|████▌     | 36/80 [00:43<01:00,  1.38s/it][A

eval:  46%|████▋     | 37/80 [00:45<01:08,  1.59s/it][A

eval:  48%|████▊     | 38/80 [00:46<00:56,  1.36s/it][A

eval:  49%|████▉     | 39/80 [00:47<00:48,  1.19s/it][A

eval:  50%|█████     | 40/80 [00:48<00:42,  1.05s/it][A

eval:  51%|█████▏    | 41/80 [00:49<00:45,  1.17s/it][A

eval:  52%|█████▎    | 42/80 [00:50<00:40,  1.07s/it][A

eval:  54%|█████▍    | 43/80 [00:51<00:41,  1.13s/it][A

eval:  55%|█████▌    | 44/80 [00:52<00:39,  1.09s/it][A

eval:  56%|█████▋    | 45/80 [00:53<00:35,  1.01s/it][A

eval:  57%|█████▊    | 46/80 [00:54<00:35,  1.04s/it][A

eval:  59%|█████▉    | 47/80 [00:55<00:35,  1.08s/it][A

eval:  60%|██████    | 48/80 [00:57<00:39,  1.23s/it][A

eval:  61%|██████▏   | 49/80 [00:58<00:39,  1.27s/it][A

eval:  62%|██████▎   | 50/80 [00:59<00:33,  1.12s/it][A

eval:  64%|██████▍   | 51/80 [01:00<00:33,  1.17s/it][A

eval:  65%|██████▌   | 52/80 [01:02<00:34,  1.25s/it][A

eval:  66%|██████▋   | 53/80 [01:03<00:34,  1.26s/it][A

eval:  68%|██████▊   | 54/80 [01:05<00:35,  1.37s/it][A

eval:  69%|██████▉   | 55/80 [01:06<00:30,  1.20s/it][A

eval:  70%|███████   | 56/80 [01:08<00:34,  1.45s/it][A

eval:  71%|███████▏  | 57/80 [01:08<00:28,  1.26s/it][A

eval:  72%|███████▎  | 58/80 [01:10<00:32,  1.46s/it][A

eval:  74%|███████▍  | 59/80 [01:11<00:26,  1.26s/it][A

eval:  75%|███████▌  | 60/80 [01:13<00:26,  1.32s/it][A

eval:  76%|███████▋  | 61/80 [01:14<00:25,  1.34s/it][A

eval:  78%|███████▊  | 62/80 [01:16<00:24,  1.38s/it][A

eval:  79%|███████▉  | 63/80 [01:17<00:25,  1.47s/it][A

eval:  80%|████████  | 64/80 [01:19<00:23,  1.47s/it][A

eval:  81%|████████▏ | 65/80 [01:19<00:18,  1.26s/it][A

eval:  82%|████████▎ | 66/80 [01:20<00:16,  1.15s/it][A

eval:  84%|████████▍ | 67/80 [01:21<00:13,  1.06s/it][A

eval:  85%|████████▌ | 68/80 [01:22<00:11,  1.00it/s][A

eval:  86%|████████▋ | 69/80 [01:23<00:11,  1.03s/it][A

eval:  88%|████████▊ | 70/80 [01:24<00:09,  1.02it/s][A

eval:  89%|████████▉ | 71/80 [01:25<00:08,  1.04it/s][A

eval:  90%|█████████ | 72/80 [01:26<00:08,  1.04s/it][A

eval:  91%|█████████▏| 73/80 [01:27<00:06,  1.05it/s][A

eval:  92%|█████████▎| 74/80 [01:28<00:06,  1.02s/it][A

eval:  94%|█████████▍| 75/80 [01:29<00:05,  1.14s/it][A

eval:  95%|█████████▌| 76/80 [01:30<00:04,  1.10s/it][A

eval:  96%|█████████▋| 77/80 [01:32<00:03,  1.32s/it][A

eval:  98%|█████████▊| 78/80 [01:33<00:02,  1.16s/it][A

eval:  99%|█████████▉| 79/80 [01:34<00:01,  1.20s/it][A

eval: 100%|██████████| 80/80 [01:36<00:00,  1.27s/it][A

                                                     [A2026-05-12 08:47:33 | INFO | __main__ | eval.py:43 | [EVAL_SAMPLE] idx=0 pred=false gold=barely-true output=Label: B explain=Hartzler said, "We have less Americans working now than in the ‘70s." The statistics Hartzler’s staff said she cited show the employment-population ratio and labor force participation rate was indeed higher in 1979 than in 2015. However,... prompt=<|im_start|>system
You are a careful fact-checking assistant for LIAR-RAW claims. Classify claims using only the claim and retrieved evidence supplied by the user.<|im_end|>
<|im_start|>user
Classify the claim into exactly one LIAR-RAW l...
2026-05-12 08:47:33 | INFO | __main__ | eval.py:43 | [EVAL_SAMPLE] idx=0 pred=false gold=barely-true output=Label: B explain=Hartzler said, "We have less Americans working now than in the ‘70s." The statistics Hartzler’s staff said she cited show the employment-population ratio and labor force participation rate was indeed higher in 1979 than in 2015. However,... prompt=<|im_start|>system
You are a careful fact-checking assistant for LIAR-RAW claims. Classify claims using only the claim and retrieved evidence supplied by the user.<|im_end|>
<|im_start|>user
Classify the claim into exactly one LIAR-RAW l...
2026-05-12 08:47:33 | INFO | __main__ | eval.py:43 | [EVAL_SAMPLE] idx=1 pred=false gold=pants-fire output=Label: B explain=Ellison used a Koran that once belonged to Thomas Jefferson, borrowing the rare book from the Library of Congress. It goes without saying that Ellison is not Obama. UPDATE: Barack Obama resigned from Trinity United Church of Christ on Ma... prompt=<|im_start|>system
You are a careful fact-checking assistant for LIAR-RAW claims. Classify claims using only the claim and retrieved evidence supplied by the user.<|im_end|>
<|im_start|>user
Classify the claim into exactly one LIAR-RAW l...
2026-05-12 08:47:33 | INFO | __main__ | eval.py:43 | [EVAL_SAMPLE] idx=1 pred=false gold=pants-fire output=Label: B explain=Ellison used a Koran that once belonged to Thomas Jefferson, borrowing the rare book from the Library of Congress. It goes without saying that Ellison is not Obama. UPDATE: Barack Obama resigned from Trinity United Church of Christ on Ma... prompt=<|im_start|>system
You are a careful fact-checking assistant for LIAR-RAW claims. Classify claims using only the claim and retrieved evidence supplied by the user.<|im_end|>
<|im_start|>user
Classify the claim into exactly one LIAR-RAW l...
2026-05-12 08:47:33 | INFO | __main__ | eval.py:43 | [EVAL_SAMPLE] idx=2 pred=mostly-true gold=false output=Label: E explain=However, we have two professors who say the law is silent on political activity -- even if one of them sees an implicit prohibition -- and a plain reading of the law that states no explicit ban. Blumenauer said that "the statute a hundre... prompt=<|im_start|>system
You are a careful fact-checking assistant for LIAR-RAW claims. Classify claims using only the claim and retrieved evidence supplied by the user.<|im_end|>
<|im_start|>user
Classify the claim into exactly one LIAR-RAW l...
2026-05-12 08:47:33 | INFO | __main__ | trainer.py:566 | [eval] step=500 accuracy=0.2930 macro_precision=0.3051 macro_recall=0.2953 macro_f1=0.2747 parse_error_rate=0.0000
2026-05-12 08:47:33 | INFO | __main__ | trainer.py:566 | [eval] per_class:
2026-05-12 08:47:33 | INFO | __main__ | trainer.py:566 |   - barely-true: P=0.3415 R=0.0591 F1=0.1007
2026-05-12 08:47:33 | INFO | __main__ | trainer.py:566 |   - false: P=0.2676 R=0.5249 F1=0.3545
2026-05-12 08:47:33 | INFO | __main__ | trainer.py:566 |   - half-true: P=0.2840 R=0.1870 F1=0.2255
2026-05-12 08:47:33 | INFO | __main__ | trainer.py:566 |   - mostly-true: P=0.3426 R=0.3426 F1=0.3426
2026-05-12 08:47:33 | INFO | __main__ | trainer.py:566 |   - pants-fire: P=0.3231 R=0.3621 F1=0.3415
2026-05-12 08:47:33 | INFO | __main__ | trainer.py:566 |   - true: P=0.2717 R=0.2959 F1=0.2833
2026-05-12 08:47:37 | WARNING | sft.data.io | io.py:87 | [WARN] saved adapter has no LoRA tensors; rebuilding adapter weights from model state.
2026-05-12 08:47:38 | WARNING | sft.data.io | io.py:100 | [WARN] Rewrote /data/liaozijie/fact-checking/outputs/runs/mmr_lambda_sweep/build.retrieval.mmr_lambda-0.8__b81213ae/train/checkpoint-500/adapter_model.safetensors with 392 LoRA tensors collected from the in-memory model.

 80%|███████▉  | 501/630 [1:30:27<1:22:31, 38.38s/it]
 80%|███████▉  | 502/630 [1:30:33<1:01:21, 28.76s/it]
 80%|███████▉  | 503/630 [1:30:41<47:45, 22.56s/it]  
 80%|████████  | 504/630 [1:30:52<40:16, 19.18s/it]
 80%|████████  | 505/630 [1:31:02<33:57, 16.30s/it]
 80%|████████  | 506/630 [1:31:10<28:32, 13.81s/it]
 80%|████████  | 507/630 [1:31:19<25:16, 12.33s/it]
 81%|████████  | 508/630 [1:31:27<22:16, 10.96s/it]
 81%|████████  | 509/630 [1:31:37<21:27, 10.64s/it]
 81%|████████  | 510/630 [1:31:48<21:35, 10.80s/it]
 81%|████████  | 511/630 [1:31:57<20:43, 10.45s/it]
 81%|████████▏ | 512/630 [1:32:06<19:30,  9.92s/it]
 81%|████████▏ | 513/630 [1:32:13<17:45,  9.11s/it]
 82%|████████▏ | 514/630 [1:32:21<16:33,  8.57s/it]
 82%|████████▏ | 515/630 [1:32:27<14:59,  7.82s/it]
 82%|████████▏ | 516/630 [1:32:38<17:01,  8.96s/it]
 82%|████████▏ | 517/630 [1:32:49<17:52,  9.49s/it]
 82%|████████▏ | 518/630 [1:32:57<16:53,  9.05s/it]
 82%|████████▏ | 519/630 [1:33:05<16:15,  8.79s/it]
 83%|████████▎ | 520/630 [1:33:14<16:06,  8.78s/it]
 83%|████████▎ | 521/630 [1:33:21<14:49,  8.16s/it]
 83%|████████▎ | 522/630 [1:33:33<16:56,  9.41s/it]
 83%|████████▎ | 523/630 [1:33:43<17:04,  9.57s/it]
 83%|████████▎ | 524/630 [1:33:52<16:45,  9.49s/it]
 83%|████████▎ | 525/630 [1:33:58<14:44,  8.42s/it]
 83%|████████▎ | 526/630 [1:34:06<14:02,  8.10s/it]
 84%|████████▎ | 527/630 [1:34:13<13:37,  7.94s/it]
 84%|████████▍ | 528/630 [1:34:22<14:00,  8.24s/it]
 84%|████████▍ | 529/630 [1:34:30<13:54,  8.27s/it]
 84%|████████▍ | 530/630 [1:34:40<14:14,  8.54s/it]
 84%|████████▍ | 531/630 [1:34:48<13:54,  8.43s/it]
 84%|████████▍ | 532/630 [1:34:55<13:17,  8.14s/it]
 85%|████████▍ | 533/630 [1:35:02<12:25,  7.69s/it]
 85%|████████▍ | 534/630 [1:35:10<12:28,  7.79s/it]
 85%|████████▍ | 535/630 [1:35:20<13:30,  8.53s/it]
 85%|████████▌ | 536/630 [1:35:29<13:38,  8.70s/it]
 85%|████████▌ | 537/630 [1:35:38<13:39,  8.81s/it]
 85%|████████▌ | 538/630 [1:35:46<13:07,  8.56s/it]
 86%|████████▌ | 539/630 [1:35:54<12:34,  8.29s/it]
 86%|████████▌ | 540/630 [1:36:00<11:28,  7.65s/it]
 86%|████████▌ | 541/630 [1:36:13<13:44,  9.26s/it]
 86%|████████▌ | 542/630 [1:36:23<13:56,  9.50s/it]
 86%|████████▌ | 543/630 [1:36:33<13:57,  9.62s/it]
 86%|████████▋ | 544/630 [1:36:41<13:04,  9.12s/it]
 87%|████████▋ | 545/630 [1:36:48<11:49,  8.35s/it]
 87%|████████▋ | 546/630 [1:36:53<10:29,  7.49s/it]
 87%|████████▋ | 547/630 [1:37:05<12:01,  8.69s/it]
 87%|████████▋ | 548/630 [1:37:14<12:04,  8.84s/it]
 87%|████████▋ | 549/630 [1:37:23<12:07,  8.99s/it]
 87%|████████▋ | 550/630 [1:37:31<11:39,  8.74s/it]

eval:   0%|          | 0/80 [00:00<?, ?it/s][A

eval:   1%|▏         | 1/80 [00:01<01:54,  1.44s/it][A

eval:   2%|▎         | 2/80 [00:02<01:47,  1.38s/it][A

eval:   4%|▍         | 3/80 [00:03<01:26,  1.12s/it][A

eval:   5%|▌         | 4/80 [00:04<01:22,  1.08s/it][A

eval:   6%|▋         | 5/80 [00:05<01:13,  1.02it/s][A

eval:   8%|▊         | 6/80 [00:06<01:06,  1.11it/s][A

eval:   9%|▉         | 7/80 [00:07<01:04,  1.13it/s][A

eval:  10%|█         | 8/80 [00:08<01:10,  1.02it/s][A

eval:  11%|█▏        | 9/80 [00:08<01:04,  1.10it/s][A

eval:  12%|█▎        | 10/80 [00:10<01:17,  1.11s/it][A

eval:  14%|█▍        | 11/80 [00:11<01:20,  1.17s/it][A

eval:  15%|█▌        | 12/80 [00:13<01:34,  1.38s/it][A

eval:  16%|█▋        | 13/80 [00:14<01:20,  1.21s/it][A

eval:  18%|█▊        | 14/80 [00:15<01:22,  1.26s/it][A

eval:  19%|█▉        | 15/80 [00:17<01:26,  1.34s/it][A

eval:  20%|██        | 16/80 [00:18<01:26,  1.35s/it][A

eval:  21%|██▏       | 17/80 [00:20<01:29,  1.42s/it][A

eval:  22%|██▎       | 18/80 [00:21<01:28,  1.42s/it][A

eval:  24%|██▍       | 19/80 [00:23<01:26,  1.42s/it][A

eval:  25%|██▌       | 20/80 [00:24<01:29,  1.49s/it][A

eval:  26%|██▋       | 21/80 [00:25<01:15,  1.28s/it][A

eval:  28%|██▊       | 22/80 [00:26<01:06,  1.14s/it][A

eval:  29%|██▉       | 23/80 [00:27<01:10,  1.24s/it][A

eval:  30%|███       | 24/80 [00:29<01:07,  1.21s/it][A

eval:  31%|███▏      | 25/80 [00:29<01:01,  1.12s/it][A

eval:  32%|███▎      | 26/80 [00:30<00:54,  1.00s/it][A

eval:  34%|███▍      | 27/80 [00:31<00:52,  1.00it/s][A

eval:  35%|███▌      | 28/80 [00:32<00:54,  1.05s/it][A

eval:  36%|███▋      | 29/80 [00:33<00:49,  1.04it/s][A

eval:  38%|███▊      | 30/80 [00:34<00:48,  1.03it/s][A

eval:  39%|███▉      | 31/80 [00:35<00:51,  1.05s/it][A

eval:  40%|████      | 32/80 [00:36<00:49,  1.03s/it][A

eval:  41%|████▏     | 33/80 [00:38<00:51,  1.09s/it][A

eval:  42%|████▎     | 34/80 [00:39<00:56,  1.22s/it][A

eval:  44%|████▍     | 35/80 [00:41<01:06,  1.47s/it][A

eval:  45%|████▌     | 36/80 [00:42<00:57,  1.31s/it][A

eval:  46%|████▋     | 37/80 [00:44<01:06,  1.54s/it][A

eval:  48%|████▊     | 38/80 [00:45<00:55,  1.33s/it][A

eval:  49%|████▉     | 39/80 [00:46<00:55,  1.37s/it][A

eval:  50%|█████     | 40/80 [00:48<00:53,  1.34s/it][A

eval:  51%|█████▏    | 41/80 [00:50<01:06,  1.70s/it][A

eval:  52%|█████▎    | 42/80 [00:51<00:54,  1.44s/it][A

eval:  54%|█████▍    | 43/80 [00:52<00:48,  1.31s/it][A

eval:  55%|█████▌    | 44/80 [00:53<00:41,  1.16s/it][A

eval:  56%|█████▋    | 45/80 [00:54<00:38,  1.10s/it][A

eval:  57%|█████▊    | 46/80 [00:55<00:33,  1.00it/s][A

eval:  59%|█████▉    | 47/80 [00:55<00:30,  1.07it/s][A

eval:  60%|██████    | 48/80 [00:57<00:37,  1.18s/it][A

eval:  61%|██████▏   | 49/80 [00:58<00:33,  1.08s/it][A

eval:  62%|██████▎   | 50/80 [00:59<00:32,  1.09s/it][A

eval:  64%|██████▍   | 51/80 [01:00<00:33,  1.15s/it][A

eval:  65%|██████▌   | 52/80 [01:01<00:30,  1.08s/it][A

eval:  66%|██████▋   | 53/80 [01:03<00:30,  1.13s/it][A

eval:  68%|██████▊   | 54/80 [01:04<00:31,  1.21s/it][A

eval:  69%|██████▉   | 55/80 [01:05<00:31,  1.27s/it][A

eval:  70%|███████   | 56/80 [01:07<00:31,  1.32s/it][A

eval:  71%|███████▏  | 57/80 [01:08<00:30,  1.33s/it][A

eval:  72%|███████▎  | 58/80 [01:10<00:29,  1.34s/it][A

eval:  74%|███████▍  | 59/80 [01:10<00:24,  1.17s/it][A

eval:  75%|███████▌  | 60/80 [01:12<00:28,  1.45s/it][A

eval:  76%|███████▋  | 61/80 [01:13<00:23,  1.25s/it][A

eval:  78%|███████▊  | 62/80 [01:14<00:20,  1.11s/it][A

eval:  79%|███████▉  | 63/80 [01:15<00:17,  1.06s/it][A

eval:  80%|████████  | 64/80 [01:16<00:15,  1.01it/s][A

eval:  81%|████████▏ | 65/80 [01:17<00:13,  1.08it/s][A

eval:  82%|████████▎ | 66/80 [01:17<00:12,  1.13it/s][A

eval:  84%|████████▍ | 67/80 [01:18<00:11,  1.09it/s][A

eval:  85%|████████▌ | 68/80 [01:19<00:11,  1.03it/s][A

eval:  86%|████████▋ | 69/80 [01:20<00:10,  1.08it/s][A

eval:  88%|████████▊ | 70/80 [01:21<00:09,  1.00it/s][A

eval:  89%|████████▉ | 71/80 [01:23<00:09,  1.07s/it][A

eval:  90%|█████████ | 72/80 [01:23<00:07,  1.01it/s][A

eval:  91%|█████████▏| 73/80 [01:25<00:08,  1.24s/it][A

eval:  92%|█████████▎| 74/80 [01:26<00:06,  1.11s/it][A

eval:  94%|█████████▍| 75/80 [01:28<00:06,  1.23s/it][A

eval:  95%|█████████▌| 76/80 [01:29<00:05,  1.30s/it][A

eval:  96%|█████████▋| 77/80 [01:30<00:04,  1.35s/it][A

eval:  98%|█████████▊| 78/80 [01:32<00:02,  1.36s/it][A

eval:  99%|█████████▉| 79/80 [01:33<00:01,  1.39s/it][A

eval: 100%|██████████| 80/80 [01:35<00:00,  1.40s/it][A

                                                     [A2026-05-12 08:56:24 | INFO | __main__ | eval.py:43 | [EVAL_SAMPLE] idx=0 pred=false gold=barely-true output=Label: B explain=Hartzler said, "We have less Americans working now than in the ‘70s." The statistics Hartzler’s staff said she cited show the employment-population ratio and labor force participation rate was indeed higher in 1979 than in 2015. However,... prompt=<|im_start|>system
You are a careful fact-checking assistant for LIAR-RAW claims. Classify claims using only the claim and retrieved evidence supplied by the user.<|im_end|>
<|im_start|>user
Classify the claim into exactly one LIAR-RAW l...
2026-05-12 08:56:24 | INFO | __main__ | eval.py:43 | [EVAL_SAMPLE] idx=0 pred=false gold=barely-true output=Label: B explain=Hartzler said, "We have less Americans working now than in the ‘70s." The statistics Hartzler’s staff said she cited show the employment-population ratio and labor force participation rate was indeed higher in 1979 than in 2015. However,... prompt=<|im_start|>system
You are a careful fact-checking assistant for LIAR-RAW claims. Classify claims using only the claim and retrieved evidence supplied by the user.<|im_end|>
<|im_start|>user
Classify the claim into exactly one LIAR-RAW l...
2026-05-12 08:56:24 | INFO | __main__ | eval.py:43 | [EVAL_SAMPLE] idx=1 pred=false gold=pants-fire output=Label: B explain=Ellison used a Koran that once belonged to Thomas Jefferson, borrowing the rare book from the Library of Congress. It goes without saying that Ellison is not Obama. UPDATE: Barack Obama resigned from Trinity United Church of Christ on Ma... prompt=<|im_start|>system
You are a careful fact-checking assistant for LIAR-RAW claims. Classify claims using only the claim and retrieved evidence supplied by the user.<|im_end|>
<|im_start|>user
Classify the claim into exactly one LIAR-RAW l...
2026-05-12 08:56:24 | INFO | __main__ | eval.py:43 | [EVAL_SAMPLE] idx=1 pred=false gold=pants-fire output=Label: B explain=Ellison used a Koran that once belonged to Thomas Jefferson, borrowing the rare book from the Library of Congress. It goes without saying that Ellison is not Obama. UPDATE: Barack Obama resigned from Trinity United Church of Christ on Ma... prompt=<|im_start|>system
You are a careful fact-checking assistant for LIAR-RAW claims. Classify claims using only the claim and retrieved evidence supplied by the user.<|im_end|>
<|im_start|>user
Classify the claim into exactly one LIAR-RAW l...
2026-05-12 08:56:24 | INFO | __main__ | eval.py:43 | [EVAL_SAMPLE] idx=2 pred=half-true gold=false output=Label: D explain=However, we have two professors who say the law is silent on political activity -- even if one of them sees an implicit prohibition -- and a plain reading of the law that states no explicit ban. Blumenauer said that "the statute a hundre... prompt=<|im_start|>system
You are a careful fact-checking assistant for LIAR-RAW claims. Classify claims using only the claim and retrieved evidence supplied by the user.<|im_end|>
<|im_start|>user
Classify the claim into exactly one LIAR-RAW l...
2026-05-12 08:56:24 | INFO | __main__ | trainer.py:566 | [eval] step=550 accuracy=0.2961 macro_precision=0.3175 macro_recall=0.3153 macro_f1=0.2997 parse_error_rate=0.0000
2026-05-12 08:56:24 | INFO | __main__ | trainer.py:566 | [eval] per_class:
2026-05-12 08:56:24 | INFO | __main__ | trainer.py:566 |   - barely-true: P=0.2632 R=0.3586 F1=0.3036
2026-05-12 08:56:24 | INFO | __main__ | trainer.py:566 |   - false: P=0.2794 R=0.2912 F1=0.2852
2026-05-12 08:56:24 | INFO | __main__ | trainer.py:566 |   - half-true: P=0.2825 R=0.2033 F1=0.2364
2026-05-12 08:56:24 | INFO | __main__ | trainer.py:566 |   - mostly-true: P=0.5000 R=0.2032 F1=0.2890
2026-05-12 08:56:24 | INFO | __main__ | trainer.py:566 |   - pants-fire: P=0.3029 R=0.4569 F1=0.3643
2026-05-12 08:56:24 | INFO | __main__ | trainer.py:566 |   - true: P=0.2771 R=0.3787 F1=0.3200
2026-05-12 08:56:27 | WARNING | sft.data.io | io.py:87 | [WARN] saved adapter has no LoRA tensors; rebuilding adapter weights from model state.
2026-05-12 08:56:27 | WARNING | sft.data.io | io.py:100 | [WARN] Rewrote /data/liaozijie/fact-checking/outputs/runs/mmr_lambda_sweep/build.retrieval.mmr_lambda-0.8__b81213ae/train/best/adapter_model.safetensors with 392 LoRA tensors collected from the in-memory model.
2026-05-12 08:56:33 | WARNING | sft.data.io | io.py:87 | [WARN] saved adapter has no LoRA tensors; rebuilding adapter weights from model state.
2026-05-12 08:56:33 | WARNING | sft.data.io | io.py:100 | [WARN] Rewrote /data/liaozijie/fact-checking/outputs/runs/mmr_lambda_sweep/build.retrieval.mmr_lambda-0.8__b81213ae/train/checkpoint-550/adapter_model.safetensors with 392 LoRA tensors collected from the in-memory model.

 87%|████████▋ | 551/630 [1:39:22<51:55, 39.44s/it]
 88%|████████▊ | 552/630 [1:39:29<38:27, 29.58s/it]
 88%|████████▊ | 553/630 [1:39:37<29:52, 23.28s/it]
 88%|████████▊ | 554/630 [1:39:47<24:19, 19.21s/it]
 88%|████████▊ | 555/630 [1:39:57<20:35, 16.47s/it]
 88%|████████▊ | 556/630 [1:40:07<17:44, 14.38s/it]
 88%|████████▊ | 557/630 [1:40:14<14:49, 12.18s/it]
 89%|████████▊ | 558/630 [1:40:22<13:15, 11.05s/it]
 89%|████████▊ | 559/630 [1:40:30<12:00, 10.15s/it]
 89%|████████▉ | 560/630 [1:40:40<11:38,  9.98s/it]
 89%|████████▉ | 561/630 [1:40:50<11:33, 10.05s/it]
 89%|████████▉ | 562/630 [1:40:57<10:25,  9.21s/it]
 89%|████████▉ | 563/630 [1:41:05<09:47,  8.77s/it]
 90%|████████▉ | 564/630 [1:41:12<09:02,  8.22s/it]
 90%|████████▉ | 565/630 [1:41:17<07:55,  7.32s/it]
 90%|████████▉ | 566/630 [1:41:28<08:59,  8.43s/it]
 90%|█████████ | 567/630 [1:41:37<09:02,  8.60s/it]
 90%|█████████ | 568/630 [1:41:46<08:47,  8.50s/it]
 90%|█████████ | 569/630 [1:41:53<08:19,  8.19s/it]
 90%|█████████ | 570/630 [1:42:01<08:03,  8.06s/it]
 91%|█████████ | 571/630 [1:42:07<07:21,  7.49s/it]
 91%|█████████ | 572/630 [1:42:19<08:32,  8.83s/it]
 91%|█████████ | 573/630 [1:42:30<09:05,  9.57s/it]
 91%|█████████ | 574/630 [1:42:39<08:47,  9.42s/it]
 91%|█████████▏| 575/630 [1:42:48<08:27,  9.23s/it]
 91%|█████████▏| 576/630 [1:42:56<07:58,  8.86s/it]
 92%|█████████▏| 577/630 [1:43:04<07:40,  8.69s/it]
 92%|█████████▏| 578/630 [1:43:12<07:20,  8.48s/it]
 92%|█████████▏| 579/630 [1:43:21<07:19,  8.62s/it]
 92%|█████████▏| 580/630 [1:43:30<07:14,  8.69s/it]
 92%|█████████▏| 581/630 [1:43:38<06:55,  8.48s/it]
 92%|█████████▏| 582/630 [1:43:46<06:35,  8.25s/it]
 93%|█████████▎| 583/630 [1:43:52<05:58,  7.62s/it]
 93%|█████████▎| 584/630 [1:44:02<06:20,  8.26s/it]
 93%|█████████▎| 585/630 [1:44:12<06:42,  8.94s/it]
 93%|█████████▎| 586/630 [1:44:22<06:38,  9.05s/it]
 93%|█████████▎| 587/630 [1:44:30<06:20,  8.86s/it]
 93%|█████████▎| 588/630 [1:44:37<05:49,  8.32s/it]
 93%|█████████▎| 589/630 [1:44:44<05:30,  8.06s/it]
 94%|█████████▎| 590/630 [1:44:52<05:12,  7.81s/it]
 94%|█████████▍| 591/630 [1:45:01<05:22,  8.27s/it]
 94%|█████████▍| 592/630 [1:45:11<05:33,  8.76s/it]
 94%|█████████▍| 593/630 [1:45:20<05:28,  8.88s/it]
 94%|█████████▍| 594/630 [1:45:28<05:11,  8.65s/it]
 94%|█████████▍| 595/630 [1:45:36<04:49,  8.26s/it]
 95%|█████████▍| 596/630 [1:45:43<04:30,  7.95s/it]
 95%|█████████▍| 597/630 [1:45:53<04:47,  8.71s/it]
 95%|█████████▍| 598/630 [1:46:02<04:39,  8.74s/it]
 95%|█████████▌| 599/630 [1:46:10<04:24,  8.53s/it]
 95%|█████████▌| 600/630 [1:46:19<04:17,  8.59s/it]

eval:   0%|          | 0/80 [00:00<?, ?it/s][A

eval:   1%|▏         | 1/80 [00:01<01:49,  1.39s/it][A

eval:   2%|▎         | 2/80 [00:02<01:43,  1.33s/it][A

eval:   4%|▍         | 3/80 [00:03<01:23,  1.09s/it][A

eval:   5%|▌         | 4/80 [00:05<01:57,  1.54s/it][A

eval:   6%|▋         | 5/80 [00:07<01:52,  1.51s/it][A

eval:   8%|▊         | 6/80 [00:08<01:44,  1.41s/it][A

eval:   9%|▉         | 7/80 [00:09<01:29,  1.23s/it][A

eval:  10%|█         | 8/80 [00:10<01:38,  1.36s/it][A

eval:  11%|█▏        | 9/80 [00:11<01:24,  1.19s/it][A

eval:  12%|█▎        | 10/80 [00:13<01:30,  1.30s/it][A

eval:  14%|█▍        | 11/80 [00:14<01:32,  1.34s/it][A

eval:  15%|█▌        | 12/80 [00:16<01:34,  1.39s/it][A

eval:  16%|█▋        | 13/80 [00:16<01:20,  1.21s/it][A

eval:  18%|█▊        | 14/80 [00:18<01:16,  1.16s/it][A

eval:  19%|█▉        | 15/80 [00:18<01:11,  1.11s/it][A

eval:  20%|██        | 16/80 [00:19<01:04,  1.01s/it][A

eval:  21%|██▏       | 17/80 [00:21<01:10,  1.12s/it][A

eval:  22%|██▎       | 18/80 [00:21<01:02,  1.01s/it][A

eval:  24%|██▍       | 19/80 [00:22<00:59,  1.02it/s][A

eval:  25%|██▌       | 20/80 [00:24<01:07,  1.12s/it][A

eval:  26%|██▋       | 21/80 [00:25<01:00,  1.03s/it][A

eval:  28%|██▊       | 22/80 [00:26<01:01,  1.06s/it][A

eval:  29%|██▉       | 23/80 [00:27<01:06,  1.17s/it][A

eval:  30%|███       | 24/80 [00:29<01:23,  1.49s/it][A

eval:  31%|███▏      | 25/80 [00:30<01:09,  1.27s/it][A

eval:  32%|███▎      | 26/80 [00:31<00:59,  1.10s/it][A

eval:  34%|███▍      | 27/80 [00:33<01:13,  1.39s/it][A

eval:  35%|███▌      | 28/80 [00:34<01:04,  1.24s/it][A

eval:  36%|███▋      | 29/80 [00:36<01:14,  1.47s/it][A

eval:  38%|███▊      | 30/80 [00:37<01:02,  1.25s/it][A

eval:  39%|███▉      | 31/80 [00:39<01:13,  1.51s/it][A

eval:  40%|████      | 32/80 [00:40<01:04,  1.35s/it][A

eval:  41%|████▏     | 33/80 [00:40<00:56,  1.20s/it][A

eval:  42%|████▎     | 34/80 [00:42<00:53,  1.16s/it][A

eval:  44%|████▍     | 35/80 [00:43<00:49,  1.10s/it][A

eval:  45%|████▌     | 36/80 [00:43<00:46,  1.05s/it][A

eval:  46%|████▋     | 37/80 [00:45<00:46,  1.08s/it][A

eval:  48%|████▊     | 38/80 [00:46<00:45,  1.07s/it][A

eval:  49%|████▉     | 39/80 [00:46<00:40,  1.01it/s][A

eval:  50%|█████     | 40/80 [00:47<00:39,  1.00it/s][A

eval:  51%|█████▏    | 41/80 [00:49<00:45,  1.18s/it][A

eval:  52%|█████▎    | 42/80 [00:50<00:40,  1.07s/it][A

eval:  54%|█████▍    | 43/80 [00:52<00:48,  1.32s/it][A

eval:  55%|█████▌    | 44/80 [00:53<00:41,  1.16s/it][A

eval:  56%|█████▋    | 45/80 [00:54<00:41,  1.19s/it][A

eval:  57%|█████▊    | 46/80 [00:55<00:41,  1.22s/it][A

eval:  59%|█████▉    | 47/80 [00:56<00:36,  1.09s/it][A

eval:  60%|██████    | 48/80 [00:58<00:47,  1.48s/it][A

eval:  61%|██████▏   | 49/80 [01:00<00:45,  1.47s/it][A

eval:  62%|██████▎   | 50/80 [01:01<00:43,  1.45s/it][A

eval:  64%|██████▍   | 51/80 [01:03<00:42,  1.47s/it][A

eval:  65%|██████▌   | 52/80 [01:04<00:41,  1.50s/it][A

eval:  66%|██████▋   | 53/80 [01:06<00:39,  1.46s/it][A

eval:  68%|██████▊   | 54/80 [01:07<00:34,  1.31s/it][A

eval:  69%|██████▉   | 55/80 [01:07<00:29,  1.17s/it][A

eval:  70%|███████   | 56/80 [01:09<00:30,  1.26s/it][A

eval:  71%|███████▏  | 57/80 [01:10<00:25,  1.13s/it][A

eval:  72%|███████▎  | 58/80 [01:11<00:23,  1.07s/it][A

eval:  74%|███████▍  | 59/80 [01:12<00:24,  1.19s/it][A

eval:  75%|███████▌  | 60/80 [01:13<00:21,  1.07s/it][A

eval:  76%|███████▋  | 61/80 [01:15<00:24,  1.29s/it][A

eval:  78%|███████▊  | 62/80 [01:15<00:20,  1.14s/it][A

eval:  79%|███████▉  | 63/80 [01:17<00:20,  1.23s/it][A

eval:  80%|████████  | 64/80 [01:18<00:19,  1.24s/it][A

eval:  81%|████████▏ | 65/80 [01:20<00:19,  1.29s/it][A

eval:  82%|████████▎ | 66/80 [01:21<00:18,  1.31s/it][A

eval:  84%|████████▍ | 67/80 [01:22<00:15,  1.17s/it][A

eval:  85%|████████▌ | 68/80 [01:24<00:16,  1.41s/it][A

eval:  86%|████████▋ | 69/80 [01:25<00:13,  1.23s/it][A

eval:  88%|████████▊ | 70/80 [01:27<00:14,  1.50s/it][A

eval:  89%|████████▉ | 71/80 [01:28<00:11,  1.30s/it][A

eval:  90%|█████████ | 72/80 [01:30<00:12,  1.56s/it][A

eval:  91%|█████████▏| 73/80 [01:30<00:09,  1.32s/it][A

eval:  92%|█████████▎| 74/80 [01:31<00:06,  1.17s/it][A

eval:  94%|█████████▍| 75/80 [01:33<00:06,  1.29s/it][A

eval:  95%|█████████▌| 76/80 [01:34<00:04,  1.21s/it][A

eval:  96%|█████████▋| 77/80 [01:35<00:03,  1.09s/it][A

eval:  98%|█████████▊| 78/80 [01:36<00:02,  1.06s/it][A

eval:  99%|█████████▉| 79/80 [01:37<00:01,  1.08s/it][A

eval: 100%|██████████| 80/80 [01:38<00:00,  1.01it/s][A

                                                     [A2026-05-12 09:05:14 | INFO | __main__ | eval.py:43 | [EVAL_SAMPLE] idx=0 pred=false gold=barely-true output=Label: B explain=Hartzler said, "We have less Americans working now than in the ‘70s." The statistics Hartzler’s staff said she cited show the employment-population ratio and labor force participation rate was indeed higher in 1979 than in 2015. However,... prompt=<|im_start|>system
You are a careful fact-checking assistant for LIAR-RAW claims. Classify claims using only the claim and retrieved evidence supplied by the user.<|im_end|>
<|im_start|>user
Classify the claim into exactly one LIAR-RAW l...
2026-05-12 09:05:14 | INFO | __main__ | eval.py:43 | [EVAL_SAMPLE] idx=0 pred=false gold=barely-true output=Label: B explain=Hartzler said, "We have less Americans working now than in the ‘70s." The statistics Hartzler’s staff said she cited show the employment-population ratio and labor force participation rate was indeed higher in 1979 than in 2015. However,... prompt=<|im_start|>system
You are a careful fact-checking assistant for LIAR-RAW claims. Classify claims using only the claim and retrieved evidence supplied by the user.<|im_end|>
<|im_start|>user
Classify the claim into exactly one LIAR-RAW l...
2026-05-12 09:05:14 | INFO | __main__ | eval.py:43 | [EVAL_SAMPLE] idx=1 pred=pants-fire gold=pants-fire output=Label: A explain=Ellison used a Koran that once belonged to Thomas Jefferson, borrowing the rare book from the Library of Congress. It goes without saying that Ellison is not Obama. UPDATE: Barack Obama resigned from Trinity United Church of Christ on Ma... prompt=<|im_start|>system
You are a careful fact-checking assistant for LIAR-RAW claims. Classify claims using only the claim and retrieved evidence supplied by the user.<|im_end|>
<|im_start|>user
Classify the claim into exactly one LIAR-RAW l...
2026-05-12 09:05:14 | INFO | __main__ | eval.py:43 | [EVAL_SAMPLE] idx=1 pred=pants-fire gold=pants-fire output=Label: A explain=Ellison used a Koran that once belonged to Thomas Jefferson, borrowing the rare book from the Library of Congress. It goes without saying that Ellison is not Obama. UPDATE: Barack Obama resigned from Trinity United Church of Christ on Ma... prompt=<|im_start|>system
You are a careful fact-checking assistant for LIAR-RAW claims. Classify claims using only the claim and retrieved evidence supplied by the user.<|im_end|>
<|im_start|>user
Classify the claim into exactly one LIAR-RAW l...
2026-05-12 09:05:14 | INFO | __main__ | eval.py:43 | [EVAL_SAMPLE] idx=2 pred=true gold=false output=Label: F explain=However, we have two professors who say the law is silent on political activity -- even if one of them sees an implicit prohibition -- and a plain reading of the law that states no explicit ban. Blumenauer said that "the statute a hundre... prompt=<|im_start|>system
You are a careful fact-checking assistant for LIAR-RAW claims. Classify claims using only the claim and retrieved evidence supplied by the user.<|im_end|>
<|im_start|>user
Classify the claim into exactly one LIAR-RAW l...
2026-05-12 09:05:14 | INFO | __main__ | trainer.py:566 | [eval] step=600 accuracy=0.2914 macro_precision=0.3309 macro_recall=0.3321 macro_f1=0.2739 parse_error_rate=0.0000
2026-05-12 09:05:14 | INFO | __main__ | trainer.py:566 | [eval] per_class:
2026-05-12 09:05:14 | INFO | __main__ | trainer.py:566 |   - barely-true: P=0.2583 R=0.5232 F1=0.3459
2026-05-12 09:05:14 | INFO | __main__ | trainer.py:566 |   - false: P=0.3750 R=0.0575 F1=0.0997
2026-05-12 09:05:14 | INFO | __main__ | trainer.py:566 |   - half-true: P=0.3333 R=0.1789 F1=0.2328
2026-05-12 09:05:14 | INFO | __main__ | trainer.py:566 |   - mostly-true: P=0.4500 R=0.1434 F1=0.2175
2026-05-12 09:05:14 | INFO | __main__ | trainer.py:566 |   - pants-fire: P=0.3014 R=0.5690 F1=0.3940
2026-05-12 09:05:14 | INFO | __main__ | trainer.py:566 |   - true: P=0.2675 R=0.5207 F1=0.3534
2026-05-12 09:05:19 | WARNING | sft.data.io | io.py:87 | [WARN] saved adapter has no LoRA tensors; rebuilding adapter weights from model state.
2026-05-12 09:05:19 | WARNING | sft.data.io | io.py:100 | [WARN] Rewrote /data/liaozijie/fact-checking/outputs/runs/mmr_lambda_sweep/build.retrieval.mmr_lambda-0.8__b81213ae/train/checkpoint-600/adapter_model.safetensors with 392 LoRA tensors collected from the in-memory model.

 95%|█████████▌| 601/630 [1:48:09<18:50, 38.98s/it]
 96%|█████████▌| 602/630 [1:48:16<13:42, 29.38s/it]
 96%|█████████▌| 603/630 [1:48:25<10:32, 23.44s/it]
 96%|█████████▌| 604/630 [1:48:36<08:29, 19.60s/it]
 96%|█████████▌| 605/630 [1:48:45<06:54, 16.59s/it]
 96%|█████████▌| 606/630 [1:48:54<05:37, 14.06s/it]
 96%|█████████▋| 607/630 [1:49:01<04:37, 12.08s/it]
 97%|█████████▋| 608/630 [1:49:08<03:53, 10.63s/it]
 97%|█████████▋| 609/630 [1:49:17<03:31, 10.07s/it]
 97%|█████████▋| 610/630 [1:49:29<03:32, 10.64s/it]
 97%|█████████▋| 611/630 [1:49:38<03:11, 10.08s/it]
 97%|█████████▋| 612/630 [1:49:47<02:54,  9.69s/it]
 97%|█████████▋| 613/630 [1:49:56<02:40,  9.46s/it]
 97%|█████████▋| 614/630 [1:50:03<02:22,  8.92s/it]
 98%|█████████▊| 615/630 [1:50:09<01:58,  7.88s/it]
 98%|█████████▊| 616/630 [1:50:21<02:09,  9.22s/it]
 98%|█████████▊| 617/630 [1:50:32<02:06,  9.72s/it]
 98%|█████████▊| 618/630 [1:50:41<01:54,  9.58s/it]
 98%|█████████▊| 619/630 [1:50:49<01:40,  9.14s/it]
 98%|█████████▊| 620/630 [1:50:57<01:27,  8.72s/it]
 99%|█████████▊| 621/630 [1:51:03<01:11,  7.93s/it]
 99%|█████████▊| 622/630 [1:51:14<01:10,  8.87s/it]
 99%|█████████▉| 623/630 [1:51:24<01:03,  9.14s/it]
 99%|█████████▉| 624/630 [1:51:33<00:54,  9.10s/it]
 99%|█████████▉| 625/630 [1:51:43<00:46,  9.24s/it]
 99%|█████████▉| 626/630 [1:51:50<00:34,  8.61s/it]
100%|█████████▉| 627/630 [1:51:58<00:25,  8.64s/it]
100%|█████████▉| 628/630 [1:52:08<00:17,  8.84s/it]
100%|█████████▉| 629/630 [1:52:16<00:08,  8.69s/it]
100%|██████████| 630/630 [1:52:20<00:00,  7.39s/it]2026-05-12 09:09:42 | WARNING | sft.data.io | io.py:87 | [WARN] saved adapter has no LoRA tensors; rebuilding adapter weights from model state.
2026-05-12 09:09:42 | WARNING | sft.data.io | io.py:100 | [WARN] Rewrote /data/liaozijie/fact-checking/outputs/runs/mmr_lambda_sweep/build.retrieval.mmr_lambda-0.8__b81213ae/train/final/adapter_model.safetensors with 392 LoRA tensors collected from the in-memory model.
swanlab: 🏠 View project at https://swanlab.cn/@fenglin/fact-checking-build-train-infer
swanlab: 🚀 View run at https://swanlab.cn/@fenglin/fact-checking-build-train-infer/runs/d3ri0p8r6x5g2h143otua

100%|██████████| 630/630 [1:52:28<00:00, 10.71s/it]
