$ accelerate launch --num_processes=4 --num_machines=1 --mixed_precision=bf16 --use_deepspeed --deepspeed_config_file /data/liaozijie/fact-checking/configs/deepspeed_zero2.json -m sft.trainer --config /data/liaozijie/fact-checking/outputs/runs/mmr_lambda_sweep/build.retrieval.mmr_lambda-0.9__2685af7b/configs/train.resolved.yaml

The following values were not passed to `accelerate launch` and had defaults used instead:
		More than one GPU was found, enabling multi-GPU training.
		If this was unintended please pass in `--num_processes=1`.
	`--dynamo_backend` was set to a value of `'no'`
To avoid this warning pass in values for each of the problematic parameters or run `accelerate config`.
W0512 09:14:55.644000 1462492 site-packages/torch/distributed/run.py:792] 
W0512 09:14:55.644000 1462492 site-packages/torch/distributed/run.py:792] *****************************************
W0512 09:14:55.644000 1462492 site-packages/torch/distributed/run.py:792] Setting OMP_NUM_THREADS environment variable for each process to be 1 in default, to avoid your system being overloaded, please further tune the variable for optimal performance in your application as needed. 
W0512 09:14:55.644000 1462492 site-packages/torch/distributed/run.py:792] *****************************************
[RANK 0] Detected kernel version 4.18.0, which is below the recommended minimum of 5.5.0; this can cause the process to hang. It is recommended to upgrade the kernel to the minimum version or higher.
swanlab: swanlab version 0.7.17 is available!  Upgrade: `pip install -U swanlab`
swanlab: Tracking run with swanlab version 0.7.16
swanlab: Run data will be saved locally in /data/liaozijie/fact-checking/swanlog/run-20260512_091510-861luracqm987rn05wghs
swanlab: 👋 Hi fenglin,welcome to swanlab!
swanlab: Syncing run mmr_lambda_sweep__build.retrieval.mmr_lambda-0.9 to the cloud
swanlab: 🏠 View project at https://swanlab.cn/@fenglin/fact-checking-build-train-infer
swanlab: 🚀 View run at https://swanlab.cn/@fenglin/fact-checking-build-train-infer/runs/861luracqm987rn05wghs
2026-05-12 09:15:17 | INFO | __main__ | trainer.py:207 | [INFO] saved resolved config to /data/liaozijie/fact-checking/outputs/runs/mmr_lambda_sweep/build.retrieval.mmr_lambda-0.9__2685af7b/train/config.resolved.yaml
2026-05-12 09:15:17 | INFO | __main__ | stats.py:59 | [PROMPT_STATS] split=train pre_mean=848.72 pre_p95=1165 pre_overflow=0 post_mean=848.72 post_p95=1165 post_overflow=0 truncated=2 trunc_rate=0.0002
2026-05-12 09:15:17 | INFO | __main__ | stats.py:59 | [PROMPT_STATS] split=val pre_mean=868.25 pre_p95=1155 pre_overflow=0 post_mean=868.25 post_p95=1155 post_overflow=0 truncated=0 trunc_rate=0.0000
2026-05-12 09:15:17 | INFO | __main__ | trainer.py:269 | [INFO] prompt statistics saved to /data/liaozijie/fact-checking/outputs/runs/mmr_lambda_sweep/build.retrieval.mmr_lambda-0.9__2685af7b/train/prompt_stats/prompt_stats.json

Loading checkpoint shards:   0%|          | 0/4 [00:00<?, ?it/s]
Loading checkpoint shards:   0%|          | 0/4 [00:00<?, ?it/s]
Loading checkpoint shards:   0%|          | 0/4 [00:00<?, ?it/s]
Loading checkpoint shards:   0%|          | 0/4 [00:00<?, ?it/s]
Loading checkpoint shards: 100%|██████████| 4/4 [00:00<00:00, 94.72it/s]

Loading checkpoint shards: 100%|██████████| 4/4 [00:00<00:00, 112.26it/s]

Loading checkpoint shards: 100%|██████████| 4/4 [00:00<00:00, 106.18it/s]

Loading checkpoint shards: 100%|██████████| 4/4 [00:00<00:00, 101.09it/s]
2026-05-12 09:15:17 | INFO | __main__ | adapters.py:97 | [INFO] LoRA enabled: trainable parameters=40370176 / 7655986688 (0.5273%), r=16, alpha=32
2026-05-12 09:15:41 | INFO | __main__ | trainer.py:359 | [INFO] Optimizer will update LoRA/trainable parameters only.
2026-05-12 09:15:50 | INFO | __main__ | trainer.py:390 | [INFO] dataloader length around accelerator.prepare: before=2516, after=629
2026-05-12 09:15:50 | WARNING | __main__ | trainer.py:396 | [WARN] len(train_dl) changed after accelerator.prepare: before=2516, after=629. This may indicate duplicated sharding/re-partitioning across distributed samplers.
2026-05-12 09:15:50 | INFO | __main__ | trainer.py:413 | [INFO] train progress setup (post-prepare): num_epochs=2, len(train_dl)=629, effective_grad_accum_steps=2, update_steps_per_epoch=315, max_train_steps=630
2026-05-12 09:15:50 | INFO | __main__ | trainer.py:122 | [INFO] logit_adjust enabled: tau=1.000 priors=['0.0807', '0.1945', '0.1601', '0.2074', '0.1937', '0.1636'] letters=[362, 425, 356, 422, 468, 434] prefix=[2476, 25]
2026-05-12 09:15:50 | INFO | __main__ | trainer.py:434 | [INFO] logit_adjust config saved to /data/liaozijie/fact-checking/outputs/runs/mmr_lambda_sweep/build.retrieval.mmr_lambda-0.9__2685af7b/train/logit_adjust.json

  0%|          | 0/630 [00:00<?, ?it/s]
  0%|          | 1/630 [00:13<2:20:09, 13.37s/it]
  0%|          | 2/630 [00:24<2:03:26, 11.79s/it]
  0%|          | 3/630 [00:32<1:48:19, 10.37s/it]
  1%|          | 4/630 [00:40<1:37:34,  9.35s/it]
  1%|          | 5/630 [00:47<1:30:14,  8.66s/it]
  1%|          | 6/630 [00:54<1:23:58,  8.08s/it]
  1%|          | 7/630 [01:07<1:38:49,  9.52s/it]
  1%|▏         | 8/630 [01:17<1:42:08,  9.85s/it]
  1%|▏         | 9/630 [01:26<1:39:01,  9.57s/it]
  2%|▏         | 10/630 [01:35<1:34:18,  9.13s/it]
  2%|▏         | 11/630 [01:42<1:30:06,  8.73s/it]
  2%|▏         | 12/630 [01:49<1:24:15,  8.18s/it]
  2%|▏         | 13/630 [01:58<1:26:40,  8.43s/it]
  2%|▏         | 14/630 [02:08<1:30:55,  8.86s/it]
  2%|▏         | 15/630 [02:18<1:33:28,  9.12s/it]
  3%|▎         | 16/630 [02:28<1:35:01,  9.29s/it]
  3%|▎         | 17/630 [02:33<1:24:17,  8.25s/it]
  3%|▎         | 18/630 [02:41<1:21:31,  7.99s/it]
  3%|▎         | 19/630 [02:50<1:23:58,  8.25s/it]
  3%|▎         | 20/630 [03:00<1:31:49,  9.03s/it]
  3%|▎         | 21/630 [03:10<1:33:01,  9.16s/it]
  3%|▎         | 22/630 [03:19<1:31:14,  9.00s/it]
  4%|▎         | 23/630 [03:26<1:26:55,  8.59s/it]
  4%|▍         | 24/630 [03:34<1:25:30,  8.47s/it]
  4%|▍         | 25/630 [03:40<1:18:06,  7.75s/it]
  4%|▍         | 26/630 [03:52<1:27:59,  8.74s/it]
  4%|▍         | 27/630 [04:01<1:30:16,  8.98s/it]
  4%|▍         | 28/630 [04:09<1:28:01,  8.77s/it]
  5%|▍         | 29/630 [04:17<1:25:39,  8.55s/it]
  5%|▍         | 30/630 [04:26<1:26:08,  8.61s/it]
  5%|▍         | 31/630 [04:34<1:22:49,  8.30s/it]
  5%|▌         | 32/630 [04:44<1:29:04,  8.94s/it]
  5%|▌         | 33/630 [04:53<1:29:52,  9.03s/it]
  5%|▌         | 34/630 [05:02<1:28:55,  8.95s/it]
  6%|▌         | 35/630 [05:10<1:26:45,  8.75s/it]
  6%|▌         | 36/630 [05:19<1:26:39,  8.75s/it]
  6%|▌         | 37/630 [05:26<1:21:57,  8.29s/it]
  6%|▌         | 38/630 [05:37<1:29:03,  9.03s/it]
  6%|▌         | 39/630 [05:49<1:36:45,  9.82s/it]
  6%|▋         | 40/630 [05:59<1:37:05,  9.87s/it]
  7%|▋         | 41/630 [06:06<1:29:35,  9.13s/it]
  7%|▋         | 42/630 [06:14<1:26:08,  8.79s/it]
  7%|▋         | 43/630 [06:21<1:21:20,  8.31s/it]
  7%|▋         | 44/630 [06:32<1:28:05,  9.02s/it]
  7%|▋         | 45/630 [06:45<1:40:07, 10.27s/it]
  7%|▋         | 46/630 [06:54<1:36:19,  9.90s/it]
  7%|▋         | 47/630 [07:03<1:33:16,  9.60s/it]
  8%|▊         | 48/630 [07:12<1:32:14,  9.51s/it]
  8%|▊         | 49/630 [07:20<1:26:07,  8.89s/it]
  8%|▊         | 50/630 [07:27<1:19:23,  8.21s/it]

eval:   0%|          | 0/80 [00:00<?, ?it/s][A/data/liaozijie/conda/accelerate-fc/lib/python3.11/site-packages/transformers/tokenization_utils_base.py:2751: UserWarning: `max_length` is ignored when `padding`=`True` and there is no truncation strategy. To pad to max length, use `padding='max_length'`.
  warnings.warn(
/data/liaozijie/conda/accelerate-fc/lib/python3.11/site-packages/transformers/tokenization_utils_base.py:2751: UserWarning: `max_length` is ignored when `padding`=`True` and there is no truncation strategy. To pad to max length, use `padding='max_length'`.
  warnings.warn(
/data/liaozijie/conda/accelerate-fc/lib/python3.11/site-packages/transformers/tokenization_utils_base.py:2751: UserWarning: `max_length` is ignored when `padding`=`True` and there is no truncation strategy. To pad to max length, use `padding='max_length'`.
  warnings.warn(
/data/liaozijie/conda/accelerate-fc/lib/python3.11/site-packages/transformers/tokenization_utils_base.py:2751: UserWarning: `max_length` is ignored when `padding`=`True` and there is no truncation strategy. To pad to max length, use `padding='max_length'`.
  warnings.warn(
/data/liaozijie/conda/accelerate-fc/lib/python3.11/site-packages/transformers/tokenization_utils_base.py:2751: UserWarning: `max_length` is ignored when `padding`=`True` and there is no truncation strategy. To pad to max length, use `padding='max_length'`.
  warnings.warn(
/data/liaozijie/conda/accelerate-fc/lib/python3.11/site-packages/transformers/tokenization_utils_base.py:2751: UserWarning: `max_length` is ignored when `padding`=`True` and there is no truncation strategy. To pad to max length, use `padding='max_length'`.
  warnings.warn(
/data/liaozijie/conda/accelerate-fc/lib/python3.11/site-packages/transformers/tokenization_utils_base.py:2751: UserWarning: `max_length` is ignored when `padding`=`True` and there is no truncation strategy. To pad to max length, use `padding='max_length'`.
  warnings.warn(
/data/liaozijie/conda/accelerate-fc/lib/python3.11/site-packages/transformers/tokenization_utils_base.py:2751: UserWarning: `max_length` is ignored when `padding`=`True` and there is no truncation strategy. To pad to max length, use `padding='max_length'`.
  warnings.warn(
/data/liaozijie/conda/accelerate-fc/lib/python3.11/site-packages/transformers/tokenization_utils_base.py:2751: UserWarning: `max_length` is ignored when `padding`=`True` and there is no truncation strategy. To pad to max length, use `padding='max_length'`.
  warnings.warn(
/data/liaozijie/conda/accelerate-fc/lib/python3.11/site-packages/transformers/tokenization_utils_base.py:2751: UserWarning: `max_length` is ignored when `padding`=`True` and there is no truncation strategy. To pad to max length, use `padding='max_length'`.
  warnings.warn(
/data/liaozijie/conda/accelerate-fc/lib/python3.11/site-packages/transformers/tokenization_utils_base.py:2751: UserWarning: `max_length` is ignored when `padding`=`True` and there is no truncation strategy. To pad to max length, use `padding='max_length'`.
  warnings.warn(
/data/liaozijie/conda/accelerate-fc/lib/python3.11/site-packages/transformers/tokenization_utils_base.py:2751: UserWarning: `max_length` is ignored when `padding`=`True` and there is no truncation strategy. To pad to max length, use `padding='max_length'`.
  warnings.warn(
/data/liaozijie/conda/accelerate-fc/lib/python3.11/site-packages/transformers/tokenization_utils_base.py:2751: UserWarning: `max_length` is ignored when `padding`=`True` and there is no truncation strategy. To pad to max length, use `padding='max_length'`.
  warnings.warn(
/data/liaozijie/conda/accelerate-fc/lib/python3.11/site-packages/transformers/tokenization_utils_base.py:2751: UserWarning: `max_length` is ignored when `padding`=`True` and there is no truncation strategy. To pad to max length, use `padding='max_length'`.
  warnings.warn(
/data/liaozijie/conda/accelerate-fc/lib/python3.11/site-packages/transformers/tokenization_utils_base.py:2751: UserWarning: `max_length` is ignored when `padding`=`True` and there is no truncation strategy. To pad to max length, use `padding='max_length'`.
  warnings.warn(
/data/liaozijie/conda/accelerate-fc/lib/python3.11/site-packages/transformers/tokenization_utils_base.py:2751: UserWarning: `max_length` is ignored when `padding`=`True` and there is no truncation strategy. To pad to max length, use `padding='max_length'`.
  warnings.warn(


eval:   1%|▏         | 1/80 [00:02<02:43,  2.07s/it][A

eval:   2%|▎         | 2/80 [00:02<01:38,  1.26s/it][A

eval:   4%|▍         | 3/80 [00:04<02:01,  1.57s/it][A

eval:   5%|▌         | 4/80 [00:05<01:42,  1.35s/it][A

eval:   6%|▋         | 5/80 [00:07<01:59,  1.60s/it][A

eval:   8%|▊         | 6/80 [00:08<01:37,  1.31s/it][A

eval:   9%|▉         | 7/80 [00:09<01:38,  1.35s/it][A

eval:  10%|█         | 8/80 [00:11<01:44,  1.45s/it][A

eval:  11%|█▏        | 9/80 [00:13<01:57,  1.65s/it][A

eval:  12%|█▎        | 10/80 [00:14<01:39,  1.43s/it][A

eval:  14%|█▍        | 11/80 [00:15<01:36,  1.39s/it][A

eval:  15%|█▌        | 12/80 [00:16<01:26,  1.27s/it][A

eval:  16%|█▋        | 13/80 [00:17<01:16,  1.15s/it][A

eval:  18%|█▊        | 14/80 [00:18<01:08,  1.04s/it][A

eval:  19%|█▉        | 15/80 [00:19<01:09,  1.07s/it][A

eval:  20%|██        | 16/80 [00:20<01:07,  1.06s/it][A

eval:  21%|██▏       | 17/80 [00:21<01:04,  1.02s/it][A

eval:  22%|██▎       | 18/80 [00:22<01:03,  1.02s/it][A

eval:  24%|██▍       | 19/80 [00:23<01:04,  1.05s/it][A

eval:  25%|██▌       | 20/80 [00:24<01:03,  1.06s/it][A

eval:  26%|██▋       | 21/80 [00:26<01:13,  1.25s/it][A

eval:  28%|██▊       | 22/80 [00:27<01:04,  1.12s/it][A

eval:  29%|██▉       | 23/80 [00:28<01:10,  1.24s/it][A

eval:  30%|███       | 24/80 [00:30<01:17,  1.38s/it][A

eval:  31%|███▏      | 25/80 [00:32<01:27,  1.59s/it][A

eval:  32%|███▎      | 26/80 [00:33<01:11,  1.32s/it][A

eval:  34%|███▍      | 27/80 [00:34<01:04,  1.21s/it][A

eval:  35%|███▌      | 28/80 [00:35<00:59,  1.14s/it][A

eval:  36%|███▋      | 29/80 [00:36<00:54,  1.08s/it][A

eval:  38%|███▊      | 30/80 [00:37<00:48,  1.02it/s][A

eval:  39%|███▉      | 31/80 [00:37<00:44,  1.09it/s][A

eval:  40%|████      | 32/80 [00:39<00:53,  1.11s/it][A

eval:  41%|████▏     | 33/80 [00:40<00:48,  1.04s/it][A

eval:  42%|████▎     | 34/80 [00:42<01:02,  1.37s/it][A

eval:  44%|████▍     | 35/80 [00:43<00:54,  1.20s/it][A

eval:  45%|████▌     | 36/80 [00:44<00:56,  1.28s/it][A

eval:  46%|████▋     | 37/80 [00:46<00:58,  1.37s/it][A

eval:  48%|████▊     | 38/80 [00:47<00:59,  1.41s/it][A

eval:  49%|████▉     | 39/80 [00:49<00:57,  1.40s/it][A

eval:  50%|█████     | 40/80 [00:49<00:47,  1.19s/it][A

eval:  51%|█████▏    | 41/80 [00:52<01:02,  1.61s/it][A

eval:  52%|█████▎    | 42/80 [00:53<00:58,  1.53s/it][A

eval:  54%|█████▍    | 43/80 [00:55<00:57,  1.57s/it][A

eval:  55%|█████▌    | 44/80 [00:56<00:54,  1.51s/it][A

eval:  56%|█████▋    | 45/80 [00:57<00:45,  1.30s/it][A

eval:  57%|█████▊    | 46/80 [00:58<00:38,  1.14s/it][A

eval:  59%|█████▉    | 47/80 [00:59<00:34,  1.05s/it][A

eval:  60%|██████    | 48/80 [01:01<00:41,  1.30s/it][A

eval:  61%|██████▏   | 49/80 [01:01<00:36,  1.16s/it][A

eval:  62%|██████▎   | 50/80 [01:02<00:31,  1.05s/it][A

eval:  64%|██████▍   | 51/80 [01:03<00:31,  1.10s/it][A

eval:  65%|██████▌   | 52/80 [01:05<00:31,  1.12s/it][A

eval:  66%|██████▋   | 53/80 [01:05<00:27,  1.01s/it][A

eval:  68%|██████▊   | 54/80 [01:07<00:33,  1.29s/it][A

eval:  69%|██████▉   | 55/80 [01:08<00:28,  1.15s/it][A

eval:  70%|███████   | 56/80 [01:10<00:33,  1.40s/it][A

eval:  71%|███████▏  | 57/80 [01:11<00:28,  1.23s/it][A

eval:  72%|███████▎  | 58/80 [01:12<00:28,  1.29s/it][A

eval:  74%|███████▍  | 59/80 [01:14<00:27,  1.31s/it][A

eval:  75%|███████▌  | 60/80 [01:15<00:27,  1.36s/it][A

eval:  76%|███████▋  | 61/80 [01:17<00:26,  1.38s/it][A

eval:  78%|███████▊  | 62/80 [01:17<00:21,  1.20s/it][A

eval:  79%|███████▉  | 63/80 [01:19<00:22,  1.31s/it][A

eval:  80%|████████  | 64/80 [01:20<00:18,  1.13s/it][A

eval:  81%|████████▏ | 65/80 [01:20<00:15,  1.03s/it][A

eval:  82%|████████▎ | 66/80 [01:22<00:15,  1.12s/it][A

eval:  84%|████████▍ | 67/80 [01:23<00:14,  1.11s/it][A

eval:  85%|████████▌ | 68/80 [01:24<00:14,  1.20s/it][A

eval:  86%|████████▋ | 69/80 [01:25<00:11,  1.09s/it][A

eval:  88%|████████▊ | 70/80 [01:26<00:11,  1.15s/it][A

eval:  89%|████████▉ | 71/80 [01:28<00:11,  1.26s/it][A

eval:  90%|█████████ | 72/80 [01:29<00:10,  1.29s/it][A

eval:  91%|█████████▏| 73/80 [01:31<00:08,  1.28s/it][A

eval:  92%|█████████▎| 74/80 [01:31<00:06,  1.14s/it][A

eval:  94%|█████████▍| 75/80 [01:33<00:06,  1.39s/it][A

eval:  95%|█████████▌| 76/80 [01:34<00:05,  1.28s/it][A

eval:  96%|█████████▋| 77/80 [01:36<00:03,  1.30s/it][A

eval:  98%|█████████▊| 78/80 [01:36<00:02,  1.14s/it][A

eval:  99%|█████████▉| 79/80 [01:37<00:01,  1.05s/it][A

eval: 100%|██████████| 80/80 [01:39<00:00,  1.13s/it][A

                                                     [A2026-05-12 09:24:57 | INFO | __main__ | eval.py:43 | [EVAL_SAMPLE] idx=0 pred=pants-fire gold=barely-true output=Label: A explain=Hartzler said, "We have less Americans working now than in the ‘70s." The statistics Hartzler’s staff said she cited show the employment-population ratio and labor force participation rate was indeed higher in 1979 than in 2015. However,... prompt=<|im_start|>system
You are a careful fact-checking assistant for LIAR-RAW claims. Classify claims using only the claim and retrieved evidence supplied by the user.<|im_end|>
<|im_start|>user
Classify the claim into exactly one LIAR-RAW l...
2026-05-12 09:24:57 | INFO | __main__ | eval.py:43 | [EVAL_SAMPLE] idx=0 pred=pants-fire gold=barely-true output=Label: A explain=Hartzler said, "We have less Americans working now than in the ‘70s." The statistics Hartzler’s staff said she cited show the employment-population ratio and labor force participation rate was indeed higher in 1979 than in 2015. However,... prompt=<|im_start|>system
You are a careful fact-checking assistant for LIAR-RAW claims. Classify claims using only the claim and retrieved evidence supplied by the user.<|im_end|>
<|im_start|>user
Classify the claim into exactly one LIAR-RAW l...
2026-05-12 09:24:57 | INFO | __main__ | eval.py:43 | [EVAL_SAMPLE] idx=1 pred=pants-fire gold=pants-fire output=Label: A explain=Ellison used a Koran that once belonged to Thomas Jefferson, borrowing the rare book from the Library of Congress. It goes without saying that Ellison is not Obama. UPDATE: Barack Obama resigned from Trinity United Church of Christ on Ma... prompt=<|im_start|>system
You are a careful fact-checking assistant for LIAR-RAW claims. Classify claims using only the claim and retrieved evidence supplied by the user.<|im_end|>
<|im_start|>user
Classify the claim into exactly one LIAR-RAW l...
2026-05-12 09:24:57 | INFO | __main__ | eval.py:43 | [EVAL_SAMPLE] idx=1 pred=pants-fire gold=pants-fire output=Label: A explain=Ellison used a Koran that once belonged to Thomas Jefferson, borrowing the rare book from the Library of Congress. It goes without saying that Ellison is not Obama. UPDATE: Barack Obama resigned from Trinity United Church of Christ on Ma... prompt=<|im_start|>system
You are a careful fact-checking assistant for LIAR-RAW claims. Classify claims using only the claim and retrieved evidence supplied by the user.<|im_end|>
<|im_start|>user
Classify the claim into exactly one LIAR-RAW l...
2026-05-12 09:24:57 | INFO | __main__ | eval.py:43 | [EVAL_SAMPLE] idx=2 pred=mostly-true gold=false output=Label: E explain=However, we have two professors who say the law is silent on political activity -- even if one of them sees an implicit prohibition -- and a plain reading of the law that states no explicit ban. Blumenauer said that "the statute a hundre... prompt=<|im_start|>system
You are a careful fact-checking assistant for LIAR-RAW claims. Classify claims using only the claim and retrieved evidence supplied by the user.<|im_end|>
<|im_start|>user
Classify the claim into exactly one LIAR-RAW l...
2026-05-12 09:24:57 | INFO | __main__ | trainer.py:566 | [eval] step=50 accuracy=0.2375 macro_precision=0.2564 macro_recall=0.2531 macro_f1=0.2173 parse_error_rate=0.0000
2026-05-12 09:24:57 | INFO | __main__ | trainer.py:566 | [eval] per_class:
2026-05-12 09:24:57 | INFO | __main__ | trainer.py:566 |   - barely-true: P=0.2319 R=0.2574 F1=0.2440
2026-05-12 09:24:57 | INFO | __main__ | trainer.py:566 |   - false: P=0.2390 R=0.1877 F1=0.2103
2026-05-12 09:24:57 | INFO | __main__ | trainer.py:566 |   - half-true: P=0.3478 R=0.0650 F1=0.1096
2026-05-12 09:24:57 | INFO | __main__ | trainer.py:566 |   - mostly-true: P=0.2869 R=0.4104 F1=0.3377
2026-05-12 09:24:57 | INFO | __main__ | trainer.py:566 |   - pants-fire: P=0.1681 R=0.4914 F1=0.2505
2026-05-12 09:24:57 | INFO | __main__ | trainer.py:566 |   - true: P=0.2647 R=0.1065 F1=0.1519
2026-05-12 09:25:01 | WARNING | sft.data.io | io.py:87 | [WARN] saved adapter has no LoRA tensors; rebuilding adapter weights from model state.
2026-05-12 09:25:01 | WARNING | sft.data.io | io.py:100 | [WARN] Rewrote /data/liaozijie/fact-checking/outputs/runs/mmr_lambda_sweep/build.retrieval.mmr_lambda-0.9__2685af7b/train/best/adapter_model.safetensors with 392 LoRA tensors collected from the in-memory model.
2026-05-12 09:25:04 | WARNING | sft.data.io | io.py:87 | [WARN] saved adapter has no LoRA tensors; rebuilding adapter weights from model state.
2026-05-12 09:25:04 | WARNING | sft.data.io | io.py:100 | [WARN] Rewrote /data/liaozijie/fact-checking/outputs/runs/mmr_lambda_sweep/build.retrieval.mmr_lambda-0.9__2685af7b/train/checkpoint-50/adapter_model.safetensors with 392 LoRA tensors collected from the in-memory model.

  8%|▊         | 51/630 [09:25<6:39:38, 41.41s/it]
  8%|▊         | 52/630 [09:37<5:11:21, 32.32s/it]
  8%|▊         | 53/630 [09:46<4:04:57, 25.47s/it]
  9%|▊         | 54/630 [09:55<3:17:21, 20.56s/it]
  9%|▊         | 55/630 [10:03<2:39:40, 16.66s/it]
  9%|▉         | 56/630 [10:09<2:10:15, 13.62s/it]
  9%|▉         | 57/630 [10:20<2:03:20, 12.92s/it]
  9%|▉         | 58/630 [10:30<1:52:08, 11.76s/it]
  9%|▉         | 59/630 [10:38<1:43:26, 10.87s/it]
 10%|▉         | 60/630 [10:46<1:34:59, 10.00s/it]
 10%|▉         | 61/630 [10:54<1:28:52,  9.37s/it]
 10%|▉         | 62/630 [11:01<1:22:25,  8.71s/it]
 10%|█         | 63/630 [11:10<1:23:13,  8.81s/it]
 10%|█         | 64/630 [11:22<1:31:49,  9.73s/it]
 10%|█         | 65/630 [11:31<1:29:43,  9.53s/it]
 10%|█         | 66/630 [11:39<1:25:06,  9.05s/it]
 11%|█         | 67/630 [11:46<1:19:20,  8.46s/it]
 11%|█         | 68/630 [11:53<1:14:11,  7.92s/it]
 11%|█         | 69/630 [12:03<1:19:15,  8.48s/it]
 11%|█         | 70/630 [12:14<1:27:25,  9.37s/it]
 11%|█▏        | 71/630 [12:25<1:31:04,  9.78s/it]
 11%|█▏        | 72/630 [12:34<1:29:37,  9.64s/it]
 12%|█▏        | 73/630 [12:42<1:24:45,  9.13s/it]
 12%|█▏        | 74/630 [12:50<1:19:59,  8.63s/it]
 12%|█▏        | 75/630 [12:56<1:13:26,  7.94s/it]
 12%|█▏        | 76/630 [13:08<1:24:16,  9.13s/it]
 12%|█▏        | 77/630 [13:19<1:28:07,  9.56s/it]
 12%|█▏        | 78/630 [13:27<1:25:17,  9.27s/it]
 13%|█▎        | 79/630 [13:35<1:22:18,  8.96s/it]
 13%|█▎        | 80/630 [13:42<1:16:23,  8.33s/it]
 13%|█▎        | 81/630 [13:48<1:10:03,  7.66s/it]
 13%|█▎        | 82/630 [14:01<1:23:50,  9.18s/it]
 13%|█▎        | 83/630 [14:10<1:23:40,  9.18s/it]
 13%|█▎        | 84/630 [14:18<1:20:21,  8.83s/it]
 13%|█▎        | 85/630 [14:27<1:19:45,  8.78s/it]
 14%|█▎        | 86/630 [14:35<1:17:41,  8.57s/it]
 14%|█▍        | 87/630 [14:41<1:11:06,  7.86s/it]
 14%|█▍        | 88/630 [14:51<1:16:43,  8.49s/it]
 14%|█▍        | 89/630 [15:01<1:21:07,  9.00s/it]
 14%|█▍        | 90/630 [15:11<1:22:08,  9.13s/it]
 14%|█▍        | 91/630 [15:19<1:18:22,  8.72s/it]
 15%|█▍        | 92/630 [15:26<1:15:32,  8.42s/it]
 15%|█▍        | 93/630 [15:34<1:14:03,  8.27s/it]
 15%|█▍        | 94/630 [15:45<1:20:40,  9.03s/it]
 15%|█▌        | 95/630 [15:56<1:26:23,  9.69s/it]
 15%|█▌        | 96/630 [16:05<1:24:37,  9.51s/it]
 15%|█▌        | 97/630 [16:14<1:22:17,  9.26s/it]
 16%|█▌        | 98/630 [16:22<1:20:06,  9.04s/it]
 16%|█▌        | 99/630 [16:29<1:14:19,  8.40s/it]
 16%|█▌        | 100/630 [16:37<1:10:46,  8.01s/it]

eval:   0%|          | 0/80 [00:00<?, ?it/s][A

eval:   1%|▏         | 1/80 [00:00<01:08,  1.15it/s][A

eval:   2%|▎         | 2/80 [00:01<01:17,  1.00it/s][A

eval:   4%|▍         | 3/80 [00:03<01:30,  1.18s/it][A

eval:   5%|▌         | 4/80 [00:04<01:41,  1.34s/it][A

eval:   6%|▋         | 5/80 [00:06<01:40,  1.34s/it][A

eval:   8%|▊         | 6/80 [00:07<01:24,  1.14s/it][A

eval:   9%|▉         | 7/80 [00:09<01:46,  1.45s/it][A

eval:  10%|█         | 8/80 [00:10<01:46,  1.48s/it][A

eval:  11%|█▏        | 9/80 [00:11<01:29,  1.27s/it][A

eval:  12%|█▎        | 10/80 [00:12<01:21,  1.16s/it][A

eval:  14%|█▍        | 11/80 [00:14<01:35,  1.38s/it][A

eval:  15%|█▌        | 12/80 [00:15<01:28,  1.30s/it][A

eval:  16%|█▋        | 13/80 [00:16<01:31,  1.36s/it][A

eval:  18%|█▊        | 14/80 [00:17<01:18,  1.19s/it][A

eval:  19%|█▉        | 15/80 [00:19<01:20,  1.23s/it][A

eval:  20%|██        | 16/80 [00:20<01:21,  1.28s/it][A

eval:  21%|██▏       | 17/80 [00:21<01:23,  1.32s/it][A

eval:  22%|██▎       | 18/80 [00:23<01:22,  1.33s/it][A

eval:  24%|██▍       | 19/80 [00:23<01:10,  1.16s/it][A

eval:  25%|██▌       | 20/80 [00:26<01:29,  1.50s/it][A

eval:  26%|██▋       | 21/80 [00:27<01:15,  1.29s/it][A

eval:  28%|██▊       | 22/80 [00:29<01:28,  1.52s/it][A

eval:  29%|██▉       | 23/80 [00:30<01:28,  1.55s/it][A

eval:  30%|███       | 24/80 [00:32<01:30,  1.61s/it][A

eval:  31%|███▏      | 25/80 [00:33<01:25,  1.55s/it][A

eval:  32%|███▎      | 26/80 [00:35<01:21,  1.50s/it][A

eval:  34%|███▍      | 27/80 [00:36<01:20,  1.51s/it][A

eval:  35%|███▌      | 28/80 [00:37<01:09,  1.34s/it][A

eval:  36%|███▋      | 29/80 [00:38<01:00,  1.19s/it][A

eval:  38%|███▊      | 30/80 [00:40<01:03,  1.26s/it][A

eval:  39%|███▉      | 31/80 [00:40<00:54,  1.12s/it][A

eval:  40%|████      | 32/80 [00:42<01:05,  1.36s/it][A

eval:  41%|████▏     | 33/80 [00:43<00:56,  1.21s/it][A

eval:  42%|████▎     | 34/80 [00:45<01:07,  1.46s/it][A

eval:  44%|████▍     | 35/80 [00:46<00:57,  1.27s/it][A

eval:  45%|████▌     | 36/80 [00:48<01:07,  1.53s/it][A

eval:  46%|████▋     | 37/80 [00:49<00:58,  1.37s/it][A

eval:  48%|████▊     | 38/80 [00:51<00:59,  1.41s/it][A

eval:  49%|████▉     | 39/80 [00:52<00:58,  1.42s/it][A

eval:  50%|█████     | 40/80 [00:53<00:55,  1.39s/it][A

eval:  51%|█████▏    | 41/80 [00:55<01:00,  1.54s/it][A

eval:  52%|█████▎    | 42/80 [00:57<01:05,  1.71s/it][A

eval:  54%|█████▍    | 43/80 [00:58<00:55,  1.50s/it][A

eval:  55%|█████▌    | 44/80 [01:00<00:59,  1.64s/it][A

eval:  56%|█████▋    | 45/80 [01:01<00:48,  1.40s/it][A

eval:  57%|█████▊    | 46/80 [01:03<00:47,  1.40s/it][A

eval:  59%|█████▉    | 47/80 [01:04<00:48,  1.46s/it][A

eval:  60%|██████    | 48/80 [01:05<00:44,  1.39s/it][A

eval:  61%|██████▏   | 49/80 [01:06<00:38,  1.24s/it][A

eval:  62%|██████▎   | 50/80 [01:07<00:34,  1.15s/it][A

eval:  64%|██████▍   | 51/80 [01:08<00:31,  1.10s/it][A

eval:  65%|██████▌   | 52/80 [01:09<00:30,  1.07s/it][A

eval:  66%|██████▋   | 53/80 [01:10<00:29,  1.08s/it][A

eval:  68%|██████▊   | 54/80 [01:11<00:27,  1.05s/it][A

eval:  69%|██████▉   | 55/80 [01:12<00:26,  1.07s/it][A

eval:  70%|███████   | 56/80 [01:14<00:27,  1.16s/it][A

eval:  71%|███████▏  | 57/80 [01:15<00:27,  1.19s/it][A

eval:  72%|███████▎  | 58/80 [01:16<00:27,  1.25s/it][A

eval:  74%|███████▍  | 59/80 [01:17<00:23,  1.11s/it][A

eval:  75%|███████▌  | 60/80 [01:18<00:22,  1.15s/it][A

eval:  76%|███████▋  | 61/80 [01:20<00:23,  1.22s/it][A

eval:  78%|███████▊  | 62/80 [01:21<00:22,  1.25s/it][A

eval:  79%|███████▉  | 63/80 [01:23<00:22,  1.35s/it][A

eval:  80%|████████  | 64/80 [01:23<00:18,  1.15s/it][A

eval:  81%|████████▏ | 65/80 [01:25<00:18,  1.23s/it][A

eval:  82%|████████▎ | 66/80 [01:26<00:15,  1.09s/it][A

eval:  84%|████████▍ | 67/80 [01:26<00:13,  1.01s/it][A

eval:  85%|████████▌ | 68/80 [01:28<00:13,  1.12s/it][A

eval:  86%|████████▋ | 69/80 [01:29<00:11,  1.05s/it][A

eval:  88%|████████▊ | 70/80 [01:30<00:09,  1.01it/s][A

eval:  89%|████████▉ | 71/80 [01:31<00:10,  1.14s/it][A

eval:  90%|█████████ | 72/80 [01:32<00:08,  1.12s/it][A

eval:  91%|█████████▏| 73/80 [01:34<00:08,  1.21s/it][A

eval:  92%|█████████▎| 74/80 [01:34<00:06,  1.09s/it][A

eval:  94%|█████████▍| 75/80 [01:36<00:06,  1.35s/it][A

eval:  95%|█████████▌| 76/80 [01:37<00:04,  1.25s/it][A

eval:  96%|█████████▋| 77/80 [01:39<00:04,  1.47s/it][A

eval:  98%|█████████▊| 78/80 [01:40<00:02,  1.27s/it][A

eval:  99%|█████████▉| 79/80 [01:41<00:01,  1.30s/it][A

eval: 100%|██████████| 80/80 [01:43<00:00,  1.34s/it][A

                                                     [A2026-05-12 09:34:11 | INFO | __main__ | eval.py:43 | [EVAL_SAMPLE] idx=0 pred=false gold=barely-true output=Label: B explain=Hartzler said, "We have less Americans working now than in the ‘70s." The statistics Hartzler’s staff said she cited show the employment-population ratio and labor force participation rate was indeed higher in 1979 than in 2015. However,... prompt=<|im_start|>system
You are a careful fact-checking assistant for LIAR-RAW claims. Classify claims using only the claim and retrieved evidence supplied by the user.<|im_end|>
<|im_start|>user
Classify the claim into exactly one LIAR-RAW l...
2026-05-12 09:34:11 | INFO | __main__ | eval.py:43 | [EVAL_SAMPLE] idx=0 pred=false gold=barely-true output=Label: B explain=Hartzler said, "We have less Americans working now than in the ‘70s." The statistics Hartzler’s staff said she cited show the employment-population ratio and labor force participation rate was indeed higher in 1979 than in 2015. However,... prompt=<|im_start|>system
You are a careful fact-checking assistant for LIAR-RAW claims. Classify claims using only the claim and retrieved evidence supplied by the user.<|im_end|>
<|im_start|>user
Classify the claim into exactly one LIAR-RAW l...
2026-05-12 09:34:11 | INFO | __main__ | eval.py:43 | [EVAL_SAMPLE] idx=1 pred=false gold=pants-fire output=Label: B explain=Ellison used a Koran that once belonged to Thomas Jefferson, borrowing the rare book from the Library of Congress. It goes without saying that Ellison is not Obama. UPDATE: Barack Obama resigned from Trinity United Church of Christ on Ma... prompt=<|im_start|>system
You are a careful fact-checking assistant for LIAR-RAW claims. Classify claims using only the claim and retrieved evidence supplied by the user.<|im_end|>
<|im_start|>user
Classify the claim into exactly one LIAR-RAW l...
2026-05-12 09:34:11 | INFO | __main__ | eval.py:43 | [EVAL_SAMPLE] idx=1 pred=false gold=pants-fire output=Label: B explain=Ellison used a Koran that once belonged to Thomas Jefferson, borrowing the rare book from the Library of Congress. It goes without saying that Ellison is not Obama. UPDATE: Barack Obama resigned from Trinity United Church of Christ on Ma... prompt=<|im_start|>system
You are a careful fact-checking assistant for LIAR-RAW claims. Classify claims using only the claim and retrieved evidence supplied by the user.<|im_end|>
<|im_start|>user
Classify the claim into exactly one LIAR-RAW l...
2026-05-12 09:34:11 | INFO | __main__ | eval.py:43 | [EVAL_SAMPLE] idx=2 pred=mostly-true gold=false output=Label: E explain=However, we have two professors who say the law is silent on political activity -- even if one of them sees an implicit prohibition -- and a plain reading of the law that states no explicit ban. Blumenauer said that "the statute a hundre... prompt=<|im_start|>system
You are a careful fact-checking assistant for LIAR-RAW claims. Classify claims using only the claim and retrieved evidence supplied by the user.<|im_end|>
<|im_start|>user
Classify the claim into exactly one LIAR-RAW l...
2026-05-12 09:34:11 | INFO | __main__ | trainer.py:566 | [eval] step=100 accuracy=0.2516 macro_precision=0.2809 macro_recall=0.2418 macro_f1=0.2389 parse_error_rate=0.0000
2026-05-12 09:34:11 | INFO | __main__ | trainer.py:566 | [eval] per_class:
2026-05-12 09:34:11 | INFO | __main__ | trainer.py:566 |   - barely-true: P=0.1960 R=0.2869 F1=0.2329
2026-05-12 09:34:11 | INFO | __main__ | trainer.py:566 |   - false: P=0.2642 R=0.4100 F1=0.3213
2026-05-12 09:34:11 | INFO | __main__ | trainer.py:566 |   - half-true: P=0.2389 R=0.2846 F1=0.2597
2026-05-12 09:34:11 | INFO | __main__ | trainer.py:566 |   - mostly-true: P=0.3457 R=0.1116 F1=0.1687
2026-05-12 09:34:11 | INFO | __main__ | trainer.py:566 |   - pants-fire: P=0.2976 R=0.2155 F1=0.2500
2026-05-12 09:34:11 | INFO | __main__ | trainer.py:566 |   - true: P=0.3429 R=0.1420 F1=0.2008
2026-05-12 09:34:14 | WARNING | sft.data.io | io.py:87 | [WARN] saved adapter has no LoRA tensors; rebuilding adapter weights from model state.
2026-05-12 09:34:15 | WARNING | sft.data.io | io.py:100 | [WARN] Rewrote /data/liaozijie/fact-checking/outputs/runs/mmr_lambda_sweep/build.retrieval.mmr_lambda-0.9__2685af7b/train/best/adapter_model.safetensors with 392 LoRA tensors collected from the in-memory model.
2026-05-12 09:34:19 | WARNING | sft.data.io | io.py:87 | [WARN] saved adapter has no LoRA tensors; rebuilding adapter weights from model state.
2026-05-12 09:34:19 | WARNING | sft.data.io | io.py:100 | [WARN] Rewrote /data/liaozijie/fact-checking/outputs/runs/mmr_lambda_sweep/build.retrieval.mmr_lambda-0.9__2685af7b/train/checkpoint-100/adapter_model.safetensors with 392 LoRA tensors collected from the in-memory model.

 16%|█▌        | 101/630 [18:38<6:11:57, 42.19s/it]
 16%|█▌        | 102/630 [18:48<4:45:41, 32.47s/it]
 16%|█▋        | 103/630 [18:57<3:42:56, 25.38s/it]
 17%|█▋        | 104/630 [19:06<3:00:02, 20.54s/it]
 17%|█▋        | 105/630 [19:14<2:26:17, 16.72s/it]
 17%|█▋        | 106/630 [19:21<1:59:08, 13.64s/it]
 17%|█▋        | 107/630 [19:32<1:53:39, 13.04s/it]
 17%|█▋        | 108/630 [19:42<1:45:53, 12.17s/it]
 17%|█▋        | 109/630 [19:52<1:39:50, 11.50s/it]
 17%|█▋        | 110/630 [20:00<1:30:48, 10.48s/it]
 18%|█▊        | 111/630 [20:08<1:23:34,  9.66s/it]
 18%|█▊        | 112/630 [20:14<1:14:31,  8.63s/it]
 18%|█▊        | 113/630 [20:25<1:19:16,  9.20s/it]
 18%|█▊        | 114/630 [20:35<1:22:09,  9.55s/it]
 18%|█▊        | 115/630 [20:44<1:21:05,  9.45s/it]
 18%|█▊        | 116/630 [20:52<1:16:58,  8.99s/it]
 19%|█▊        | 117/630 [21:01<1:16:53,  8.99s/it]
 19%|█▊        | 118/630 [21:09<1:13:02,  8.56s/it]
 19%|█▉        | 119/630 [21:17<1:12:46,  8.55s/it]
 19%|█▉        | 120/630 [21:28<1:18:24,  9.22s/it]
 19%|█▉        | 121/630 [21:37<1:16:21,  9.00s/it]
 19%|█▉        | 122/630 [21:46<1:17:05,  9.10s/it]
 20%|█▉        | 123/630 [21:54<1:14:23,  8.80s/it]
 20%|█▉        | 124/630 [22:02<1:12:35,  8.61s/it]
 20%|█▉        | 125/630 [22:08<1:06:03,  7.85s/it]
 20%|██        | 126/630 [22:19<1:13:39,  8.77s/it]
 20%|██        | 127/630 [22:28<1:14:13,  8.85s/it]
 20%|██        | 128/630 [22:37<1:14:01,  8.85s/it]
 20%|██        | 129/630 [22:46<1:14:29,  8.92s/it]
 21%|██        | 130/630 [22:53<1:09:32,  8.35s/it]
 21%|██        | 131/630 [23:00<1:04:04,  7.70s/it]
 21%|██        | 132/630 [23:13<1:19:24,  9.57s/it]
 21%|██        | 133/630 [23:22<1:17:50,  9.40s/it]
 21%|██▏       | 134/630 [23:32<1:19:09,  9.58s/it]
 21%|██▏       | 135/630 [23:40<1:14:09,  8.99s/it]
 22%|██▏       | 136/630 [23:47<1:10:10,  8.52s/it]
 22%|██▏       | 137/630 [23:54<1:06:00,  8.03s/it]
 22%|██▏       | 138/630 [24:04<1:09:00,  8.41s/it]
 22%|██▏       | 139/630 [24:12<1:09:45,  8.52s/it]
 22%|██▏       | 140/630 [24:22<1:13:01,  8.94s/it]
 22%|██▏       | 141/630 [24:31<1:13:05,  8.97s/it]
 23%|██▎       | 142/630 [24:40<1:10:57,  8.72s/it]
 23%|██▎       | 143/630 [24:46<1:06:12,  8.16s/it]
 23%|██▎       | 144/630 [24:57<1:12:57,  9.01s/it]
 23%|██▎       | 145/630 [25:07<1:14:27,  9.21s/it]
 23%|██▎       | 146/630 [25:16<1:14:12,  9.20s/it]
 23%|██▎       | 147/630 [25:25<1:13:45,  9.16s/it]
 23%|██▎       | 148/630 [25:33<1:10:29,  8.78s/it]
 24%|██▎       | 149/630 [25:41<1:07:33,  8.43s/it]
 24%|██▍       | 150/630 [25:48<1:03:16,  7.91s/it]

eval:   0%|          | 0/80 [00:00<?, ?it/s][A

eval:   1%|▏         | 1/80 [00:00<01:09,  1.14it/s][A

eval:   2%|▎         | 2/80 [00:02<01:57,  1.51s/it][A

eval:   4%|▍         | 3/80 [00:03<01:31,  1.19s/it][A

eval:   5%|▌         | 4/80 [00:05<01:46,  1.40s/it][A

eval:   6%|▋         | 5/80 [00:06<01:29,  1.20s/it][A

eval:   8%|▊         | 6/80 [00:06<01:17,  1.04s/it][A

eval:   9%|▉         | 7/80 [00:08<01:26,  1.19s/it][A

eval:  10%|█         | 8/80 [00:09<01:28,  1.24s/it][A

eval:  11%|█▏        | 9/80 [00:10<01:17,  1.10s/it][A

eval:  12%|█▎        | 10/80 [00:11<01:13,  1.05s/it][A

eval:  14%|█▍        | 11/80 [00:13<01:28,  1.28s/it][A

eval:  15%|█▌        | 12/80 [00:14<01:26,  1.27s/it][A

eval:  16%|█▋        | 13/80 [00:15<01:26,  1.29s/it][A

eval:  18%|█▊        | 14/80 [00:16<01:15,  1.14s/it][A

eval:  19%|█▉        | 15/80 [00:18<01:18,  1.21s/it][A

eval:  20%|██        | 16/80 [00:19<01:18,  1.23s/it][A

eval:  21%|██▏       | 17/80 [00:21<01:36,  1.53s/it][A

eval:  22%|██▎       | 18/80 [00:22<01:21,  1.31s/it][A

eval:  24%|██▍       | 19/80 [00:23<01:20,  1.31s/it][A

eval:  25%|██▌       | 20/80 [00:25<01:23,  1.40s/it][A

eval:  26%|██▋       | 21/80 [00:26<01:22,  1.40s/it][A

eval:  28%|██▊       | 22/80 [00:28<01:20,  1.40s/it][A

eval:  29%|██▉       | 23/80 [00:29<01:22,  1.45s/it][A

eval:  30%|███       | 24/80 [00:31<01:25,  1.53s/it][A

eval:  31%|███▏      | 25/80 [00:32<01:20,  1.47s/it][A

eval:  32%|███▎      | 26/80 [00:34<01:16,  1.43s/it][A

eval:  34%|███▍      | 27/80 [00:34<01:07,  1.28s/it][A

eval:  35%|███▌      | 28/80 [00:36<01:10,  1.35s/it][A

eval:  36%|███▋      | 29/80 [00:37<01:00,  1.19s/it][A

eval:  38%|███▊      | 30/80 [00:38<00:52,  1.05s/it][A

eval:  39%|███▉      | 31/80 [00:39<00:56,  1.15s/it][A

eval:  40%|████      | 32/80 [00:40<00:56,  1.18s/it][A

eval:  41%|████▏     | 33/80 [00:41<00:50,  1.08s/it][A

eval:  42%|████▎     | 34/80 [00:42<00:49,  1.08s/it][A

eval:  44%|████▍     | 35/80 [00:43<00:49,  1.09s/it][A

eval:  45%|████▌     | 36/80 [00:44<00:45,  1.04s/it][A

eval:  46%|████▋     | 37/80 [00:45<00:46,  1.09s/it][A

eval:  48%|████▊     | 38/80 [00:47<00:47,  1.14s/it][A

eval:  49%|████▉     | 39/80 [00:47<00:42,  1.04s/it][A

eval:  50%|█████     | 40/80 [00:48<00:42,  1.05s/it][A

eval:  51%|█████▏    | 41/80 [00:50<00:48,  1.25s/it][A

eval:  52%|█████▎    | 42/80 [00:51<00:47,  1.26s/it][A

eval:  54%|█████▍    | 43/80 [00:53<00:49,  1.35s/it][A

eval:  55%|█████▌    | 44/80 [00:55<00:56,  1.57s/it][A

eval:  56%|█████▋    | 45/80 [00:56<00:47,  1.34s/it][A

eval:  57%|█████▊    | 46/80 [00:57<00:46,  1.36s/it][A

eval:  59%|█████▉    | 47/80 [00:58<00:39,  1.20s/it][A

eval:  60%|██████    | 48/80 [00:59<00:39,  1.22s/it][A

eval:  61%|██████▏   | 49/80 [01:00<00:34,  1.11s/it][A

eval:  62%|██████▎   | 50/80 [01:01<00:31,  1.04s/it][A

eval:  64%|██████▍   | 51/80 [01:02<00:31,  1.08s/it][A

eval:  65%|██████▌   | 52/80 [01:03<00:28,  1.01s/it][A

eval:  66%|██████▋   | 53/80 [01:04<00:27,  1.01s/it][A

eval:  68%|██████▊   | 54/80 [01:06<00:28,  1.11s/it][A

eval:  69%|██████▉   | 55/80 [01:06<00:25,  1.03s/it][A

eval:  70%|███████   | 56/80 [01:08<00:30,  1.25s/it][A

eval:  71%|███████▏  | 57/80 [01:09<00:25,  1.12s/it][A

eval:  72%|███████▎  | 58/80 [01:10<00:25,  1.16s/it][A

eval:  74%|███████▍  | 59/80 [01:12<00:26,  1.24s/it][A

eval:  75%|███████▌  | 60/80 [01:12<00:22,  1.11s/it][A

eval:  76%|███████▋  | 61/80 [01:14<00:25,  1.36s/it][A

eval:  78%|███████▊  | 62/80 [01:15<00:21,  1.19s/it][A

eval:  79%|███████▉  | 63/80 [01:17<00:25,  1.49s/it][A

eval:  80%|████████  | 64/80 [01:18<00:20,  1.25s/it][A

eval:  81%|████████▏ | 65/80 [01:19<00:16,  1.13s/it][A

eval:  82%|████████▎ | 66/80 [01:20<00:14,  1.02s/it][A

eval:  84%|████████▍ | 67/80 [01:20<00:12,  1.03it/s][A

eval:  85%|████████▌ | 68/80 [01:21<00:11,  1.03it/s][A

eval:  86%|████████▋ | 69/80 [01:22<00:10,  1.08it/s][A

eval:  88%|████████▊ | 70/80 [01:23<00:09,  1.02it/s][A

eval:  89%|████████▉ | 71/80 [01:25<00:09,  1.09s/it][A

eval:  90%|█████████ | 72/80 [01:26<00:09,  1.13s/it][A

eval:  91%|█████████▏| 73/80 [01:27<00:08,  1.19s/it][A

eval:  92%|█████████▎| 74/80 [01:28<00:06,  1.08s/it][A

eval:  94%|█████████▍| 75/80 [01:30<00:05,  1.17s/it][A

eval:  95%|█████████▌| 76/80 [01:31<00:05,  1.31s/it][A

eval:  96%|█████████▋| 77/80 [01:33<00:04,  1.54s/it][A

eval:  98%|█████████▊| 78/80 [01:34<00:02,  1.31s/it][A

eval:  99%|█████████▉| 79/80 [01:35<00:01,  1.36s/it][A

eval: 100%|██████████| 80/80 [01:37<00:00,  1.36s/it][A

                                                     [A2026-05-12 09:43:16 | INFO | __main__ | eval.py:43 | [EVAL_SAMPLE] idx=0 pred=false gold=barely-true output=Label: B explain=Hartzler said, "We have less Americans working now than in the ‘70s." The statistics Hartzler’s staff said she cited show the employment-population ratio and labor force participation rate was indeed higher in 1979 than in 2015. However,... prompt=<|im_start|>system
You are a careful fact-checking assistant for LIAR-RAW claims. Classify claims using only the claim and retrieved evidence supplied by the user.<|im_end|>
<|im_start|>user
Classify the claim into exactly one LIAR-RAW l...
2026-05-12 09:43:16 | INFO | __main__ | eval.py:43 | [EVAL_SAMPLE] idx=0 pred=false gold=barely-true output=Label: B explain=Hartzler said, "We have less Americans working now than in the ‘70s." The statistics Hartzler’s staff said she cited show the employment-population ratio and labor force participation rate was indeed higher in 1979 than in 2015. However,... prompt=<|im_start|>system
You are a careful fact-checking assistant for LIAR-RAW claims. Classify claims using only the claim and retrieved evidence supplied by the user.<|im_end|>
<|im_start|>user
Classify the claim into exactly one LIAR-RAW l...
2026-05-12 09:43:16 | INFO | __main__ | eval.py:43 | [EVAL_SAMPLE] idx=1 pred=false gold=pants-fire output=Label: B explain=Ellison used a Koran that once belonged to Thomas Jefferson, borrowing the rare book from the Library of Congress. It goes without saying that Ellison is not Obama. UPDATE: Barack Obama resigned from Trinity United Church of Christ on Ma... prompt=<|im_start|>system
You are a careful fact-checking assistant for LIAR-RAW claims. Classify claims using only the claim and retrieved evidence supplied by the user.<|im_end|>
<|im_start|>user
Classify the claim into exactly one LIAR-RAW l...
2026-05-12 09:43:16 | INFO | __main__ | eval.py:43 | [EVAL_SAMPLE] idx=1 pred=false gold=pants-fire output=Label: B explain=Ellison used a Koran that once belonged to Thomas Jefferson, borrowing the rare book from the Library of Congress. It goes without saying that Ellison is not Obama. UPDATE: Barack Obama resigned from Trinity United Church of Christ on Ma... prompt=<|im_start|>system
You are a careful fact-checking assistant for LIAR-RAW claims. Classify claims using only the claim and retrieved evidence supplied by the user.<|im_end|>
<|im_start|>user
Classify the claim into exactly one LIAR-RAW l...
2026-05-12 09:43:16 | INFO | __main__ | eval.py:43 | [EVAL_SAMPLE] idx=2 pred=barely-true gold=false output=Label: C explain=However, we have two professors who say the law is silent on political activity -- even if one of them sees an implicit prohibition -- and a plain reading of the law that states no explicit ban. Blumenauer said that "the statute a hundre... prompt=<|im_start|>system
You are a careful fact-checking assistant for LIAR-RAW claims. Classify claims using only the claim and retrieved evidence supplied by the user.<|im_end|>
<|im_start|>user
Classify the claim into exactly one LIAR-RAW l...
2026-05-12 09:43:16 | INFO | __main__ | trainer.py:566 | [eval] step=150 accuracy=0.2586 macro_precision=0.3681 macro_recall=0.2642 macro_f1=0.2351 parse_error_rate=0.0000
2026-05-12 09:43:16 | INFO | __main__ | trainer.py:566 | [eval] per_class:
2026-05-12 09:43:16 | INFO | __main__ | trainer.py:566 |   - barely-true: P=0.1910 R=0.2700 F1=0.2238
2026-05-12 09:43:16 | INFO | __main__ | trainer.py:566 |   - false: P=0.2447 R=0.5747 F1=0.3432
2026-05-12 09:43:16 | INFO | __main__ | trainer.py:566 |   - half-true: P=0.6818 R=0.0610 F1=0.1119
2026-05-12 09:43:16 | INFO | __main__ | trainer.py:566 |   - mostly-true: P=0.4737 R=0.0717 F1=0.1246
2026-05-12 09:43:16 | INFO | __main__ | trainer.py:566 |   - pants-fire: P=0.3015 R=0.3534 F1=0.3254
2026-05-12 09:43:16 | INFO | __main__ | trainer.py:566 |   - true: P=0.3162 R=0.2544 F1=0.2820
2026-05-12 09:43:21 | WARNING | sft.data.io | io.py:87 | [WARN] saved adapter has no LoRA tensors; rebuilding adapter weights from model state.
2026-05-12 09:43:21 | WARNING | sft.data.io | io.py:100 | [WARN] Rewrote /data/liaozijie/fact-checking/outputs/runs/mmr_lambda_sweep/build.retrieval.mmr_lambda-0.9__2685af7b/train/checkpoint-150/adapter_model.safetensors with 392 LoRA tensors collected from the in-memory model.

 24%|██▍       | 151/630 [27:41<5:16:07, 39.60s/it]
 24%|██▍       | 152/630 [27:52<4:07:54, 31.12s/it]
 24%|██▍       | 153/630 [28:01<3:13:03, 24.28s/it]
 24%|██▍       | 154/630 [28:09<2:34:05, 19.42s/it]
 25%|██▍       | 155/630 [28:15<2:03:25, 15.59s/it]
 25%|██▍       | 156/630 [28:22<1:42:28, 12.97s/it]
 25%|██▍       | 157/630 [28:35<1:40:26, 12.74s/it]
 25%|██▌       | 158/630 [28:45<1:34:52, 12.06s/it]
 25%|██▌       | 159/630 [28:54<1:28:17, 11.25s/it]
 25%|██▌       | 160/630 [29:01<1:18:25, 10.01s/it]
 26%|██▌       | 161/630 [29:09<1:13:35,  9.41s/it]
 26%|██▌       | 162/630 [29:17<1:08:14,  8.75s/it]
 26%|██▌       | 163/630 [29:26<1:09:13,  8.89s/it]
 26%|██▌       | 164/630 [29:36<1:12:50,  9.38s/it]
 26%|██▌       | 165/630 [29:46<1:12:46,  9.39s/it]
 26%|██▋       | 166/630 [29:53<1:07:42,  8.76s/it]
 27%|██▋       | 167/630 [30:02<1:07:15,  8.72s/it]
 27%|██▋       | 168/630 [30:09<1:04:43,  8.40s/it]
 27%|██▋       | 169/630 [30:20<1:09:17,  9.02s/it]
 27%|██▋       | 170/630 [30:31<1:13:34,  9.60s/it]
 27%|██▋       | 171/630 [30:41<1:13:40,  9.63s/it]
 27%|██▋       | 172/630 [30:49<1:11:40,  9.39s/it]
 27%|██▋       | 173/630 [30:58<1:09:11,  9.08s/it]
 28%|██▊       | 174/630 [31:06<1:08:00,  8.95s/it]
 28%|██▊       | 175/630 [31:13<1:01:36,  8.12s/it]
 28%|██▊       | 176/630 [31:24<1:08:48,  9.09s/it]
 28%|██▊       | 177/630 [31:35<1:12:36,  9.62s/it]
 28%|██▊       | 178/630 [31:43<1:10:01,  9.29s/it]
 28%|██▊       | 179/630 [31:52<1:08:59,  9.18s/it]
 29%|██▊       | 180/630 [32:00<1:06:01,  8.80s/it]
 29%|██▊       | 181/630 [32:06<59:52,  8.00s/it]  
 29%|██▉       | 182/630 [32:18<1:08:24,  9.16s/it]
 29%|██▉       | 183/630 [32:29<1:12:58,  9.80s/it]
 29%|██▉       | 184/630 [32:39<1:11:50,  9.66s/it]
 29%|██▉       | 185/630 [32:48<1:10:44,  9.54s/it]
 30%|██▉       | 186/630 [32:56<1:06:39,  9.01s/it]
 30%|██▉       | 187/630 [33:02<1:01:01,  8.27s/it]
 30%|██▉       | 188/630 [33:13<1:07:15,  9.13s/it]
 30%|███       | 189/630 [33:22<1:06:36,  9.06s/it]
 30%|███       | 190/630 [33:32<1:08:31,  9.34s/it]
 30%|███       | 191/630 [33:41<1:07:20,  9.20s/it]
 30%|███       | 192/630 [33:48<1:02:26,  8.55s/it]
 31%|███       | 193/630 [33:56<59:59,  8.24s/it]  
 31%|███       | 194/630 [34:05<1:01:52,  8.52s/it]
 31%|███       | 195/630 [34:15<1:06:03,  9.11s/it]
 31%|███       | 196/630 [34:24<1:05:16,  9.02s/it]
 31%|███▏      | 197/630 [34:33<1:05:19,  9.05s/it]
 31%|███▏      | 198/630 [34:42<1:04:00,  8.89s/it]
 32%|███▏      | 199/630 [34:49<1:00:59,  8.49s/it]
 32%|███▏      | 200/630 [34:55<55:34,  7.75s/it]  

eval:   0%|          | 0/80 [00:00<?, ?it/s][A

eval:   1%|▏         | 1/80 [00:01<01:48,  1.38s/it][A

eval:   2%|▎         | 2/80 [00:02<01:16,  1.02it/s][A

eval:   4%|▍         | 3/80 [00:03<01:47,  1.39s/it][A

eval:   5%|▌         | 4/80 [00:04<01:34,  1.24s/it][A

eval:   6%|▋         | 5/80 [00:06<01:52,  1.50s/it][A

eval:   8%|▊         | 6/80 [00:07<01:32,  1.24s/it][A

eval:   9%|▉         | 7/80 [00:08<01:32,  1.27s/it][A

eval:  10%|█         | 8/80 [00:10<01:38,  1.37s/it][A

eval:  11%|█▏        | 9/80 [00:11<01:37,  1.38s/it][A

eval:  12%|█▎        | 10/80 [00:12<01:26,  1.24s/it][A

eval:  14%|█▍        | 11/80 [00:14<01:39,  1.44s/it][A

eval:  15%|█▌        | 12/80 [00:15<01:28,  1.30s/it][A

eval:  16%|█▋        | 13/80 [00:16<01:21,  1.22s/it][A

eval:  18%|█▊        | 14/80 [00:18<01:24,  1.27s/it][A

eval:  19%|█▉        | 15/80 [00:19<01:25,  1.31s/it][A

eval:  20%|██        | 16/80 [00:21<01:26,  1.35s/it][A

eval:  21%|██▏       | 17/80 [00:22<01:17,  1.23s/it][A

eval:  22%|██▎       | 18/80 [00:23<01:16,  1.24s/it][A

eval:  24%|██▍       | 19/80 [00:24<01:06,  1.09s/it][A

eval:  25%|██▌       | 20/80 [00:25<01:14,  1.24s/it][A

eval:  26%|██▋       | 21/80 [00:26<01:05,  1.11s/it][A

eval:  28%|██▊       | 22/80 [00:27<01:03,  1.09s/it][A

eval:  29%|██▉       | 23/80 [00:29<01:10,  1.24s/it][A

eval:  30%|███       | 24/80 [00:30<01:13,  1.31s/it][A

eval:  31%|███▏      | 25/80 [00:31<01:12,  1.32s/it][A

eval:  32%|███▎      | 26/80 [00:32<01:01,  1.14s/it][A

eval:  34%|███▍      | 27/80 [00:34<01:05,  1.24s/it][A

eval:  35%|███▌      | 28/80 [00:35<01:07,  1.31s/it][A

eval:  36%|███▋      | 29/80 [00:36<01:08,  1.34s/it][A

eval:  38%|███▊      | 30/80 [00:38<01:06,  1.34s/it][A

eval:  39%|███▉      | 31/80 [00:39<00:57,  1.17s/it][A

eval:  40%|████      | 32/80 [00:41<01:11,  1.50s/it][A

eval:  41%|████▏     | 33/80 [00:42<01:10,  1.50s/it][A

eval:  42%|████▎     | 34/80 [00:44<01:11,  1.56s/it][A

eval:  44%|████▍     | 35/80 [00:46<01:18,  1.76s/it][A

eval:  45%|████▌     | 36/80 [00:47<01:06,  1.51s/it][A

eval:  46%|████▋     | 37/80 [00:48<00:58,  1.35s/it][A

eval:  48%|████▊     | 38/80 [00:49<00:50,  1.20s/it][A

eval:  49%|████▉     | 39/80 [00:50<00:46,  1.14s/it][A

eval:  50%|█████     | 40/80 [00:51<00:40,  1.00s/it][A

eval:  51%|█████▏    | 41/80 [00:52<00:43,  1.12s/it][A

eval:  52%|█████▎    | 42/80 [00:53<00:42,  1.12s/it][A

eval:  54%|█████▍    | 43/80 [00:54<00:40,  1.09s/it][A

eval:  55%|█████▌    | 44/80 [00:55<00:38,  1.06s/it][A

eval:  56%|█████▋    | 45/80 [00:56<00:38,  1.11s/it][A

eval:  57%|█████▊    | 46/80 [00:57<00:34,  1.01s/it][A

eval:  59%|█████▉    | 47/80 [00:58<00:34,  1.05s/it][A

eval:  60%|██████    | 48/80 [01:00<00:39,  1.24s/it][A

eval:  61%|██████▏   | 49/80 [01:01<00:39,  1.28s/it][A

eval:  62%|██████▎   | 50/80 [01:03<00:39,  1.31s/it][A

eval:  64%|██████▍   | 51/80 [01:04<00:40,  1.40s/it][A

eval:  65%|██████▌   | 52/80 [01:06<00:40,  1.44s/it][A

eval:  66%|██████▋   | 53/80 [01:07<00:38,  1.42s/it][A

eval:  68%|██████▊   | 54/80 [01:09<00:38,  1.48s/it][A

eval:  69%|██████▉   | 55/80 [01:10<00:36,  1.48s/it][A

eval:  70%|███████   | 56/80 [01:12<00:35,  1.47s/it][A

eval:  71%|███████▏  | 57/80 [01:13<00:33,  1.46s/it][A

eval:  72%|███████▎  | 58/80 [01:14<00:27,  1.26s/it][A

eval:  74%|███████▍  | 59/80 [01:15<00:23,  1.12s/it][A

eval:  75%|███████▌  | 60/80 [01:16<00:24,  1.21s/it][A

eval:  76%|███████▋  | 61/80 [01:17<00:20,  1.08s/it][A

eval:  78%|███████▊  | 62/80 [01:18<00:19,  1.07s/it][A

eval:  79%|███████▉  | 63/80 [01:20<00:20,  1.22s/it][A

eval:  80%|████████  | 64/80 [01:20<00:17,  1.07s/it][A

eval:  81%|████████▏ | 65/80 [01:22<00:16,  1.10s/it][A

eval:  82%|████████▎ | 66/80 [01:23<00:16,  1.19s/it][A

eval:  84%|████████▍ | 67/80 [01:24<00:16,  1.25s/it][A

eval:  85%|████████▌ | 68/80 [01:26<00:15,  1.30s/it][A

eval:  86%|████████▋ | 69/80 [01:27<00:12,  1.15s/it][A

eval:  88%|████████▊ | 70/80 [01:29<00:14,  1.42s/it][A

eval:  89%|████████▉ | 71/80 [01:30<00:11,  1.26s/it][A

eval:  90%|█████████ | 72/80 [01:31<00:10,  1.32s/it][A

eval:  91%|█████████▏| 73/80 [01:32<00:08,  1.19s/it][A

eval:  92%|█████████▎| 74/80 [01:33<00:07,  1.26s/it][A

eval:  94%|█████████▍| 75/80 [01:34<00:05,  1.15s/it][A

eval:  95%|█████████▌| 76/80 [01:35<00:04,  1.20s/it][A

eval:  96%|█████████▋| 77/80 [01:37<00:03,  1.25s/it][A

eval:  98%|█████████▊| 78/80 [01:38<00:02,  1.22s/it][A

eval:  99%|█████████▉| 79/80 [01:39<00:01,  1.28s/it][A

eval: 100%|██████████| 80/80 [01:40<00:00,  1.13s/it][A

                                                     [A2026-05-12 09:52:27 | INFO | __main__ | eval.py:43 | [EVAL_SAMPLE] idx=0 pred=pants-fire gold=barely-true output=Label: A explain=Hartzler said, "We have less Americans working now than in the ‘70s." The statistics Hartzler’s staff said she cited show the employment-population ratio and labor force participation rate was indeed higher in 1979 than in 2015. However,... prompt=<|im_start|>system
You are a careful fact-checking assistant for LIAR-RAW claims. Classify claims using only the claim and retrieved evidence supplied by the user.<|im_end|>
<|im_start|>user
Classify the claim into exactly one LIAR-RAW l...
2026-05-12 09:52:27 | INFO | __main__ | eval.py:43 | [EVAL_SAMPLE] idx=0 pred=pants-fire gold=barely-true output=Label: A explain=Hartzler said, "We have less Americans working now than in the ‘70s." The statistics Hartzler’s staff said she cited show the employment-population ratio and labor force participation rate was indeed higher in 1979 than in 2015. However,... prompt=<|im_start|>system
You are a careful fact-checking assistant for LIAR-RAW claims. Classify claims using only the claim and retrieved evidence supplied by the user.<|im_end|>
<|im_start|>user
Classify the claim into exactly one LIAR-RAW l...
2026-05-12 09:52:27 | INFO | __main__ | eval.py:43 | [EVAL_SAMPLE] idx=1 pred=pants-fire gold=pants-fire output=Label: A explain=Ellison used a Koran that once belonged to Thomas Jefferson, borrowing the rare book from the Library of Congress. It goes without saying that Ellison is not Obama. UPDATE: Barack Obama resigned from Trinity United Church of Christ on Ma... prompt=<|im_start|>system
You are a careful fact-checking assistant for LIAR-RAW claims. Classify claims using only the claim and retrieved evidence supplied by the user.<|im_end|>
<|im_start|>user
Classify the claim into exactly one LIAR-RAW l...
2026-05-12 09:52:27 | INFO | __main__ | eval.py:43 | [EVAL_SAMPLE] idx=1 pred=pants-fire gold=pants-fire output=Label: A explain=Ellison used a Koran that once belonged to Thomas Jefferson, borrowing the rare book from the Library of Congress. It goes without saying that Ellison is not Obama. UPDATE: Barack Obama resigned from Trinity United Church of Christ on Ma... prompt=<|im_start|>system
You are a careful fact-checking assistant for LIAR-RAW claims. Classify claims using only the claim and retrieved evidence supplied by the user.<|im_end|>
<|im_start|>user
Classify the claim into exactly one LIAR-RAW l...
2026-05-12 09:52:27 | INFO | __main__ | eval.py:43 | [EVAL_SAMPLE] idx=2 pred=mostly-true gold=false output=Label: E explain=However, we have two professors who say the law is silent on political activity -- even if one of them sees an implicit prohibition -- and a plain reading of the law that states no explicit ban. Blumenauer said that "the statute a hundre... prompt=<|im_start|>system
You are a careful fact-checking assistant for LIAR-RAW claims. Classify claims using only the claim and retrieved evidence supplied by the user.<|im_end|>
<|im_start|>user
Classify the claim into exactly one LIAR-RAW l...
2026-05-12 09:52:27 | INFO | __main__ | trainer.py:566 | [eval] step=200 accuracy=0.2648 macro_precision=0.2893 macro_recall=0.2904 macro_f1=0.2635 parse_error_rate=0.0000
2026-05-12 09:52:27 | INFO | __main__ | trainer.py:566 | [eval] per_class:
2026-05-12 09:52:27 | INFO | __main__ | trainer.py:566 |   - barely-true: P=0.2289 R=0.3671 F1=0.2820
2026-05-12 09:52:27 | INFO | __main__ | trainer.py:566 |   - false: P=0.3333 R=0.1916 F1=0.2433
2026-05-12 09:52:27 | INFO | __main__ | trainer.py:566 |   - half-true: P=0.2489 R=0.2358 F1=0.2422
2026-05-12 09:52:27 | INFO | __main__ | trainer.py:566 |   - mostly-true: P=0.4110 R=0.1195 F1=0.1852
2026-05-12 09:52:27 | INFO | __main__ | trainer.py:566 |   - pants-fire: P=0.2545 R=0.4914 F1=0.3353
2026-05-12 09:52:27 | INFO | __main__ | trainer.py:566 |   - true: P=0.2591 R=0.3373 F1=0.2931
2026-05-12 09:52:31 | WARNING | sft.data.io | io.py:87 | [WARN] saved adapter has no LoRA tensors; rebuilding adapter weights from model state.
2026-05-12 09:52:31 | WARNING | sft.data.io | io.py:100 | [WARN] Rewrote /data/liaozijie/fact-checking/outputs/runs/mmr_lambda_sweep/build.retrieval.mmr_lambda-0.9__2685af7b/train/best/adapter_model.safetensors with 392 LoRA tensors collected from the in-memory model.
2026-05-12 09:52:35 | WARNING | sft.data.io | io.py:87 | [WARN] saved adapter has no LoRA tensors; rebuilding adapter weights from model state.
2026-05-12 09:52:35 | WARNING | sft.data.io | io.py:100 | [WARN] Rewrote /data/liaozijie/fact-checking/outputs/runs/mmr_lambda_sweep/build.retrieval.mmr_lambda-0.9__2685af7b/train/checkpoint-200/adapter_model.safetensors with 392 LoRA tensors collected from the in-memory model.

 32%|███▏      | 201/630 [36:55<4:55:34, 41.34s/it]
 32%|███▏      | 202/630 [37:04<3:44:28, 31.47s/it]
 32%|███▏      | 203/630 [37:13<2:55:53, 24.72s/it]
 32%|███▏      | 204/630 [37:21<2:20:38, 19.81s/it]
 33%|███▎      | 205/630 [37:29<1:54:56, 16.23s/it]
 33%|███▎      | 206/630 [37:35<1:33:46, 13.27s/it]
 33%|███▎      | 207/630 [37:46<1:28:51, 12.60s/it]
 33%|███▎      | 208/630 [37:56<1:23:12, 11.83s/it]
 33%|███▎      | 209/630 [38:06<1:17:40, 11.07s/it]
 33%|███▎      | 210/630 [38:15<1:14:30, 10.64s/it]
 33%|███▎      | 211/630 [38:23<1:07:28,  9.66s/it]
 34%|███▎      | 212/630 [38:29<1:00:45,  8.72s/it]
 34%|███▍      | 213/630 [38:39<1:03:40,  9.16s/it]
 34%|███▍      | 214/630 [38:49<1:05:32,  9.45s/it]
 34%|███▍      | 215/630 [38:59<1:06:24,  9.60s/it]
 34%|███▍      | 216/630 [39:07<1:02:40,  9.08s/it]
 34%|███▍      | 217/630 [39:16<1:01:30,  8.94s/it]
 35%|███▍      | 218/630 [39:23<58:37,  8.54s/it]  
 35%|███▍      | 219/630 [39:34<1:01:38,  9.00s/it]
 35%|███▍      | 220/630 [39:44<1:05:26,  9.58s/it]
 35%|███▌      | 221/630 [39:53<1:03:13,  9.28s/it]
 35%|███▌      | 222/630 [40:02<1:01:55,  9.11s/it]
 35%|███▌      | 223/630 [40:10<1:00:22,  8.90s/it]
 36%|███▌      | 224/630 [40:17<55:04,  8.14s/it]  
 36%|███▌      | 225/630 [40:23<50:38,  7.50s/it]
 36%|███▌      | 226/630 [40:35<1:01:29,  9.13s/it]
 36%|███▌      | 227/630 [40:44<1:00:38,  9.03s/it]
 36%|███▌      | 228/630 [40:53<1:00:46,  9.07s/it]
 36%|███▋      | 229/630 [41:02<59:55,  8.97s/it]  
 37%|███▋      | 230/630 [41:10<56:33,  8.48s/it]
 37%|███▋      | 231/630 [41:16<52:56,  7.96s/it]
 37%|███▋      | 232/630 [41:28<59:23,  8.95s/it]
 37%|███▋      | 233/630 [41:37<1:00:32,  9.15s/it]
 37%|███▋      | 234/630 [41:46<58:55,  8.93s/it]  
 37%|███▋      | 235/630 [41:54<57:01,  8.66s/it]
 37%|███▋      | 236/630 [42:01<54:48,  8.35s/it]
 38%|███▊      | 237/630 [42:08<51:53,  7.92s/it]
 38%|███▊      | 238/630 [42:18<54:40,  8.37s/it]
 38%|███▊      | 239/630 [42:27<57:37,  8.84s/it]
 38%|███▊      | 240/630 [42:38<1:00:04,  9.24s/it]
 38%|███▊      | 241/630 [42:45<56:17,  8.68s/it]  
 38%|███▊      | 242/630 [42:54<55:45,  8.62s/it]
 39%|███▊      | 243/630 [43:00<52:08,  8.08s/it]
 39%|███▊      | 244/630 [43:12<58:50,  9.15s/it]
 39%|███▉      | 245/630 [43:24<1:05:03, 10.14s/it]
 39%|███▉      | 246/630 [43:33<1:02:01,  9.69s/it]
 39%|███▉      | 247/630 [43:40<57:18,  8.98s/it]  
 39%|███▉      | 248/630 [43:49<57:08,  8.98s/it]
 40%|███▉      | 249/630 [43:57<54:36,  8.60s/it]
 40%|███▉      | 250/630 [44:03<49:22,  7.80s/it]

eval:   0%|          | 0/80 [00:00<?, ?it/s][A

eval:   1%|▏         | 1/80 [00:01<01:35,  1.21s/it][A

eval:   2%|▎         | 2/80 [00:01<01:10,  1.10it/s][A

eval:   4%|▍         | 3/80 [00:02<01:08,  1.13it/s][A

eval:   5%|▌         | 4/80 [00:04<01:25,  1.12s/it][A

eval:   6%|▋         | 5/80 [00:05<01:15,  1.00s/it][A

eval:   8%|▊         | 6/80 [00:06<01:14,  1.00s/it][A

eval:   9%|▉         | 7/80 [00:07<01:25,  1.17s/it][A

eval:  10%|█         | 8/80 [00:08<01:20,  1.12s/it][A

eval:  11%|█▏        | 9/80 [00:10<01:34,  1.33s/it][A

eval:  12%|█▎        | 10/80 [00:11<01:24,  1.20s/it][A

eval:  14%|█▍        | 11/80 [00:13<01:46,  1.54s/it][A

eval:  15%|█▌        | 12/80 [00:14<01:33,  1.37s/it][A

eval:  16%|█▋        | 13/80 [00:15<01:30,  1.35s/it][A

eval:  18%|█▊        | 14/80 [00:16<01:19,  1.20s/it][A

eval:  19%|█▉        | 15/80 [00:18<01:24,  1.29s/it][A

eval:  20%|██        | 16/80 [00:19<01:13,  1.15s/it][A

eval:  21%|██▏       | 17/80 [00:20<01:12,  1.15s/it][A

eval:  22%|██▎       | 18/80 [00:21<01:16,  1.23s/it][A

eval:  24%|██▍       | 19/80 [00:22<01:06,  1.09s/it][A

eval:  25%|██▌       | 20/80 [00:24<01:20,  1.35s/it][A

eval:  26%|██▋       | 21/80 [00:25<01:09,  1.18s/it][A

eval:  28%|██▊       | 22/80 [00:26<01:10,  1.21s/it][A

eval:  29%|██▉       | 23/80 [00:27<01:05,  1.15s/it][A

eval:  30%|███       | 24/80 [00:29<01:12,  1.29s/it][A

eval:  31%|███▏      | 25/80 [00:29<01:02,  1.13s/it][A

eval:  32%|███▎      | 26/80 [00:30<00:53,  1.00it/s][A

eval:  34%|███▍      | 27/80 [00:31<00:53,  1.02s/it][A

eval:  35%|███▌      | 28/80 [00:32<00:58,  1.13s/it][A

eval:  36%|███▋      | 29/80 [00:33<00:55,  1.09s/it][A

eval:  38%|███▊      | 30/80 [00:35<00:58,  1.17s/it][A

eval:  39%|███▉      | 31/80 [00:36<00:51,  1.05s/it][A

eval:  40%|████      | 32/80 [00:37<00:54,  1.13s/it][A

eval:  41%|████▏     | 33/80 [00:38<00:58,  1.24s/it][A

eval:  42%|████▎     | 34/80 [00:41<01:11,  1.55s/it][A

eval:  44%|████▍     | 35/80 [00:41<01:00,  1.33s/it][A

eval:  45%|████▌     | 36/80 [00:43<01:01,  1.39s/it][A

eval:  46%|████▋     | 37/80 [00:45<01:01,  1.43s/it][A

eval:  48%|████▊     | 38/80 [00:45<00:53,  1.26s/it][A

eval:  49%|████▉     | 39/80 [00:46<00:46,  1.14s/it][A

eval:  50%|█████     | 40/80 [00:47<00:40,  1.00s/it][A

eval:  51%|█████▏    | 41/80 [00:48<00:42,  1.10s/it][A

eval:  52%|█████▎    | 42/80 [00:49<00:41,  1.10s/it][A

eval:  54%|█████▍    | 43/80 [00:51<00:44,  1.21s/it][A

eval:  55%|█████▌    | 44/80 [00:52<00:39,  1.09s/it][A

eval:  56%|█████▋    | 45/80 [00:53<00:39,  1.12s/it][A

eval:  57%|█████▊    | 46/80 [00:54<00:40,  1.18s/it][A

eval:  59%|█████▉    | 47/80 [00:55<00:35,  1.07s/it][A

eval:  60%|██████    | 48/80 [00:57<00:46,  1.45s/it][A

eval:  61%|██████▏   | 49/80 [00:59<00:45,  1.47s/it][A

eval:  62%|██████▎   | 50/80 [01:00<00:43,  1.45s/it][A

eval:  64%|██████▍   | 51/80 [01:02<00:43,  1.49s/it][A

eval:  65%|██████▌   | 52/80 [01:03<00:36,  1.30s/it][A

eval:  66%|██████▋   | 53/80 [01:03<00:30,  1.14s/it][A

eval:  68%|██████▊   | 54/80 [01:05<00:31,  1.22s/it][A

eval:  69%|██████▉   | 55/80 [01:06<00:27,  1.10s/it][A

eval:  70%|███████   | 56/80 [01:07<00:25,  1.07s/it][A

eval:  71%|███████▏  | 57/80 [01:08<00:22,  1.00it/s][A

eval:  72%|███████▎  | 58/80 [01:08<00:20,  1.07it/s][A

eval:  74%|███████▍  | 59/80 [01:09<00:18,  1.13it/s][A

eval:  75%|███████▌  | 60/80 [01:10<00:19,  1.05it/s][A

eval:  76%|███████▋  | 61/80 [01:11<00:17,  1.11it/s][A

eval:  78%|███████▊  | 62/80 [01:12<00:16,  1.08it/s][A

eval:  79%|███████▉  | 63/80 [01:13<00:18,  1.07s/it][A

eval:  80%|████████  | 64/80 [01:14<00:15,  1.04it/s][A

eval:  81%|████████▏ | 65/80 [01:16<00:17,  1.19s/it][A

eval:  82%|████████▎ | 66/80 [01:17<00:14,  1.06s/it][A

eval:  84%|████████▍ | 67/80 [01:18<00:14,  1.15s/it][A

eval:  85%|████████▌ | 68/80 [01:19<00:14,  1.22s/it][A

eval:  86%|████████▋ | 69/80 [01:20<00:12,  1.10s/it][A

eval:  88%|████████▊ | 70/80 [01:22<00:13,  1.37s/it][A

eval:  89%|████████▉ | 71/80 [01:23<00:11,  1.23s/it][A

eval:  90%|█████████ | 72/80 [01:24<00:10,  1.27s/it][A

eval:  91%|█████████▏| 73/80 [01:25<00:08,  1.15s/it][A

eval:  92%|█████████▎| 74/80 [01:26<00:06,  1.05s/it][A

eval:  94%|█████████▍| 75/80 [01:28<00:05,  1.18s/it][A

eval:  95%|█████████▌| 76/80 [01:29<00:04,  1.19s/it][A

eval:  96%|█████████▋| 77/80 [01:30<00:03,  1.27s/it][A

eval:  98%|█████████▊| 78/80 [01:31<00:02,  1.12s/it][A

eval:  99%|█████████▉| 79/80 [01:33<00:01,  1.35s/it][A

eval: 100%|██████████| 80/80 [01:34<00:00,  1.17s/it][A

                                                     [A2026-05-12 10:01:28 | INFO | __main__ | eval.py:43 | [EVAL_SAMPLE] idx=0 pred=false gold=barely-true output=Label: B explain=Hartzler said, "We have less Americans working now than in the ‘70s." The statistics Hartzler’s staff said she cited show the employment-population ratio and labor force participation rate was indeed higher in 1979 than in 2015. However,... prompt=<|im_start|>system
You are a careful fact-checking assistant for LIAR-RAW claims. Classify claims using only the claim and retrieved evidence supplied by the user.<|im_end|>
<|im_start|>user
Classify the claim into exactly one LIAR-RAW l...
2026-05-12 10:01:28 | INFO | __main__ | eval.py:43 | [EVAL_SAMPLE] idx=0 pred=false gold=barely-true output=Label: B explain=Hartzler said, "We have less Americans working now than in the ‘70s." The statistics Hartzler’s staff said she cited show the employment-population ratio and labor force participation rate was indeed higher in 1979 than in 2015. However,... prompt=<|im_start|>system
You are a careful fact-checking assistant for LIAR-RAW claims. Classify claims using only the claim and retrieved evidence supplied by the user.<|im_end|>
<|im_start|>user
Classify the claim into exactly one LIAR-RAW l...
2026-05-12 10:01:28 | INFO | __main__ | eval.py:43 | [EVAL_SAMPLE] idx=1 pred=false gold=pants-fire output=Label: B explain=Ellison used a Koran that once belonged to Thomas Jefferson, borrowing the rare book from the Library of Congress. It goes without saying that Ellison is not Obama. UPDATE: Barack Obama resigned from Trinity United Church of Christ on Ma... prompt=<|im_start|>system
You are a careful fact-checking assistant for LIAR-RAW claims. Classify claims using only the claim and retrieved evidence supplied by the user.<|im_end|>
<|im_start|>user
Classify the claim into exactly one LIAR-RAW l...
2026-05-12 10:01:28 | INFO | __main__ | eval.py:43 | [EVAL_SAMPLE] idx=1 pred=false gold=pants-fire output=Label: B explain=Ellison used a Koran that once belonged to Thomas Jefferson, borrowing the rare book from the Library of Congress. It goes without saying that Ellison is not Obama. UPDATE: Barack Obama resigned from Trinity United Church of Christ on Ma... prompt=<|im_start|>system
You are a careful fact-checking assistant for LIAR-RAW claims. Classify claims using only the claim and retrieved evidence supplied by the user.<|im_end|>
<|im_start|>user
Classify the claim into exactly one LIAR-RAW l...
2026-05-12 10:01:28 | INFO | __main__ | eval.py:43 | [EVAL_SAMPLE] idx=2 pred=barely-true gold=false output=Label: C explain=However, we have two professors who say the law is silent on political activity -- even if one of them sees an implicit prohibition -- and a plain reading of the law that states no explicit ban. Blumenauer said that "the statute a hundre... prompt=<|im_start|>system
You are a careful fact-checking assistant for LIAR-RAW claims. Classify claims using only the claim and retrieved evidence supplied by the user.<|im_end|>
<|im_start|>user
Classify the claim into exactly one LIAR-RAW l...
2026-05-12 10:01:28 | INFO | __main__ | trainer.py:566 | [eval] step=250 accuracy=0.2711 macro_precision=0.2905 macro_recall=0.2826 macro_f1=0.2738 parse_error_rate=0.0000
2026-05-12 10:01:28 | INFO | __main__ | trainer.py:566 | [eval] per_class:
2026-05-12 10:01:28 | INFO | __main__ | trainer.py:566 |   - barely-true: P=0.2157 R=0.3249 F1=0.2593
2026-05-12 10:01:28 | INFO | __main__ | trainer.py:566 |   - false: P=0.2730 R=0.2950 F1=0.2836
2026-05-12 10:01:28 | INFO | __main__ | trainer.py:566 |   - half-true: P=0.2533 R=0.2317 F1=0.2420
2026-05-12 10:01:28 | INFO | __main__ | trainer.py:566 |   - mostly-true: P=0.4180 R=0.2032 F1=0.2735
2026-05-12 10:01:28 | INFO | __main__ | trainer.py:566 |   - pants-fire: P=0.2818 R=0.4397 F1=0.3434
2026-05-12 10:01:28 | INFO | __main__ | trainer.py:566 |   - true: P=0.3009 R=0.2012 F1=0.2411
2026-05-12 10:01:32 | WARNING | sft.data.io | io.py:87 | [WARN] saved adapter has no LoRA tensors; rebuilding adapter weights from model state.
2026-05-12 10:01:32 | WARNING | sft.data.io | io.py:100 | [WARN] Rewrote /data/liaozijie/fact-checking/outputs/runs/mmr_lambda_sweep/build.retrieval.mmr_lambda-0.9__2685af7b/train/best/adapter_model.safetensors with 392 LoRA tensors collected from the in-memory model.
2026-05-12 10:01:36 | WARNING | sft.data.io | io.py:87 | [WARN] saved adapter has no LoRA tensors; rebuilding adapter weights from model state.
2026-05-12 10:01:36 | WARNING | sft.data.io | io.py:100 | [WARN] Rewrote /data/liaozijie/fact-checking/outputs/runs/mmr_lambda_sweep/build.retrieval.mmr_lambda-0.9__2685af7b/train/checkpoint-250/adapter_model.safetensors with 392 LoRA tensors collected from the in-memory model.

 40%|███▉      | 251/630 [45:57<4:10:07, 39.60s/it]
 40%|████      | 252/630 [46:07<3:14:23, 30.86s/it]
 40%|████      | 253/630 [46:16<2:32:40, 24.30s/it]
 40%|████      | 254/630 [46:25<2:02:10, 19.49s/it]
 40%|████      | 255/630 [46:31<1:38:11, 15.71s/it]
 41%|████      | 256/630 [46:38<1:21:05, 13.01s/it]
 41%|████      | 257/630 [46:49<1:17:14, 12.42s/it]
 41%|████      | 258/630 [46:59<1:12:46, 11.74s/it]
 41%|████      | 259/630 [47:07<1:05:37, 10.61s/it]
 41%|████▏     | 260/630 [47:16<1:02:08, 10.08s/it]
 41%|████▏     | 261/630 [47:24<58:11,  9.46s/it]  
 42%|████▏     | 262/630 [47:30<52:01,  8.48s/it]
 42%|████▏     | 263/630 [47:41<55:44,  9.11s/it]
 42%|████▏     | 264/630 [47:53<1:01:40, 10.11s/it]
 42%|████▏     | 265/630 [48:03<1:00:10,  9.89s/it]
 42%|████▏     | 266/630 [48:13<59:57,  9.88s/it]  
 42%|████▏     | 267/630 [48:20<54:21,  8.99s/it]
 43%|████▎     | 268/630 [48:26<50:04,  8.30s/it]
 43%|████▎     | 269/630 [48:37<55:08,  9.16s/it]
 43%|████▎     | 270/630 [48:50<1:00:23, 10.06s/it]
 43%|████▎     | 271/630 [48:58<57:50,  9.67s/it]  
 43%|████▎     | 272/630 [49:07<56:42,  9.50s/it]
 43%|████▎     | 273/630 [49:15<53:23,  8.97s/it]
 43%|████▎     | 274/630 [49:22<48:37,  8.19s/it]
 44%|████▎     | 275/630 [49:28<45:42,  7.72s/it]
 44%|████▍     | 276/630 [49:40<52:30,  8.90s/it]
 44%|████▍     | 277/630 [49:49<53:27,  9.09s/it]
 44%|████▍     | 278/630 [49:59<55:11,  9.41s/it]
 44%|████▍     | 279/630 [50:09<54:26,  9.31s/it]
 44%|████▍     | 280/630 [50:16<50:16,  8.62s/it]
 45%|████▍     | 281/630 [50:22<46:27,  7.99s/it]
 45%|████▍     | 282/630 [50:33<51:24,  8.86s/it]
 45%|████▍     | 283/630 [50:42<52:08,  9.02s/it]
 45%|████▌     | 284/630 [50:52<53:38,  9.30s/it]
 45%|████▌     | 285/630 [51:01<53:08,  9.24s/it]
 45%|████▌     | 286/630 [51:08<48:39,  8.49s/it]
 46%|████▌     | 287/630 [51:14<44:01,  7.70s/it]
 46%|████▌     | 288/630 [51:23<45:23,  7.96s/it]
 46%|████▌     | 289/630 [51:33<49:36,  8.73s/it]
 46%|████▌     | 290/630 [51:42<49:46,  8.78s/it]
 46%|████▌     | 291/630 [51:50<48:14,  8.54s/it]
 46%|████▋     | 292/630 [51:58<46:23,  8.23s/it]
 47%|████▋     | 293/630 [52:05<45:44,  8.14s/it]
 47%|████▋     | 294/630 [52:17<50:29,  9.02s/it]
 47%|████▋     | 295/630 [52:27<53:35,  9.60s/it]
 47%|████▋     | 296/630 [52:36<52:04,  9.36s/it]
 47%|████▋     | 297/630 [52:45<51:11,  9.22s/it]
 47%|████▋     | 298/630 [52:53<49:17,  8.91s/it]
 47%|████▋     | 299/630 [53:01<46:18,  8.40s/it]
 48%|████▊     | 300/630 [53:06<42:06,  7.66s/it]

eval:   0%|          | 0/80 [00:00<?, ?it/s][A

eval:   1%|▏         | 1/80 [00:00<01:09,  1.14it/s][A

eval:   2%|▎         | 2/80 [00:01<01:01,  1.28it/s][A

eval:   4%|▍         | 3/80 [00:02<01:19,  1.03s/it][A

eval:   5%|▌         | 4/80 [00:03<01:17,  1.02s/it][A

eval:   6%|▋         | 5/80 [00:04<01:15,  1.00s/it][A

eval:   8%|▊         | 6/80 [00:06<01:21,  1.10s/it][A

eval:   9%|▉         | 7/80 [00:07<01:13,  1.01s/it][A

eval:  10%|█         | 8/80 [00:09<01:35,  1.33s/it][A

eval:  11%|█▏        | 9/80 [00:09<01:22,  1.16s/it][A

eval:  12%|█▎        | 10/80 [00:11<01:38,  1.41s/it][A

eval:  14%|█▍        | 11/80 [00:13<01:34,  1.37s/it][A

eval:  15%|█▌        | 12/80 [00:15<01:46,  1.57s/it][A

eval:  16%|█▋        | 13/80 [00:15<01:29,  1.34s/it][A

eval:  18%|█▊        | 14/80 [00:17<01:39,  1.50s/it][A

eval:  19%|█▉        | 15/80 [00:18<01:27,  1.35s/it][A

eval:  20%|██        | 16/80 [00:20<01:40,  1.57s/it][A

eval:  21%|██▏       | 17/80 [00:21<01:27,  1.38s/it][A

eval:  22%|██▎       | 18/80 [00:22<01:14,  1.20s/it][A

eval:  24%|██▍       | 19/80 [00:23<01:07,  1.10s/it][A

eval:  25%|██▌       | 20/80 [00:24<01:06,  1.11s/it][A

eval:  26%|██▋       | 21/80 [00:25<01:00,  1.02s/it][A

eval:  28%|██▊       | 22/80 [00:26<00:58,  1.00s/it][A

eval:  29%|██▉       | 23/80 [00:27<01:01,  1.08s/it][A

eval:  30%|███       | 24/80 [00:28<01:01,  1.10s/it][A

eval:  31%|███▏      | 25/80 [00:29<00:56,  1.03s/it][A

eval:  32%|███▎      | 26/80 [00:30<00:57,  1.06s/it][A

eval:  34%|███▍      | 27/80 [00:31<00:54,  1.03s/it][A

eval:  35%|███▌      | 28/80 [00:32<00:56,  1.09s/it][A

eval:  36%|███▋      | 29/80 [00:34<00:59,  1.18s/it][A

eval:  38%|███▊      | 30/80 [00:35<00:52,  1.05s/it][A

eval:  39%|███▉      | 31/80 [00:36<01:02,  1.27s/it][A

eval:  40%|████      | 32/80 [00:37<00:56,  1.18s/it][A

eval:  41%|████▏     | 33/80 [00:39<01:05,  1.40s/it][A

eval:  42%|████▎     | 34/80 [00:40<00:59,  1.30s/it][A

eval:  44%|████▍     | 35/80 [00:42<01:07,  1.50s/it][A

eval:  45%|████▌     | 36/80 [00:43<00:58,  1.33s/it][A

eval:  46%|████▋     | 37/80 [00:45<01:07,  1.57s/it][A

eval:  48%|████▊     | 38/80 [00:46<00:56,  1.35s/it][A

eval:  49%|████▉     | 39/80 [00:47<00:48,  1.19s/it][A

eval:  50%|█████     | 40/80 [00:48<00:42,  1.06s/it][A

eval:  51%|█████▏    | 41/80 [00:49<00:45,  1.17s/it][A

eval:  52%|█████▎    | 42/80 [00:50<00:40,  1.07s/it][A

eval:  54%|█████▍    | 43/80 [00:51<00:42,  1.14s/it][A

eval:  55%|█████▌    | 44/80 [00:52<00:40,  1.12s/it][A

eval:  56%|█████▋    | 45/80 [00:53<00:35,  1.03s/it][A

eval:  57%|█████▊    | 46/80 [00:54<00:34,  1.02s/it][A

eval:  59%|█████▉    | 47/80 [00:55<00:36,  1.09s/it][A

eval:  60%|██████    | 48/80 [00:57<00:39,  1.24s/it][A

eval:  61%|██████▏   | 49/80 [00:59<00:40,  1.30s/it][A

eval:  62%|██████▎   | 50/80 [00:59<00:34,  1.15s/it][A

eval:  64%|██████▍   | 51/80 [01:01<00:41,  1.42s/it][A

eval:  65%|██████▌   | 52/80 [01:02<00:34,  1.25s/it][A

eval:  66%|██████▋   | 53/80 [01:03<00:33,  1.24s/it][A

eval:  68%|██████▊   | 54/80 [01:05<00:34,  1.33s/it][A

eval:  69%|██████▉   | 55/80 [01:06<00:33,  1.35s/it][A

eval:  70%|███████   | 56/80 [01:08<00:33,  1.38s/it][A

eval:  71%|███████▏  | 57/80 [01:09<00:31,  1.38s/it][A

eval:  72%|███████▎  | 58/80 [01:11<00:30,  1.39s/it][A

eval:  74%|███████▍  | 59/80 [01:11<00:25,  1.21s/it][A

eval:  75%|███████▌  | 60/80 [01:13<00:29,  1.45s/it][A

eval:  76%|███████▋  | 61/80 [01:14<00:23,  1.25s/it][A

eval:  78%|███████▊  | 62/80 [01:15<00:20,  1.11s/it][A

eval:  79%|███████▉  | 63/80 [01:16<00:21,  1.24s/it][A

eval:  80%|████████  | 64/80 [01:17<00:17,  1.08s/it][A

eval:  81%|████████▏ | 65/80 [01:18<00:14,  1.01it/s][A

eval:  82%|████████▎ | 66/80 [01:19<00:13,  1.02it/s][A

eval:  84%|████████▍ | 67/80 [01:20<00:13,  1.03s/it][A

eval:  85%|████████▌ | 68/80 [01:21<00:11,  1.04it/s][A

eval:  86%|████████▋ | 69/80 [01:22<00:11,  1.04s/it][A

eval:  88%|████████▊ | 70/80 [01:23<00:11,  1.11s/it][A

eval:  89%|████████▉ | 71/80 [01:24<00:09,  1.05s/it][A

eval:  90%|█████████ | 72/80 [01:26<00:10,  1.33s/it][A

eval:  91%|█████████▏| 73/80 [01:27<00:08,  1.16s/it][A

eval:  92%|█████████▎| 74/80 [01:28<00:07,  1.24s/it][A

eval:  94%|█████████▍| 75/80 [01:30<00:06,  1.33s/it][A

eval:  95%|█████████▌| 76/80 [01:32<00:06,  1.60s/it][A

eval:  96%|█████████▋| 77/80 [01:33<00:04,  1.36s/it][A

eval:  98%|█████████▊| 78/80 [01:34<00:02,  1.37s/it][A

eval:  99%|█████████▉| 79/80 [01:35<00:01,  1.20s/it][A

eval: 100%|██████████| 80/80 [01:36<00:00,  1.08s/it][A

                                                     [A2026-05-12 10:10:34 | INFO | __main__ | eval.py:43 | [EVAL_SAMPLE] idx=0 pred=false gold=barely-true output=Label: B explain=Hartzler said, "We have less Americans working now than in the ‘70s." The statistics Hartzler’s staff said she cited show the employment-population ratio and labor force participation rate was indeed higher in 1979 than in 2015. However,... prompt=<|im_start|>system
You are a careful fact-checking assistant for LIAR-RAW claims. Classify claims using only the claim and retrieved evidence supplied by the user.<|im_end|>
<|im_start|>user
Classify the claim into exactly one LIAR-RAW l...
2026-05-12 10:10:34 | INFO | __main__ | eval.py:43 | [EVAL_SAMPLE] idx=0 pred=false gold=barely-true output=Label: B explain=Hartzler said, "We have less Americans working now than in the ‘70s." The statistics Hartzler’s staff said she cited show the employment-population ratio and labor force participation rate was indeed higher in 1979 than in 2015. However,... prompt=<|im_start|>system
You are a careful fact-checking assistant for LIAR-RAW claims. Classify claims using only the claim and retrieved evidence supplied by the user.<|im_end|>
<|im_start|>user
Classify the claim into exactly one LIAR-RAW l...
2026-05-12 10:10:34 | INFO | __main__ | eval.py:43 | [EVAL_SAMPLE] idx=1 pred=false gold=pants-fire output=Label: B explain=Ellison used a Koran that once belonged to Thomas Jefferson, borrowing the rare book from the Library of Congress. It goes without saying that Ellison is not Obama. UPDATE: Barack Obama resigned from Trinity United Church of Christ on Ma... prompt=<|im_start|>system
You are a careful fact-checking assistant for LIAR-RAW claims. Classify claims using only the claim and retrieved evidence supplied by the user.<|im_end|>
<|im_start|>user
Classify the claim into exactly one LIAR-RAW l...
2026-05-12 10:10:34 | INFO | __main__ | eval.py:43 | [EVAL_SAMPLE] idx=1 pred=false gold=pants-fire output=Label: B explain=Ellison used a Koran that once belonged to Thomas Jefferson, borrowing the rare book from the Library of Congress. It goes without saying that Ellison is not Obama. UPDATE: Barack Obama resigned from Trinity United Church of Christ on Ma... prompt=<|im_start|>system
You are a careful fact-checking assistant for LIAR-RAW claims. Classify claims using only the claim and retrieved evidence supplied by the user.<|im_end|>
<|im_start|>user
Classify the claim into exactly one LIAR-RAW l...
2026-05-12 10:10:34 | INFO | __main__ | eval.py:43 | [EVAL_SAMPLE] idx=2 pred=mostly-true gold=false output=Label: E explain=However, we have two professors who say the law is silent on political activity -- even if one of them sees an implicit prohibition -- and a plain reading of the law that states no explicit ban. Blumenauer said that "the statute a hundre... prompt=<|im_start|>system
You are a careful fact-checking assistant for LIAR-RAW claims. Classify claims using only the claim and retrieved evidence supplied by the user.<|im_end|>
<|im_start|>user
Classify the claim into exactly one LIAR-RAW l...
2026-05-12 10:10:34 | INFO | __main__ | trainer.py:566 | [eval] step=300 accuracy=0.2914 macro_precision=0.3055 macro_recall=0.3044 macro_f1=0.2926 parse_error_rate=0.0000
2026-05-12 10:10:34 | INFO | __main__ | trainer.py:566 | [eval] per_class:
2026-05-12 10:10:34 | INFO | __main__ | trainer.py:566 |   - barely-true: P=0.2579 R=0.3797 F1=0.3072
2026-05-12 10:10:34 | INFO | __main__ | trainer.py:566 |   - false: P=0.2911 R=0.3257 F1=0.3074
2026-05-12 10:10:34 | INFO | __main__ | trainer.py:566 |   - half-true: P=0.2700 R=0.2195 F1=0.2422
2026-05-12 10:10:34 | INFO | __main__ | trainer.py:566 |   - mostly-true: P=0.4095 R=0.1713 F1=0.2416
2026-05-12 10:10:34 | INFO | __main__ | trainer.py:566 |   - pants-fire: P=0.3025 R=0.4224 F1=0.3525
2026-05-12 10:10:34 | INFO | __main__ | trainer.py:566 |   - true: P=0.3023 R=0.3077 F1=0.3050
2026-05-12 10:10:38 | WARNING | sft.data.io | io.py:87 | [WARN] saved adapter has no LoRA tensors; rebuilding adapter weights from model state.
2026-05-12 10:10:38 | WARNING | sft.data.io | io.py:100 | [WARN] Rewrote /data/liaozijie/fact-checking/outputs/runs/mmr_lambda_sweep/build.retrieval.mmr_lambda-0.9__2685af7b/train/best/adapter_model.safetensors with 392 LoRA tensors collected from the in-memory model.
2026-05-12 10:10:42 | WARNING | sft.data.io | io.py:87 | [WARN] saved adapter has no LoRA tensors; rebuilding adapter weights from model state.
2026-05-12 10:10:42 | WARNING | sft.data.io | io.py:100 | [WARN] Rewrote /data/liaozijie/fact-checking/outputs/runs/mmr_lambda_sweep/build.retrieval.mmr_lambda-0.9__2685af7b/train/checkpoint-300/adapter_model.safetensors with 392 LoRA tensors collected from the in-memory model.

 48%|████▊     | 301/630 [55:03<3:40:41, 40.25s/it]
 48%|████▊     | 302/630 [55:14<2:52:37, 31.58s/it]
 48%|████▊     | 303/630 [55:23<2:15:32, 24.87s/it]
 48%|████▊     | 304/630 [55:31<1:47:43, 19.83s/it]
 48%|████▊     | 305/630 [55:38<1:26:29, 15.97s/it]
 49%|████▊     | 306/630 [55:45<1:10:21, 13.03s/it]
 49%|████▊     | 307/630 [55:59<1:11:44, 13.33s/it]
 49%|████▉     | 308/630 [56:08<1:05:48, 12.26s/it]
 49%|████▉     | 309/630 [56:17<1:00:34, 11.32s/it]
 49%|████▉     | 310/630 [56:26<56:28, 10.59s/it]  
 49%|████▉     | 311/630 [56:34<51:31,  9.69s/it]
 50%|████▉     | 312/630 [56:40<46:09,  8.71s/it]
 50%|████▉     | 313/630 [56:49<46:27,  8.79s/it]
 50%|████▉     | 314/630 [56:59<48:27,  9.20s/it]
 50%|█████     | 315/630 [57:04<41:09,  7.84s/it]
 50%|█████     | 316/630 [57:18<50:25,  9.64s/it]
 50%|█████     | 317/630 [57:28<50:47,  9.74s/it]
 50%|█████     | 318/630 [57:36<47:49,  9.20s/it]
 51%|█████     | 319/630 [57:43<45:11,  8.72s/it]
 51%|█████     | 320/630 [57:51<42:42,  8.27s/it]
 51%|█████     | 321/630 [57:57<39:37,  7.69s/it]
 51%|█████     | 322/630 [58:10<47:56,  9.34s/it]
 51%|█████▏    | 323/630 [58:20<48:36,  9.50s/it]
 51%|█████▏    | 324/630 [58:29<47:50,  9.38s/it]
 52%|█████▏    | 325/630 [58:38<46:58,  9.24s/it]
 52%|█████▏    | 326/630 [58:46<44:25,  8.77s/it]
 52%|█████▏    | 327/630 [58:53<41:09,  8.15s/it]
 52%|█████▏    | 328/630 [59:04<45:51,  9.11s/it]
 52%|█████▏    | 329/630 [59:13<46:23,  9.25s/it]
 52%|█████▏    | 330/630 [59:23<47:08,  9.43s/it]
 53%|█████▎    | 331/630 [59:31<45:09,  9.06s/it]
 53%|█████▎    | 332/630 [59:40<44:28,  8.95s/it]
 53%|█████▎    | 333/630 [59:47<41:38,  8.41s/it]
 53%|█████▎    | 334/630 [59:55<40:24,  8.19s/it]
 53%|█████▎    | 335/630 [1:00:05<42:45,  8.70s/it]
 53%|█████▎    | 336/630 [1:00:14<43:55,  8.96s/it]
 53%|█████▎    | 337/630 [1:00:24<45:00,  9.22s/it]
 54%|█████▎    | 338/630 [1:00:33<43:27,  8.93s/it]
 54%|█████▍    | 339/630 [1:00:39<40:11,  8.29s/it]
 54%|█████▍    | 340/630 [1:00:45<36:41,  7.59s/it]
 54%|█████▍    | 341/630 [1:00:56<41:43,  8.66s/it]
 54%|█████▍    | 342/630 [1:01:07<44:44,  9.32s/it]
 54%|█████▍    | 343/630 [1:01:17<44:29,  9.30s/it]
 55%|█████▍    | 344/630 [1:01:25<42:24,  8.90s/it]
 55%|█████▍    | 345/630 [1:01:32<40:41,  8.57s/it]
 55%|█████▍    | 346/630 [1:01:40<38:37,  8.16s/it]
 55%|█████▌    | 347/630 [1:01:52<44:53,  9.52s/it]
 55%|█████▌    | 348/630 [1:02:02<44:26,  9.45s/it]
 55%|█████▌    | 349/630 [1:02:12<45:03,  9.62s/it]
 56%|█████▌    | 350/630 [1:02:20<43:23,  9.30s/it]

eval:   0%|          | 0/80 [00:00<?, ?it/s][A

eval:   1%|▏         | 1/80 [00:00<01:11,  1.10it/s][A

eval:   2%|▎         | 2/80 [00:02<01:31,  1.17s/it][A

eval:   4%|▍         | 3/80 [00:03<01:17,  1.00s/it][A

eval:   5%|▌         | 4/80 [00:04<01:25,  1.12s/it][A

eval:   6%|▋         | 5/80 [00:05<01:35,  1.28s/it][A

eval:   8%|▊         | 6/80 [00:07<01:32,  1.26s/it][A

eval:   9%|▉         | 7/80 [00:07<01:21,  1.12s/it][A

eval:  10%|█         | 8/80 [00:09<01:20,  1.12s/it][A

eval:  11%|█▏        | 9/80 [00:10<01:23,  1.17s/it][A

eval:  12%|█▎        | 10/80 [00:11<01:16,  1.09s/it][A

eval:  14%|█▍        | 11/80 [00:13<01:37,  1.41s/it][A

eval:  15%|█▌        | 12/80 [00:14<01:26,  1.28s/it][A

eval:  16%|█▋        | 13/80 [00:16<01:36,  1.44s/it][A

eval:  18%|█▊        | 14/80 [00:16<01:22,  1.24s/it][A

eval:  19%|█▉        | 15/80 [00:19<01:38,  1.52s/it][A

eval:  20%|██        | 16/80 [00:19<01:23,  1.30s/it][A

eval:  21%|██▏       | 17/80 [00:20<01:15,  1.20s/it][A

eval:  22%|██▎       | 18/80 [00:21<01:06,  1.07s/it][A

eval:  24%|██▍       | 19/80 [00:22<00:59,  1.02it/s][A

eval:  25%|██▌       | 20/80 [00:23<01:02,  1.04s/it][A

eval:  26%|██▋       | 21/80 [00:24<00:57,  1.03it/s][A

eval:  28%|██▊       | 22/80 [00:25<00:56,  1.03it/s][A

eval:  29%|██▉       | 23/80 [00:26<01:00,  1.06s/it][A

eval:  30%|███       | 24/80 [00:28<01:16,  1.37s/it][A

eval:  31%|███▏      | 25/80 [00:29<01:04,  1.18s/it][A

eval:  32%|███▎      | 26/80 [00:30<00:55,  1.04s/it][A

eval:  34%|███▍      | 27/80 [00:31<01:06,  1.26s/it][A

eval:  35%|███▌      | 28/80 [00:32<00:59,  1.15s/it][A

eval:  36%|███▋      | 29/80 [00:34<01:00,  1.19s/it][A

eval:  38%|███▊      | 30/80 [00:35<01:01,  1.23s/it][A

eval:  39%|███▉      | 31/80 [00:36<00:53,  1.09s/it][A

eval:  40%|████      | 32/80 [00:38<01:06,  1.39s/it][A

eval:  41%|████▏     | 33/80 [00:39<00:58,  1.23s/it][A

eval:  42%|████▎     | 34/80 [00:41<01:09,  1.52s/it][A

eval:  44%|████▍     | 35/80 [00:42<00:59,  1.31s/it][A

eval:  45%|████▌     | 36/80 [00:44<01:07,  1.53s/it][A

eval:  46%|████▋     | 37/80 [00:45<00:58,  1.37s/it][A

eval:  48%|████▊     | 38/80 [00:46<00:58,  1.40s/it][A

eval:  49%|████▉     | 39/80 [00:47<00:50,  1.23s/it][A

eval:  50%|█████     | 40/80 [00:48<00:42,  1.07s/it][A

eval:  51%|█████▏    | 41/80 [00:49<00:46,  1.18s/it][A

eval:  52%|█████▎    | 42/80 [00:50<00:43,  1.13s/it][A

eval:  54%|█████▍    | 43/80 [00:52<00:47,  1.27s/it][A

eval:  55%|█████▌    | 44/80 [00:53<00:40,  1.13s/it][A

eval:  56%|█████▋    | 45/80 [00:54<00:39,  1.14s/it][A

eval:  57%|█████▊    | 46/80 [00:55<00:35,  1.03s/it][A

eval:  59%|█████▉    | 47/80 [00:56<00:33,  1.00s/it][A

eval:  60%|██████    | 48/80 [00:57<00:38,  1.20s/it][A

eval:  61%|██████▏   | 49/80 [00:58<00:33,  1.09s/it][A

eval:  62%|██████▎   | 50/80 [01:00<00:37,  1.25s/it][A

eval:  64%|██████▍   | 51/80 [01:01<00:33,  1.17s/it][A

eval:  65%|██████▌   | 52/80 [01:02<00:33,  1.18s/it][A

eval:  66%|██████▋   | 53/80 [01:03<00:33,  1.24s/it][A

eval:  68%|██████▊   | 54/80 [01:05<00:33,  1.30s/it][A

eval:  69%|██████▉   | 55/80 [01:05<00:29,  1.16s/it][A

eval:  70%|███████   | 56/80 [01:06<00:26,  1.09s/it][A

eval:  71%|███████▏  | 57/80 [01:08<00:26,  1.17s/it][A

eval:  72%|███████▎  | 58/80 [01:09<00:23,  1.05s/it][A

eval:  74%|███████▍  | 59/80 [01:09<00:21,  1.03s/it][A

eval:  75%|███████▌  | 60/80 [01:11<00:23,  1.15s/it][A

eval:  76%|███████▋  | 61/80 [01:12<00:19,  1.04s/it][A

eval:  78%|███████▊  | 62/80 [01:13<00:19,  1.08s/it][A

eval:  79%|███████▉  | 63/80 [01:14<00:17,  1.04s/it][A

eval:  80%|████████  | 64/80 [01:15<00:15,  1.07it/s][A

eval:  81%|████████▏ | 65/80 [01:16<00:15,  1.02s/it][A

eval:  82%|████████▎ | 66/80 [01:17<00:13,  1.06it/s][A

eval:  84%|████████▍ | 67/80 [01:17<00:12,  1.05it/s][A

eval:  85%|████████▌ | 68/80 [01:19<00:12,  1.06s/it][A

eval:  86%|████████▋ | 69/80 [01:20<00:10,  1.01it/s][A

eval:  88%|████████▊ | 70/80 [01:21<00:10,  1.02s/it][A

eval:  89%|████████▉ | 71/80 [01:22<00:10,  1.16s/it][A

eval:  90%|█████████ | 72/80 [01:23<00:09,  1.20s/it][A

eval:  91%|█████████▏| 73/80 [01:25<00:08,  1.28s/it][A

eval:  92%|█████████▎| 74/80 [01:26<00:06,  1.13s/it][A

eval:  94%|█████████▍| 75/80 [01:28<00:06,  1.40s/it][A

eval:  95%|█████████▌| 76/80 [01:29<00:05,  1.28s/it][A

eval:  96%|█████████▋| 77/80 [01:31<00:04,  1.50s/it][A

eval:  98%|█████████▊| 78/80 [01:32<00:02,  1.28s/it][A

eval:  99%|█████████▉| 79/80 [01:33<00:01,  1.33s/it][A

eval: 100%|██████████| 80/80 [01:34<00:00,  1.38s/it][A

                                                     [A2026-05-12 10:19:46 | INFO | __main__ | eval.py:43 | [EVAL_SAMPLE] idx=0 pred=false gold=barely-true output=Label: B explain=Hartzler said, "We have less Americans working now than in the ‘70s." The statistics Hartzler’s staff said she cited show the employment-population ratio and labor force participation rate was indeed higher in 1979 than in 2015. However,... prompt=<|im_start|>system
You are a careful fact-checking assistant for LIAR-RAW claims. Classify claims using only the claim and retrieved evidence supplied by the user.<|im_end|>
<|im_start|>user
Classify the claim into exactly one LIAR-RAW l...
2026-05-12 10:19:46 | INFO | __main__ | eval.py:43 | [EVAL_SAMPLE] idx=0 pred=false gold=barely-true output=Label: B explain=Hartzler said, "We have less Americans working now than in the ‘70s." The statistics Hartzler’s staff said she cited show the employment-population ratio and labor force participation rate was indeed higher in 1979 than in 2015. However,... prompt=<|im_start|>system
You are a careful fact-checking assistant for LIAR-RAW claims. Classify claims using only the claim and retrieved evidence supplied by the user.<|im_end|>
<|im_start|>user
Classify the claim into exactly one LIAR-RAW l...
2026-05-12 10:19:46 | INFO | __main__ | eval.py:43 | [EVAL_SAMPLE] idx=1 pred=false gold=pants-fire output=Label: B explain=Ellison used a Koran that once belonged to Thomas Jefferson, borrowing the rare book from the Library of Congress. It goes without saying that Ellison is not Obama. UPDATE: Barack Obama resigned from Trinity United Church of Christ on Ma... prompt=<|im_start|>system
You are a careful fact-checking assistant for LIAR-RAW claims. Classify claims using only the claim and retrieved evidence supplied by the user.<|im_end|>
<|im_start|>user
Classify the claim into exactly one LIAR-RAW l...
2026-05-12 10:19:46 | INFO | __main__ | eval.py:43 | [EVAL_SAMPLE] idx=1 pred=false gold=pants-fire output=Label: B explain=Ellison used a Koran that once belonged to Thomas Jefferson, borrowing the rare book from the Library of Congress. It goes without saying that Ellison is not Obama. UPDATE: Barack Obama resigned from Trinity United Church of Christ on Ma... prompt=<|im_start|>system
You are a careful fact-checking assistant for LIAR-RAW claims. Classify claims using only the claim and retrieved evidence supplied by the user.<|im_end|>
<|im_start|>user
Classify the claim into exactly one LIAR-RAW l...
2026-05-12 10:19:46 | INFO | __main__ | eval.py:43 | [EVAL_SAMPLE] idx=2 pred=mostly-true gold=false output=Label: E explain=However, we have two professors who say the law is silent on political activity -- even if one of them sees an implicit prohibition -- and a plain reading of the law that states no explicit ban. Blumenauer said that "the statute a hundre... prompt=<|im_start|>system
You are a careful fact-checking assistant for LIAR-RAW claims. Classify claims using only the claim and retrieved evidence supplied by the user.<|im_end|>
<|im_start|>user
Classify the claim into exactly one LIAR-RAW l...
2026-05-12 10:19:46 | INFO | __main__ | trainer.py:566 | [eval] step=350 accuracy=0.2844 macro_precision=0.2982 macro_recall=0.2995 macro_f1=0.2870 parse_error_rate=0.0000
2026-05-12 10:19:46 | INFO | __main__ | trainer.py:566 | [eval] per_class:
2026-05-12 10:19:46 | INFO | __main__ | trainer.py:566 |   - barely-true: P=0.2415 R=0.3291 F1=0.2786
2026-05-12 10:19:46 | INFO | __main__ | trainer.py:566 |   - false: P=0.3010 R=0.3448 F1=0.3214
2026-05-12 10:19:46 | INFO | __main__ | trainer.py:566 |   - half-true: P=0.2350 R=0.1911 F1=0.2108
2026-05-12 10:19:46 | INFO | __main__ | trainer.py:566 |   - mostly-true: P=0.4151 R=0.1753 F1=0.2465
2026-05-12 10:19:46 | INFO | __main__ | trainer.py:566 |   - pants-fire: P=0.3012 R=0.4310 F1=0.3546
2026-05-12 10:19:46 | INFO | __main__ | trainer.py:566 |   - true: P=0.2957 R=0.3254 F1=0.3099
2026-05-12 10:19:52 | WARNING | sft.data.io | io.py:87 | [WARN] saved adapter has no LoRA tensors; rebuilding adapter weights from model state.
2026-05-12 10:19:52 | WARNING | sft.data.io | io.py:100 | [WARN] Rewrote /data/liaozijie/fact-checking/outputs/runs/mmr_lambda_sweep/build.retrieval.mmr_lambda-0.9__2685af7b/train/checkpoint-350/adapter_model.safetensors with 392 LoRA tensors collected from the in-memory model.

 56%|█████▌    | 351/630 [1:04:09<3:01:49, 39.10s/it]
 56%|█████▌    | 352/630 [1:04:16<2:17:07, 29.59s/it]
 56%|█████▌    | 353/630 [1:04:25<1:48:31, 23.51s/it]
 56%|█████▌    | 354/630 [1:04:36<1:30:28, 19.67s/it]
 56%|█████▋    | 355/630 [1:04:45<1:14:38, 16.29s/it]
 57%|█████▋    | 356/630 [1:04:53<1:04:03, 14.03s/it]
 57%|█████▋    | 357/630 [1:05:00<54:04, 11.88s/it]  
 57%|█████▋    | 358/630 [1:05:06<46:08, 10.18s/it]
 57%|█████▋    | 359/630 [1:05:16<45:29, 10.07s/it]
 57%|█████▋    | 360/630 [1:05:29<48:24, 10.76s/it]
 57%|█████▋    | 361/630 [1:05:38<45:49, 10.22s/it]
 57%|█████▋    | 362/630 [1:05:46<43:37,  9.77s/it]
 58%|█████▊    | 363/630 [1:05:54<41:07,  9.24s/it]
 58%|█████▊    | 364/630 [1:06:02<39:05,  8.82s/it]
 58%|█████▊    | 365/630 [1:06:08<35:08,  7.95s/it]
 58%|█████▊    | 366/630 [1:06:19<39:22,  8.95s/it]
 58%|█████▊    | 367/630 [1:06:29<40:03,  9.14s/it]
 58%|█████▊    | 368/630 [1:06:37<38:42,  8.87s/it]
 59%|█████▊    | 369/630 [1:06:44<36:33,  8.40s/it]
 59%|█████▊    | 370/630 [1:06:53<36:45,  8.48s/it]
 59%|█████▉    | 371/630 [1:07:00<34:55,  8.09s/it]
 59%|█████▉    | 372/630 [1:07:14<42:00,  9.77s/it]
 59%|█████▉    | 373/630 [1:07:24<42:40,  9.96s/it]
 59%|█████▉    | 374/630 [1:07:33<40:48,  9.56s/it]
 60%|█████▉    | 375/630 [1:07:42<39:57,  9.40s/it]
 60%|█████▉    | 376/630 [1:07:49<36:11,  8.55s/it]
 60%|█████▉    | 377/630 [1:07:56<34:33,  8.19s/it]
 60%|██████    | 378/630 [1:08:06<37:14,  8.87s/it]
 60%|██████    | 379/630 [1:08:16<38:32,  9.21s/it]
 60%|██████    | 380/630 [1:08:25<37:50,  9.08s/it]
 60%|██████    | 381/630 [1:08:34<37:58,  9.15s/it]
 61%|██████    | 382/630 [1:08:43<37:14,  9.01s/it]
 61%|██████    | 383/630 [1:08:50<34:35,  8.40s/it]
 61%|██████    | 384/630 [1:09:00<36:14,  8.84s/it]
 61%|██████    | 385/630 [1:09:11<38:59,  9.55s/it]
 61%|██████▏   | 386/630 [1:09:20<38:24,  9.44s/it]
 61%|██████▏   | 387/630 [1:09:28<36:32,  9.02s/it]
 62%|██████▏   | 388/630 [1:09:37<35:47,  8.87s/it]
 62%|██████▏   | 389/630 [1:09:44<33:01,  8.22s/it]
 62%|██████▏   | 390/630 [1:09:50<31:04,  7.77s/it]
 62%|██████▏   | 391/630 [1:10:01<34:20,  8.62s/it]
 62%|██████▏   | 392/630 [1:10:11<35:30,  8.95s/it]
 62%|██████▏   | 393/630 [1:10:19<34:49,  8.82s/it]
 63%|██████▎   | 394/630 [1:10:27<33:23,  8.49s/it]
 63%|██████▎   | 395/630 [1:10:35<32:08,  8.21s/it]
 63%|██████▎   | 396/630 [1:10:43<31:45,  8.14s/it]
 63%|██████▎   | 397/630 [1:10:56<38:00,  9.79s/it]
 63%|██████▎   | 398/630 [1:11:06<38:05,  9.85s/it]
 63%|██████▎   | 399/630 [1:11:17<39:16, 10.20s/it]
 63%|██████▎   | 400/630 [1:11:26<37:33,  9.80s/it]

eval:   0%|          | 0/80 [00:00<?, ?it/s][A

eval:   1%|▏         | 1/80 [00:01<01:43,  1.31s/it][A

eval:   2%|▎         | 2/80 [00:02<01:14,  1.05it/s][A

eval:   4%|▍         | 3/80 [00:03<01:18,  1.02s/it][A

eval:   5%|▌         | 4/80 [00:04<01:33,  1.23s/it][A

eval:   6%|▋         | 5/80 [00:05<01:20,  1.07s/it][A

eval:   8%|▊         | 6/80 [00:07<01:37,  1.32s/it][A

eval:   9%|▉         | 7/80 [00:08<01:24,  1.16s/it][A

eval:  10%|█         | 8/80 [00:10<01:45,  1.46s/it][A

eval:  11%|█▏        | 9/80 [00:10<01:28,  1.25s/it][A

eval:  12%|█▎        | 10/80 [00:12<01:34,  1.35s/it][A

eval:  14%|█▍        | 11/80 [00:14<01:43,  1.50s/it][A

eval:  15%|█▌        | 12/80 [00:15<01:31,  1.34s/it][A

eval:  16%|█▋        | 13/80 [00:16<01:18,  1.18s/it][A

eval:  18%|█▊        | 14/80 [00:17<01:12,  1.09s/it][A

eval:  19%|█▉        | 15/80 [00:18<01:09,  1.06s/it][A

eval:  20%|██        | 16/80 [00:18<01:05,  1.02s/it][A

eval:  21%|██▏       | 17/80 [00:20<01:08,  1.08s/it][A

eval:  22%|██▎       | 18/80 [00:20<01:01,  1.01it/s][A

eval:  24%|██▍       | 19/80 [00:22<01:01,  1.00s/it][A

eval:  25%|██▌       | 20/80 [00:23<01:07,  1.13s/it][A

eval:  26%|██▋       | 21/80 [00:24<01:00,  1.03s/it][A

eval:  28%|██▊       | 22/80 [00:25<01:02,  1.08s/it][A

eval:  29%|██▉       | 23/80 [00:26<01:08,  1.21s/it][A

eval:  30%|███       | 24/80 [00:29<01:22,  1.48s/it][A

eval:  31%|███▏      | 25/80 [00:29<01:09,  1.26s/it][A

eval:  32%|███▎      | 26/80 [00:30<00:58,  1.09s/it][A

eval:  34%|███▍      | 27/80 [00:32<01:14,  1.40s/it][A

eval:  35%|███▌      | 28/80 [00:33<01:04,  1.25s/it][A

eval:  36%|███▋      | 29/80 [00:35<01:15,  1.48s/it][A

eval:  38%|███▊      | 30/80 [00:36<01:02,  1.26s/it][A

eval:  39%|███▉      | 31/80 [00:38<01:14,  1.51s/it][A

eval:  40%|████      | 32/80 [00:39<01:04,  1.35s/it][A

eval:  41%|████▏     | 33/80 [00:40<01:05,  1.38s/it][A

eval:  42%|████▎     | 34/80 [00:41<00:59,  1.29s/it][A

eval:  44%|████▍     | 35/80 [00:43<01:00,  1.33s/it][A

eval:  45%|████▌     | 36/80 [00:44<00:53,  1.21s/it][A

eval:  46%|████▋     | 37/80 [00:45<00:51,  1.20s/it][A

eval:  48%|████▊     | 38/80 [00:46<00:53,  1.26s/it][A

eval:  49%|████▉     | 39/80 [00:48<00:51,  1.25s/it][A

eval:  50%|█████     | 40/80 [00:49<00:50,  1.27s/it][A

eval:  51%|█████▏    | 41/80 [00:50<00:49,  1.26s/it][A

eval:  52%|█████▎    | 42/80 [00:52<00:54,  1.43s/it][A

eval:  54%|█████▍    | 43/80 [00:53<00:48,  1.31s/it][A

eval:  55%|█████▌    | 44/80 [00:55<00:52,  1.47s/it][A

eval:  56%|█████▋    | 45/80 [00:56<00:44,  1.27s/it][A

eval:  57%|█████▊    | 46/80 [00:57<00:43,  1.29s/it][A

eval:  59%|█████▉    | 47/80 [00:58<00:44,  1.33s/it][A

eval:  60%|██████    | 48/80 [01:01<00:52,  1.65s/it][A

eval:  61%|██████▏   | 49/80 [01:02<00:43,  1.41s/it][A

eval:  62%|██████▎   | 50/80 [01:03<00:42,  1.42s/it][A

eval:  64%|██████▍   | 51/80 [01:05<00:42,  1.48s/it][A

eval:  65%|██████▌   | 52/80 [01:06<00:36,  1.29s/it][A

eval:  66%|██████▋   | 53/80 [01:07<00:35,  1.33s/it][A

eval:  68%|██████▊   | 54/80 [01:08<00:31,  1.23s/it][A

eval:  69%|██████▉   | 55/80 [01:09<00:27,  1.11s/it][A

eval:  70%|███████   | 56/80 [01:10<00:25,  1.07s/it][A

eval:  71%|███████▏  | 57/80 [01:11<00:24,  1.07s/it][A

eval:  72%|███████▎  | 58/80 [01:12<00:21,  1.02it/s][A

eval:  74%|███████▍  | 59/80 [01:13<00:21,  1.01s/it][A

eval:  75%|███████▌  | 60/80 [01:14<00:20,  1.04s/it][A

eval:  76%|███████▋  | 61/80 [01:15<00:18,  1.04it/s][A

eval:  78%|███████▊  | 62/80 [01:16<00:18,  1.05s/it][A

eval:  79%|███████▉  | 63/80 [01:17<00:19,  1.16s/it][A

eval:  80%|████████  | 64/80 [01:18<00:16,  1.02s/it][A

eval:  81%|████████▏ | 65/80 [01:20<00:19,  1.27s/it][A

eval:  82%|████████▎ | 66/80 [01:21<00:15,  1.12s/it][A

eval:  84%|████████▍ | 67/80 [01:22<00:16,  1.24s/it][A

eval:  85%|████████▌ | 68/80 [01:23<00:15,  1.29s/it][A

eval:  86%|████████▋ | 69/80 [01:25<00:14,  1.35s/it][A

eval:  88%|████████▊ | 70/80 [01:26<00:13,  1.38s/it][A

eval:  89%|████████▉ | 71/80 [01:29<00:14,  1.64s/it][A

eval:  90%|█████████ | 72/80 [01:29<00:11,  1.40s/it][A

eval:  91%|█████████▏| 73/80 [01:30<00:08,  1.21s/it][A

eval:  92%|█████████▎| 74/80 [01:31<00:06,  1.09s/it][A

eval:  94%|█████████▍| 75/80 [01:32<00:05,  1.04s/it][A

eval:  95%|█████████▌| 76/80 [01:33<00:04,  1.08s/it][A

eval:  96%|█████████▋| 77/80 [01:34<00:02,  1.00it/s][A

eval:  98%|█████████▊| 78/80 [01:35<00:01,  1.04it/s][A

eval:  99%|█████████▉| 79/80 [01:36<00:01,  1.03s/it][A

eval: 100%|██████████| 80/80 [01:37<00:00,  1.05it/s][A

                                                     [A2026-05-12 10:28:54 | INFO | __main__ | eval.py:43 | [EVAL_SAMPLE] idx=0 pred=pants-fire gold=barely-true output=Label: A explain=Hartzler said, "We have less Americans working now than in the ‘70s." The statistics Hartzler’s staff said she cited show the employment-population ratio and labor force participation rate was indeed higher in 1979 than in 2015. However,... prompt=<|im_start|>system
You are a careful fact-checking assistant for LIAR-RAW claims. Classify claims using only the claim and retrieved evidence supplied by the user.<|im_end|>
<|im_start|>user
Classify the claim into exactly one LIAR-RAW l...
2026-05-12 10:28:54 | INFO | __main__ | eval.py:43 | [EVAL_SAMPLE] idx=0 pred=false gold=barely-true output=Label: B explain=Hartzler said, "We have less Americans working now than in the ‘70s." The statistics Hartzler’s staff said she cited show the employment-population ratio and labor force participation rate was indeed higher in 1979 than in 2015. However,... prompt=<|im_start|>system
You are a careful fact-checking assistant for LIAR-RAW claims. Classify claims using only the claim and retrieved evidence supplied by the user.<|im_end|>
<|im_start|>user
Classify the claim into exactly one LIAR-RAW l...
2026-05-12 10:28:54 | INFO | __main__ | eval.py:43 | [EVAL_SAMPLE] idx=1 pred=false gold=pants-fire output=Label: B explain=Ellison used a Koran that once belonged to Thomas Jefferson, borrowing the rare book from the Library of Congress. It goes without saying that Ellison is not Obama. UPDATE: Barack Obama resigned from Trinity United Church of Christ on Ma... prompt=<|im_start|>system
You are a careful fact-checking assistant for LIAR-RAW claims. Classify claims using only the claim and retrieved evidence supplied by the user.<|im_end|>
<|im_start|>user
Classify the claim into exactly one LIAR-RAW l...
2026-05-12 10:28:54 | INFO | __main__ | eval.py:43 | [EVAL_SAMPLE] idx=1 pred=false gold=pants-fire output=Label: B explain=Ellison used a Koran that once belonged to Thomas Jefferson, borrowing the rare book from the Library of Congress. It goes without saying that Ellison is not Obama. UPDATE: Barack Obama resigned from Trinity United Church of Christ on Ma... prompt=<|im_start|>system
You are a careful fact-checking assistant for LIAR-RAW claims. Classify claims using only the claim and retrieved evidence supplied by the user.<|im_end|>
<|im_start|>user
Classify the claim into exactly one LIAR-RAW l...
2026-05-12 10:28:54 | INFO | __main__ | eval.py:43 | [EVAL_SAMPLE] idx=2 pred=mostly-true gold=false output=Label: E explain=However, we have two professors who say the law is silent on political activity -- even if one of them sees an implicit prohibition -- and a plain reading of the law that states no explicit ban. Blumenauer said that "the statute a hundre... prompt=<|im_start|>system
You are a careful fact-checking assistant for LIAR-RAW claims. Classify claims using only the claim and retrieved evidence supplied by the user.<|im_end|>
<|im_start|>user
Classify the claim into exactly one LIAR-RAW l...
2026-05-12 10:28:54 | INFO | __main__ | trainer.py:566 | [eval] step=400 accuracy=0.2719 macro_precision=0.2813 macro_recall=0.2943 macro_f1=0.2745 parse_error_rate=0.0000
2026-05-12 10:28:54 | INFO | __main__ | trainer.py:566 | [eval] per_class:
2026-05-12 10:28:54 | INFO | __main__ | trainer.py:566 |   - barely-true: P=0.2490 R=0.2616 F1=0.2551
2026-05-12 10:28:54 | INFO | __main__ | trainer.py:566 |   - false: P=0.2913 R=0.2567 F1=0.2729
2026-05-12 10:28:54 | INFO | __main__ | trainer.py:566 |   - half-true: P=0.2420 R=0.2154 F1=0.2280
2026-05-12 10:28:54 | INFO | __main__ | trainer.py:566 |   - mostly-true: P=0.3917 R=0.1873 F1=0.2534
2026-05-12 10:28:54 | INFO | __main__ | trainer.py:566 |   - pants-fire: P=0.2488 R=0.4483 F1=0.3200
2026-05-12 10:28:54 | INFO | __main__ | trainer.py:566 |   - true: P=0.2648 R=0.3964 F1=0.3175
2026-05-12 10:28:59 | WARNING | sft.data.io | io.py:87 | [WARN] saved adapter has no LoRA tensors; rebuilding adapter weights from model state.
2026-05-12 10:28:59 | WARNING | sft.data.io | io.py:100 | [WARN] Rewrote /data/liaozijie/fact-checking/outputs/runs/mmr_lambda_sweep/build.retrieval.mmr_lambda-0.9__2685af7b/train/checkpoint-400/adapter_model.safetensors with 392 LoRA tensors collected from the in-memory model.

 64%|██████▎   | 401/630 [1:13:15<2:31:31, 39.70s/it]
 64%|██████▍   | 402/630 [1:13:22<1:53:20, 29.82s/it]
 64%|██████▍   | 403/630 [1:13:32<1:29:34, 23.68s/it]
 64%|██████▍   | 404/630 [1:13:41<1:13:10, 19.43s/it]
 64%|██████▍   | 405/630 [1:13:51<1:02:36, 16.69s/it]
 64%|██████▍   | 406/630 [1:13:59<51:57, 13.92s/it]  
 65%|██████▍   | 407/630 [1:14:07<44:45, 12.04s/it]
 65%|██████▍   | 408/630 [1:14:14<39:20, 10.63s/it]
 65%|██████▍   | 409/630 [1:14:25<39:10, 10.64s/it]
 65%|██████▌   | 410/630 [1:14:36<40:04, 10.93s/it]
 65%|██████▌   | 411/630 [1:14:46<38:16, 10.49s/it]
 65%|██████▌   | 412/630 [1:14:54<35:58,  9.90s/it]
 66%|██████▌   | 413/630 [1:15:02<33:34,  9.28s/it]
 66%|██████▌   | 414/630 [1:15:09<31:32,  8.76s/it]
 66%|██████▌   | 415/630 [1:15:16<28:30,  7.95s/it]
 66%|██████▌   | 416/630 [1:15:27<32:27,  9.10s/it]
 66%|██████▌   | 417/630 [1:15:39<34:46,  9.80s/it]
 66%|██████▋   | 418/630 [1:15:47<32:51,  9.30s/it]
 67%|██████▋   | 419/630 [1:15:56<32:19,  9.19s/it]
 67%|██████▋   | 420/630 [1:16:04<30:36,  8.75s/it]
 67%|██████▋   | 421/630 [1:16:10<28:28,  8.17s/it]
 67%|██████▋   | 422/630 [1:16:21<30:52,  8.91s/it]
 67%|██████▋   | 423/630 [1:16:31<31:31,  9.14s/it]
 67%|██████▋   | 424/630 [1:16:40<31:25,  9.15s/it]
 67%|██████▋   | 425/630 [1:16:47<29:06,  8.52s/it]
 68%|██████▊   | 426/630 [1:16:55<28:46,  8.46s/it]
 68%|██████▊   | 427/630 [1:17:01<25:59,  7.68s/it]
 68%|██████▊   | 428/630 [1:17:10<26:45,  7.95s/it]
 68%|██████▊   | 429/630 [1:17:20<29:13,  8.72s/it]
 68%|██████▊   | 430/630 [1:17:29<29:12,  8.76s/it]
 68%|██████▊   | 431/630 [1:17:37<28:44,  8.66s/it]
 69%|██████▊   | 432/630 [1:17:44<26:47,  8.12s/it]
 69%|██████▊   | 433/630 [1:17:52<25:57,  7.90s/it]
 69%|██████▉   | 434/630 [1:18:03<29:26,  9.01s/it]
 69%|██████▉   | 435/630 [1:18:13<30:17,  9.32s/it]
 69%|██████▉   | 436/630 [1:18:23<30:04,  9.30s/it]
 69%|██████▉   | 437/630 [1:18:31<29:19,  9.12s/it]
 70%|██████▉   | 438/630 [1:18:38<27:14,  8.51s/it]
 70%|██████▉   | 439/630 [1:18:46<26:34,  8.35s/it]
 70%|██████▉   | 440/630 [1:18:52<24:06,  7.61s/it]
 70%|███████   | 441/630 [1:19:08<32:05, 10.19s/it]
 70%|███████   | 442/630 [1:19:19<32:25, 10.35s/it]
 70%|███████   | 443/630 [1:19:32<34:48, 11.17s/it]
 70%|███████   | 444/630 [1:19:43<33:47, 10.90s/it]
 71%|███████   | 445/630 [1:19:51<31:44, 10.30s/it]
 71%|███████   | 446/630 [1:19:58<28:10,  9.19s/it]
 71%|███████   | 447/630 [1:20:09<29:49,  9.78s/it]
 71%|███████   | 448/630 [1:20:18<29:05,  9.59s/it]
 71%|███████▏  | 449/630 [1:20:27<28:21,  9.40s/it]
 71%|███████▏  | 450/630 [1:20:35<26:47,  8.93s/it]

eval:   0%|          | 0/80 [00:00<?, ?it/s][A

eval:   1%|▏         | 1/80 [00:01<01:38,  1.25s/it][A

eval:   2%|▎         | 2/80 [00:02<01:37,  1.25s/it][A

eval:   4%|▍         | 3/80 [00:03<01:20,  1.05s/it][A

eval:   5%|▌         | 4/80 [00:05<01:55,  1.52s/it][A

eval:   6%|▋         | 5/80 [00:06<01:34,  1.26s/it][A

eval:   8%|▊         | 6/80 [00:07<01:35,  1.30s/it][A

eval:   9%|▉         | 7/80 [00:08<01:26,  1.18s/it][A

eval:  10%|█         | 8/80 [00:10<01:34,  1.31s/it][A

eval:  11%|█▏        | 9/80 [00:11<01:21,  1.15s/it][A

eval:  12%|█▎        | 10/80 [00:12<01:24,  1.21s/it][A

eval:  14%|█▍        | 11/80 [00:14<01:36,  1.40s/it][A

eval:  15%|█▌        | 12/80 [00:16<01:46,  1.57s/it][A

eval:  16%|█▋        | 13/80 [00:16<01:29,  1.34s/it][A

eval:  18%|█▊        | 14/80 [00:18<01:25,  1.30s/it][A

eval:  19%|█▉        | 15/80 [00:19<01:31,  1.41s/it][A

eval:  20%|██        | 16/80 [00:21<01:28,  1.39s/it][A

eval:  21%|██▏       | 17/80 [00:22<01:19,  1.25s/it][A

eval:  22%|██▎       | 18/80 [00:22<01:09,  1.12s/it][A

eval:  24%|██▍       | 19/80 [00:24<01:12,  1.19s/it][A

eval:  25%|██▌       | 20/80 [00:25<01:09,  1.16s/it][A

eval:  26%|██▋       | 21/80 [00:26<01:05,  1.11s/it][A

eval:  28%|██▊       | 22/80 [00:28<01:19,  1.38s/it][A

eval:  29%|██▉       | 23/80 [00:31<01:42,  1.80s/it][A

eval:  30%|███       | 24/80 [00:33<01:45,  1.89s/it][A

eval:  31%|███▏      | 25/80 [00:34<01:25,  1.55s/it][A

eval:  32%|███▎      | 26/80 [00:34<01:09,  1.29s/it][A

eval:  34%|███▍      | 27/80 [00:35<01:05,  1.24s/it][A

eval:  35%|███▌      | 28/80 [00:36<01:03,  1.22s/it][A

eval:  36%|███▋      | 29/80 [00:38<00:59,  1.17s/it][A

eval:  38%|███▊      | 30/80 [00:39<00:58,  1.16s/it][A

eval:  39%|███▉      | 31/80 [00:40<00:57,  1.17s/it][A

eval:  40%|████      | 32/80 [00:42<01:08,  1.42s/it][A

eval:  41%|████▏     | 33/80 [00:44<01:13,  1.56s/it][A

eval:  42%|████▎     | 34/80 [00:46<01:27,  1.90s/it][A

eval:  44%|████▍     | 35/80 [00:49<01:28,  1.97s/it][A

eval:  45%|████▌     | 36/80 [00:52<01:39,  2.26s/it][A

eval:  46%|████▋     | 37/80 [00:54<01:45,  2.44s/it][A

eval:  48%|████▊     | 38/80 [00:57<01:39,  2.36s/it][A

eval:  49%|████▉     | 39/80 [00:58<01:24,  2.07s/it][A

eval:  50%|█████     | 40/80 [00:59<01:05,  1.65s/it][A

eval:  51%|█████▏    | 41/80 [01:00<00:59,  1.53s/it][A

eval:  52%|█████▎    | 42/80 [01:01<00:50,  1.32s/it][A

eval:  54%|█████▍    | 43/80 [01:02<00:47,  1.27s/it][A

eval:  55%|█████▌    | 44/80 [01:03<00:47,  1.33s/it][A

eval:  56%|█████▋    | 45/80 [01:05<00:45,  1.31s/it][A

eval:  57%|█████▊    | 46/80 [01:06<00:43,  1.29s/it][A

eval:  59%|█████▉    | 47/80 [01:08<00:47,  1.45s/it][A

eval:  60%|██████    | 48/80 [01:10<00:59,  1.85s/it][A

eval:  61%|██████▏   | 49/80 [01:13<01:00,  1.94s/it][A

eval:  62%|██████▎   | 50/80 [01:15<00:58,  1.96s/it][A

eval:  64%|██████▍   | 51/80 [01:18<01:05,  2.25s/it][A

eval:  65%|██████▌   | 52/80 [01:20<01:02,  2.22s/it][A

eval:  66%|██████▋   | 53/80 [01:22<00:58,  2.16s/it][A

eval:  68%|██████▊   | 54/80 [01:25<01:01,  2.36s/it][A

eval:  69%|██████▉   | 55/80 [01:26<00:50,  2.00s/it][A

eval:  70%|███████   | 56/80 [01:27<00:39,  1.66s/it][A

eval:  71%|███████▏  | 57/80 [01:27<00:32,  1.42s/it][A

eval:  72%|███████▎  | 58/80 [01:28<00:28,  1.28s/it][A

eval:  74%|███████▍  | 59/80 [01:29<00:25,  1.21s/it][A

eval:  75%|███████▌  | 60/80 [01:30<00:23,  1.17s/it][A

eval:  76%|███████▋  | 61/80 [01:32<00:21,  1.15s/it][A

eval:  78%|███████▊  | 62/80 [01:33<00:21,  1.18s/it][A

eval:  79%|███████▉  | 63/80 [01:35<00:24,  1.42s/it][A

eval:  80%|████████  | 64/80 [01:37<00:24,  1.54s/it][A

eval:  81%|████████▏ | 65/80 [01:39<00:25,  1.70s/it][A

eval:  82%|████████▎ | 66/80 [01:40<00:22,  1.61s/it][A

eval:  84%|████████▍ | 67/80 [01:41<00:17,  1.38s/it][A

eval:  85%|████████▌ | 68/80 [01:42<00:14,  1.20s/it][A

eval:  86%|████████▋ | 69/80 [01:43<00:12,  1.14s/it][A

eval:  88%|████████▊ | 70/80 [01:44<00:12,  1.29s/it][A

eval:  89%|████████▉ | 71/80 [01:46<00:11,  1.29s/it][A

eval:  90%|█████████ | 72/80 [01:47<00:10,  1.27s/it][A

eval:  91%|█████████▏| 73/80 [01:49<00:10,  1.43s/it][A

eval:  92%|█████████▎| 74/80 [01:51<00:09,  1.64s/it][A

eval:  94%|█████████▍| 75/80 [01:54<00:09,  1.96s/it][A

eval:  95%|█████████▌| 76/80 [01:56<00:08,  2.01s/it][A

eval:  96%|█████████▋| 77/80 [01:58<00:06,  2.04s/it][A

eval:  98%|█████████▊| 78/80 [01:59<00:03,  1.66s/it][A

eval:  99%|█████████▉| 79/80 [01:59<00:01,  1.40s/it][A

eval: 100%|██████████| 80/80 [02:00<00:00,  1.24s/it][A

                                                     [A2026-05-12 10:38:27 | INFO | __main__ | eval.py:43 | [EVAL_SAMPLE] idx=0 pred=false gold=barely-true output=Label: B explain=Hartzler said, "We have less Americans working now than in the ‘70s." The statistics Hartzler’s staff said she cited show the employment-population ratio and labor force participation rate was indeed higher in 1979 than in 2015. However,... prompt=<|im_start|>system
You are a careful fact-checking assistant for LIAR-RAW claims. Classify claims using only the claim and retrieved evidence supplied by the user.<|im_end|>
<|im_start|>user
Classify the claim into exactly one LIAR-RAW l...
2026-05-12 10:38:27 | INFO | __main__ | eval.py:43 | [EVAL_SAMPLE] idx=0 pred=false gold=barely-true output=Label: B explain=Hartzler said, "We have less Americans working now than in the ‘70s." The statistics Hartzler’s staff said she cited show the employment-population ratio and labor force participation rate was indeed higher in 1979 than in 2015. However,... prompt=<|im_start|>system
You are a careful fact-checking assistant for LIAR-RAW claims. Classify claims using only the claim and retrieved evidence supplied by the user.<|im_end|>
<|im_start|>user
Classify the claim into exactly one LIAR-RAW l...
2026-05-12 10:38:27 | INFO | __main__ | eval.py:43 | [EVAL_SAMPLE] idx=1 pred=false gold=pants-fire output=Label: B explain=Ellison used a Koran that once belonged to Thomas Jefferson, borrowing the rare book from the Library of Congress. It goes without saying that Ellison is not Obama. UPDATE: Barack Obama resigned from Trinity United Church of Christ on Ma... prompt=<|im_start|>system
You are a careful fact-checking assistant for LIAR-RAW claims. Classify claims using only the claim and retrieved evidence supplied by the user.<|im_end|>
<|im_start|>user
Classify the claim into exactly one LIAR-RAW l...
2026-05-12 10:38:27 | INFO | __main__ | eval.py:43 | [EVAL_SAMPLE] idx=1 pred=pants-fire gold=pants-fire output=Label: A explain=Ellison used a Koran that once belonged to Thomas Jefferson, borrowing the rare book from the Library of Congress. It goes without saying that Ellison is not Obama. UPDATE: Barack Obama resigned from Trinity United Church of Christ on Ma... prompt=<|im_start|>system
You are a careful fact-checking assistant for LIAR-RAW claims. Classify claims using only the claim and retrieved evidence supplied by the user.<|im_end|>
<|im_start|>user
Classify the claim into exactly one LIAR-RAW l...
2026-05-12 10:38:27 | INFO | __main__ | eval.py:43 | [EVAL_SAMPLE] idx=2 pred=barely-true gold=false output=Label: C explain=However, we have two professors who say the law is silent on political activity -- even if one of them sees an implicit prohibition -- and a plain reading of the law that states no explicit ban. Blumenauer said that "the statute a hundre... prompt=<|im_start|>system
You are a careful fact-checking assistant for LIAR-RAW claims. Classify claims using only the claim and retrieved evidence supplied by the user.<|im_end|>
<|im_start|>user
Classify the claim into exactly one LIAR-RAW l...
2026-05-12 10:38:27 | INFO | __main__ | trainer.py:566 | [eval] step=450 accuracy=0.2734 macro_precision=0.3053 macro_recall=0.2939 macro_f1=0.2650 parse_error_rate=0.0000
2026-05-12 10:38:27 | INFO | __main__ | trainer.py:566 | [eval] per_class:
2026-05-12 10:38:27 | INFO | __main__ | trainer.py:566 |   - barely-true: P=0.2182 R=0.2827 F1=0.2463
2026-05-12 10:38:27 | INFO | __main__ | trainer.py:566 |   - false: P=0.2747 R=0.4368 F1=0.3373
2026-05-12 10:38:27 | INFO | __main__ | trainer.py:566 |   - half-true: P=0.2963 R=0.1301 F1=0.1808
2026-05-12 10:38:27 | INFO | __main__ | trainer.py:566 |   - mostly-true: P=0.4848 R=0.1275 F1=0.2019
2026-05-12 10:38:27 | INFO | __main__ | trainer.py:566 |   - pants-fire: P=0.2563 R=0.5259 F1=0.3446
2026-05-12 10:38:27 | INFO | __main__ | trainer.py:566 |   - true: P=0.3014 R=0.2604 F1=0.2794
2026-05-12 10:38:33 | WARNING | sft.data.io | io.py:87 | [WARN] saved adapter has no LoRA tensors; rebuilding adapter weights from model state.
2026-05-12 10:38:33 | WARNING | sft.data.io | io.py:100 | [WARN] Rewrote /data/liaozijie/fact-checking/outputs/runs/mmr_lambda_sweep/build.retrieval.mmr_lambda-0.9__2685af7b/train/checkpoint-450/adapter_model.safetensors with 392 LoRA tensors collected from the in-memory model.

 72%|███████▏  | 451/630 [1:22:52<2:20:44, 47.18s/it]
 72%|███████▏  | 452/630 [1:23:02<1:47:38, 36.29s/it]
 72%|███████▏  | 453/630 [1:23:18<1:28:40, 30.06s/it]
 72%|███████▏  | 454/630 [1:23:32<1:14:07, 25.27s/it]
 72%|███████▏  | 455/630 [1:23:45<1:03:09, 21.65s/it]
 72%|███████▏  | 456/630 [1:23:56<53:35, 18.48s/it]  
 73%|███████▎  | 457/630 [1:24:06<45:17, 15.71s/it]
 73%|███████▎  | 458/630 [1:24:16<40:46, 14.23s/it]
 73%|███████▎  | 459/630 [1:24:31<40:57, 14.37s/it]
 73%|███████▎  | 460/630 [1:24:49<43:22, 15.31s/it]
 73%|███████▎  | 461/630 [1:25:02<41:48, 14.84s/it]
 73%|███████▎  | 462/630 [1:25:15<40:01, 14.29s/it]
 73%|███████▎  | 463/630 [1:25:27<37:12, 13.37s/it]
 74%|███████▎  | 464/630 [1:25:38<35:21, 12.78s/it]
 74%|███████▍  | 465/630 [1:25:47<32:18, 11.75s/it]
 74%|███████▍  | 466/630 [1:26:05<36:37, 13.40s/it]
 74%|███████▍  | 467/630 [1:26:19<37:26, 13.78s/it]
 74%|███████▍  | 468/630 [1:26:32<36:02, 13.35s/it]
 74%|███████▍  | 469/630 [1:26:43<34:09, 12.73s/it]
 75%|███████▍  | 470/630 [1:26:54<33:02, 12.39s/it]
 75%|███████▍  | 471/630 [1:27:03<30:02, 11.33s/it]
 75%|███████▍  | 472/630 [1:27:20<34:15, 13.01s/it]
 75%|███████▌  | 473/630 [1:27:35<35:35, 13.60s/it]
 75%|███████▌  | 474/630 [1:27:48<34:23, 13.23s/it]
 75%|███████▌  | 475/630 [1:28:00<33:48, 13.09s/it]
 76%|███████▌  | 476/630 [1:28:13<32:56, 12.83s/it]
 76%|███████▌  | 477/630 [1:28:21<29:39, 11.63s/it]
 76%|███████▌  | 478/630 [1:28:36<31:51, 12.58s/it]
 76%|███████▌  | 479/630 [1:28:50<32:48, 13.04s/it]
 76%|███████▌  | 480/630 [1:29:03<32:22, 12.95s/it]
 76%|███████▋  | 481/630 [1:29:15<31:40, 12.76s/it]
 77%|███████▋  | 482/630 [1:29:26<30:01, 12.17s/it]
 77%|███████▋  | 483/630 [1:29:38<29:51, 12.19s/it]
 77%|███████▋  | 484/630 [1:29:52<30:34, 12.57s/it]
 77%|███████▋  | 485/630 [1:30:09<33:37, 13.92s/it]
 77%|███████▋  | 486/630 [1:30:23<33:36, 14.00s/it]
 77%|███████▋  | 487/630 [1:30:35<32:05, 13.47s/it]
 77%|███████▋  | 488/630 [1:30:46<30:02, 12.70s/it]
 78%|███████▊  | 489/630 [1:30:57<28:45, 12.24s/it]
 78%|███████▊  | 490/630 [1:31:08<27:42, 11.87s/it]
 78%|███████▊  | 491/630 [1:31:22<29:02, 12.54s/it]
 78%|███████▊  | 492/630 [1:31:37<30:18, 13.18s/it]
 78%|███████▊  | 493/630 [1:31:50<29:57, 13.12s/it]
 78%|███████▊  | 494/630 [1:32:01<28:07, 12.40s/it]
 79%|███████▊  | 495/630 [1:32:12<27:04, 12.03s/it]
 79%|███████▊  | 496/630 [1:32:22<25:44, 11.53s/it]
 79%|███████▉  | 497/630 [1:32:40<29:18, 13.22s/it]
 79%|███████▉  | 498/630 [1:32:53<29:16, 13.31s/it]
 79%|███████▉  | 499/630 [1:33:06<28:59, 13.28s/it]
 79%|███████▉  | 500/630 [1:33:19<28:32, 13.17s/it]

eval:   0%|          | 0/80 [00:00<?, ?it/s][A

eval:   1%|▏         | 1/80 [00:00<01:15,  1.05it/s][A

eval:   2%|▎         | 2/80 [00:01<01:09,  1.12it/s][A

eval:   4%|▍         | 3/80 [00:03<01:39,  1.30s/it][A

eval:   5%|▌         | 4/80 [00:05<02:00,  1.59s/it][A

eval:   6%|▋         | 5/80 [00:06<01:47,  1.44s/it][A

eval:   8%|▊         | 6/80 [00:08<01:41,  1.37s/it][A

eval:   9%|▉         | 7/80 [00:09<01:52,  1.55s/it][A

eval:  10%|█         | 8/80 [00:12<02:06,  1.76s/it][A

eval:  11%|█▏        | 9/80 [00:14<02:09,  1.82s/it][A

eval:  12%|█▎        | 10/80 [00:16<02:14,  1.93s/it][A

eval:  14%|█▍        | 11/80 [00:18<02:14,  1.95s/it][A

eval:  15%|█▌        | 12/80 [00:19<01:52,  1.66s/it][A

eval:  16%|█▋        | 13/80 [00:20<01:34,  1.41s/it][A

eval:  18%|█▊        | 14/80 [00:21<01:23,  1.27s/it][A

eval:  19%|█▉        | 15/80 [00:22<01:31,  1.41s/it][A

eval:  20%|██        | 16/80 [00:23<01:26,  1.35s/it][A

eval:  21%|██▏       | 17/80 [00:25<01:35,  1.51s/it][A

eval:  22%|██▎       | 18/80 [00:27<01:28,  1.43s/it][A

eval:  24%|██▍       | 19/80 [00:28<01:34,  1.54s/it][A

eval:  25%|██▌       | 20/80 [00:31<01:57,  1.96s/it][A

eval:  26%|██▋       | 21/80 [00:33<01:47,  1.82s/it][A

eval:  28%|██▊       | 22/80 [00:35<01:47,  1.86s/it][A

eval:  29%|██▉       | 23/80 [00:38<02:04,  2.18s/it][A

eval:  30%|███       | 24/80 [00:41<02:14,  2.41s/it][A

eval:  31%|███▏      | 25/80 [00:42<01:55,  2.10s/it][A

eval:  32%|███▎      | 26/80 [00:43<01:30,  1.68s/it][A

eval:  34%|███▍      | 27/80 [00:44<01:17,  1.46s/it][A

eval:  35%|███▌      | 28/80 [00:45<01:08,  1.31s/it][A

eval:  36%|███▋      | 29/80 [00:46<01:02,  1.24s/it][A

eval:  38%|███▊      | 30/80 [00:47<00:59,  1.19s/it][A

eval:  39%|███▉      | 31/80 [00:49<01:05,  1.34s/it][A

eval:  40%|████      | 32/80 [00:51<01:15,  1.57s/it][A

eval:  41%|████▏     | 33/80 [00:53<01:20,  1.72s/it][A

eval:  42%|████▎     | 34/80 [00:55<01:34,  2.05s/it][A

eval:  44%|████▍     | 35/80 [00:58<01:33,  2.07s/it][A

eval:  45%|████▌     | 36/80 [01:00<01:30,  2.05s/it][A

eval:  46%|████▋     | 37/80 [01:01<01:14,  1.74s/it][A

eval:  48%|████▊     | 38/80 [01:01<01:01,  1.47s/it][A

eval:  49%|████▉     | 39/80 [01:02<00:53,  1.31s/it][A

eval:  50%|█████     | 40/80 [01:03<00:47,  1.20s/it][A

eval:  51%|█████▏    | 41/80 [01:05<00:54,  1.39s/it][A

eval:  52%|█████▎    | 42/80 [01:06<00:50,  1.33s/it][A

eval:  54%|█████▍    | 43/80 [01:08<00:56,  1.52s/it][A

eval:  55%|█████▌    | 44/80 [01:10<00:52,  1.45s/it][A

eval:  56%|█████▋    | 45/80 [01:11<00:54,  1.54s/it][A

eval:  57%|█████▊    | 46/80 [01:13<00:50,  1.48s/it][A

eval:  59%|█████▉    | 47/80 [01:15<00:53,  1.62s/it][A

eval:  60%|██████    | 48/80 [01:18<01:04,  2.01s/it][A

eval:  61%|██████▏   | 49/80 [01:20<01:03,  2.06s/it][A

eval:  62%|██████▎   | 50/80 [01:22<01:01,  2.05s/it][A

eval:  64%|██████▍   | 51/80 [01:25<01:06,  2.29s/it][A

eval:  65%|██████▌   | 52/80 [01:27<01:03,  2.25s/it][A

eval:  66%|██████▋   | 53/80 [01:29<00:59,  2.19s/it][A

eval:  68%|██████▊   | 54/80 [01:31<00:53,  2.07s/it][A

eval:  69%|██████▉   | 55/80 [01:31<00:42,  1.70s/it][A

eval:  70%|███████   | 56/80 [01:32<00:35,  1.46s/it][A

eval:  71%|███████▏  | 57/80 [01:33<00:30,  1.33s/it][A

eval:  72%|███████▎  | 58/80 [01:35<00:27,  1.26s/it][A

eval:  74%|███████▍  | 59/80 [01:36<00:25,  1.24s/it][A

eval:  75%|███████▌  | 60/80 [01:37<00:28,  1.41s/it][A

eval:  76%|███████▋  | 61/80 [01:39<00:25,  1.35s/it][A

eval:  78%|███████▊  | 62/80 [01:41<00:27,  1.51s/it][A

eval:  79%|███████▉  | 63/80 [01:43<00:32,  1.90s/it][A

eval:  80%|████████  | 64/80 [01:45<00:27,  1.73s/it][A

eval:  81%|████████▏ | 65/80 [01:47<00:27,  1.81s/it][A

eval:  82%|████████▎ | 66/80 [01:49<00:26,  1.87s/it][A

eval:  84%|████████▍ | 67/80 [01:51<00:25,  1.93s/it][A

eval:  85%|████████▌ | 68/80 [01:54<00:26,  2.17s/it][A

eval:  86%|████████▋ | 69/80 [01:56<00:23,  2.15s/it][A

eval:  88%|████████▊ | 70/80 [01:58<00:21,  2.14s/it][A

eval:  89%|████████▉ | 71/80 [02:01<00:21,  2.34s/it][A

eval:  90%|█████████ | 72/80 [02:02<00:16,  2.08s/it][A

eval:  91%|█████████▏| 73/80 [02:03<00:11,  1.69s/it][A

eval:  92%|█████████▎| 74/80 [02:04<00:08,  1.42s/it][A

eval:  94%|█████████▍| 75/80 [02:05<00:06,  1.33s/it][A

eval:  95%|█████████▌| 76/80 [02:07<00:06,  1.64s/it][A

eval:  96%|█████████▋| 77/80 [02:08<00:04,  1.52s/it][A

eval:  98%|█████████▊| 78/80 [02:10<00:02,  1.46s/it][A

eval:  99%|█████████▉| 79/80 [02:11<00:01,  1.56s/it][A

eval: 100%|██████████| 80/80 [02:13<00:00,  1.70s/it][A

                                                     [A2026-05-12 10:51:24 | INFO | __main__ | eval.py:43 | [EVAL_SAMPLE] idx=0 pred=false gold=barely-true output=Label: B explain=Hartzler said, "We have less Americans working now than in the ‘70s." The statistics Hartzler’s staff said she cited show the employment-population ratio and labor force participation rate was indeed higher in 1979 than in 2015. However,... prompt=<|im_start|>system
You are a careful fact-checking assistant for LIAR-RAW claims. Classify claims using only the claim and retrieved evidence supplied by the user.<|im_end|>
<|im_start|>user
Classify the claim into exactly one LIAR-RAW l...
2026-05-12 10:51:24 | INFO | __main__ | eval.py:43 | [EVAL_SAMPLE] idx=0 pred=false gold=barely-true output=Label: B explain=Hartzler said, "We have less Americans working now than in the ‘70s." The statistics Hartzler’s staff said she cited show the employment-population ratio and labor force participation rate was indeed higher in 1979 than in 2015. However,... prompt=<|im_start|>system
You are a careful fact-checking assistant for LIAR-RAW claims. Classify claims using only the claim and retrieved evidence supplied by the user.<|im_end|>
<|im_start|>user
Classify the claim into exactly one LIAR-RAW l...
2026-05-12 10:51:24 | INFO | __main__ | eval.py:43 | [EVAL_SAMPLE] idx=1 pred=false gold=pants-fire output=Label: B explain=Ellison used a Koran that once belonged to Thomas Jefferson, borrowing the rare book from the Library of Congress. It goes without saying that Ellison is not Obama. UPDATE: Barack Obama resigned from Trinity United Church of Christ on Ma... prompt=<|im_start|>system
You are a careful fact-checking assistant for LIAR-RAW claims. Classify claims using only the claim and retrieved evidence supplied by the user.<|im_end|>
<|im_start|>user
Classify the claim into exactly one LIAR-RAW l...
2026-05-12 10:51:24 | INFO | __main__ | eval.py:43 | [EVAL_SAMPLE] idx=1 pred=false gold=pants-fire output=Label: B explain=Ellison used a Koran that once belonged to Thomas Jefferson, borrowing the rare book from the Library of Congress. It goes without saying that Ellison is not Obama. UPDATE: Barack Obama resigned from Trinity United Church of Christ on Ma... prompt=<|im_start|>system
You are a careful fact-checking assistant for LIAR-RAW claims. Classify claims using only the claim and retrieved evidence supplied by the user.<|im_end|>
<|im_start|>user
Classify the claim into exactly one LIAR-RAW l...
2026-05-12 10:51:24 | INFO | __main__ | eval.py:43 | [EVAL_SAMPLE] idx=2 pred=mostly-true gold=false output=Label: E explain=However, we have two professors who say the law is silent on political activity -- even if one of them sees an implicit prohibition -- and a plain reading of the law that states no explicit ban. Blumenauer said that "the statute a hundre... prompt=<|im_start|>system
You are a careful fact-checking assistant for LIAR-RAW claims. Classify claims using only the claim and retrieved evidence supplied by the user.<|im_end|>
<|im_start|>user
Classify the claim into exactly one LIAR-RAW l...
2026-05-12 10:51:24 | INFO | __main__ | trainer.py:566 | [eval] step=500 accuracy=0.2945 macro_precision=0.3110 macro_recall=0.3106 macro_f1=0.2925 parse_error_rate=0.0000
2026-05-12 10:51:24 | INFO | __main__ | trainer.py:566 | [eval] per_class:
2026-05-12 10:51:24 | INFO | __main__ | trainer.py:566 |   - barely-true: P=0.2583 R=0.3629 F1=0.3018
2026-05-12 10:51:24 | INFO | __main__ | trainer.py:566 |   - false: P=0.2889 R=0.3487 F1=0.3160
2026-05-12 10:51:24 | INFO | __main__ | trainer.py:566 |   - half-true: P=0.3232 R=0.1301 F1=0.1855
2026-05-12 10:51:24 | INFO | __main__ | trainer.py:566 |   - mostly-true: P=0.3821 R=0.1873 F1=0.2513
2026-05-12 10:51:24 | INFO | __main__ | trainer.py:566 |   - pants-fire: P=0.3385 R=0.3793 F1=0.3577
2026-05-12 10:51:24 | INFO | __main__ | trainer.py:566 |   - true: P=0.2750 R=0.4556 F1=0.3430
2026-05-12 10:51:29 | WARNING | sft.data.io | io.py:87 | [WARN] saved adapter has no LoRA tensors; rebuilding adapter weights from model state.
2026-05-12 10:51:30 | WARNING | sft.data.io | io.py:100 | [WARN] Rewrote /data/liaozijie/fact-checking/outputs/runs/mmr_lambda_sweep/build.retrieval.mmr_lambda-0.9__2685af7b/train/checkpoint-500/adapter_model.safetensors with 392 LoRA tensors collected from the in-memory model.

 80%|███████▉  | 501/630 [1:35:49<1:56:06, 54.01s/it]
 80%|███████▉  | 502/630 [1:36:01<1:28:54, 41.68s/it]
 80%|███████▉  | 503/630 [1:36:15<1:10:17, 33.21s/it]
 80%|████████  | 504/630 [1:36:29<57:37, 27.44s/it]  
 80%|████████  | 505/630 [1:36:42<48:17, 23.18s/it]
 80%|████████  | 506/630 [1:36:54<40:57, 19.81s/it]
 80%|████████  | 507/630 [1:37:06<35:47, 17.46s/it]
 81%|████████  | 508/630 [1:37:16<31:14, 15.36s/it]
 81%|████████  | 509/630 [1:37:31<30:27, 15.11s/it]
 81%|████████  | 510/630 [1:37:47<31:00, 15.50s/it]
 81%|████████  | 511/630 [1:38:01<29:19, 14.79s/it]
 81%|████████▏ | 512/630 [1:38:13<27:56, 14.20s/it]
 81%|████████▏ | 513/630 [1:38:25<26:26, 13.56s/it]
 82%|████████▏ | 514/630 [1:38:35<23:54, 12.37s/it]
 82%|████████▏ | 515/630 [1:38:45<22:31, 11.76s/it]
 82%|████████▏ | 516/630 [1:39:01<24:47, 13.05s/it]
 82%|████████▏ | 517/630 [1:39:16<25:39, 13.62s/it]
 82%|████████▏ | 518/630 [1:39:30<25:10, 13.49s/it]
 82%|████████▏ | 519/630 [1:39:42<24:39, 13.33s/it]
 83%|████████▎ | 520/630 [1:39:52<22:34, 12.31s/it]
 83%|████████▎ | 521/630 [1:40:02<20:38, 11.36s/it]
 83%|████████▎ | 522/630 [1:40:18<23:26, 13.02s/it]
