$ accelerate launch --num_processes=4 --num_machines=1 --mixed_precision=bf16 --use_deepspeed --deepspeed_config_file /data/liaozijie/fact-checking/configs/deepspeed_zero2.json -m sft.trainer --config /data/liaozijie/fact-checking/outputs/runs/mmr_lambda_sweep/build.retrieval.mmr_lambda-0.7__5385ea65/configs/train.resolved.yaml

The following values were not passed to `accelerate launch` and had defaults used instead:
		More than one GPU was found, enabling multi-GPU training.
		If this was unintended please pass in `--num_processes=1`.
	`--dynamo_backend` was set to a value of `'no'`
To avoid this warning pass in values for each of the problematic parameters or run `accelerate config`.
W0512 05:18:19.054000 1276514 site-packages/torch/distributed/run.py:792] 
W0512 05:18:19.054000 1276514 site-packages/torch/distributed/run.py:792] *****************************************
W0512 05:18:19.054000 1276514 site-packages/torch/distributed/run.py:792] Setting OMP_NUM_THREADS environment variable for each process to be 1 in default, to avoid your system being overloaded, please further tune the variable for optimal performance in your application as needed. 
W0512 05:18:19.054000 1276514 site-packages/torch/distributed/run.py:792] *****************************************
[RANK 0] Detected kernel version 4.18.0, which is below the recommended minimum of 5.5.0; this can cause the process to hang. It is recommended to upgrade the kernel to the minimum version or higher.
swanlab: swanlab version 0.7.17 is available!  Upgrade: `pip install -U swanlab`
swanlab: Tracking run with swanlab version 0.7.16
swanlab: Run data will be saved locally in /data/liaozijie/fact-checking/swanlog/run-20260512_051832-6d93h5t0darmobv1ir2uy
swanlab: 👋 Hi fenglin,welcome to swanlab!
swanlab: Syncing run mmr_lambda_sweep__build.retrieval.mmr_lambda-0.7 to the cloud
swanlab: 🏠 View project at https://swanlab.cn/@fenglin/fact-checking-build-train-infer
swanlab: 🚀 View run at https://swanlab.cn/@fenglin/fact-checking-build-train-infer/runs/6d93h5t0darmobv1ir2uy
2026-05-12 05:18:34 | INFO | __main__ | trainer.py:207 | [INFO] saved resolved config to /data/liaozijie/fact-checking/outputs/runs/mmr_lambda_sweep/build.retrieval.mmr_lambda-0.7__5385ea65/train/config.resolved.yaml
2026-05-12 05:18:34 | INFO | __main__ | stats.py:59 | [PROMPT_STATS] split=train pre_mean=846.14 pre_p95=1156 pre_overflow=0 post_mean=846.14 post_p95=1156 post_overflow=0 truncated=1 trunc_rate=0.0001
2026-05-12 05:18:34 | INFO | __main__ | stats.py:59 | [PROMPT_STATS] split=val pre_mean=864.33 pre_p95=1146 pre_overflow=0 post_mean=864.33 post_p95=1146 post_overflow=0 truncated=0 trunc_rate=0.0000
2026-05-12 05:18:34 | INFO | __main__ | trainer.py:269 | [INFO] prompt statistics saved to /data/liaozijie/fact-checking/outputs/runs/mmr_lambda_sweep/build.retrieval.mmr_lambda-0.7__5385ea65/train/prompt_stats/prompt_stats.json

Loading checkpoint shards:   0%|          | 0/4 [00:00<?, ?it/s]
Loading checkpoint shards:   0%|          | 0/4 [00:00<?, ?it/s]
Loading checkpoint shards:   0%|          | 0/4 [00:00<?, ?it/s]
Loading checkpoint shards:   0%|          | 0/4 [00:00<?, ?it/s]
Loading checkpoint shards: 100%|██████████| 4/4 [00:00<00:00, 107.88it/s]

Loading checkpoint shards: 100%|██████████| 4/4 [00:00<00:00, 114.12it/s]

Loading checkpoint shards: 100%|██████████| 4/4 [00:00<00:00, 103.90it/s]

Loading checkpoint shards: 100%|██████████| 4/4 [00:00<00:00, 94.70it/s]
2026-05-12 05:18:35 | INFO | __main__ | adapters.py:97 | [INFO] LoRA enabled: trainable parameters=40370176 / 7655986688 (0.5273%), r=16, alpha=32
2026-05-12 05:18:58 | INFO | __main__ | trainer.py:359 | [INFO] Optimizer will update LoRA/trainable parameters only.
2026-05-12 05:19:08 | INFO | __main__ | trainer.py:390 | [INFO] dataloader length around accelerator.prepare: before=2516, after=629
2026-05-12 05:19:08 | WARNING | __main__ | trainer.py:396 | [WARN] len(train_dl) changed after accelerator.prepare: before=2516, after=629. This may indicate duplicated sharding/re-partitioning across distributed samplers.
2026-05-12 05:19:08 | INFO | __main__ | trainer.py:413 | [INFO] train progress setup (post-prepare): num_epochs=2, len(train_dl)=629, effective_grad_accum_steps=2, update_steps_per_epoch=315, max_train_steps=630
2026-05-12 05:19:08 | INFO | __main__ | trainer.py:122 | [INFO] logit_adjust enabled: tau=1.000 priors=['0.0807', '0.1945', '0.1601', '0.2074', '0.1937', '0.1636'] letters=[362, 425, 356, 422, 468, 434] prefix=[2476, 25]
2026-05-12 05:19:08 | INFO | __main__ | trainer.py:434 | [INFO] logit_adjust config saved to /data/liaozijie/fact-checking/outputs/runs/mmr_lambda_sweep/build.retrieval.mmr_lambda-0.7__5385ea65/train/logit_adjust.json

  0%|          | 0/630 [00:00<?, ?it/s]
  0%|          | 1/630 [00:14<2:32:43, 14.57s/it]
  0%|          | 2/630 [00:25<2:11:08, 12.53s/it]
  0%|          | 3/630 [00:34<1:54:00, 10.91s/it]
  1%|          | 4/630 [00:42<1:41:00,  9.68s/it]
  1%|          | 5/630 [00:50<1:33:34,  8.98s/it]
  1%|          | 6/630 [00:56<1:23:08,  7.99s/it]
  1%|          | 7/630 [01:08<1:35:55,  9.24s/it]
  1%|▏         | 8/630 [01:18<1:40:58,  9.74s/it]
  1%|▏         | 9/630 [01:27<1:36:46,  9.35s/it]
  2%|▏         | 10/630 [01:35<1:31:37,  8.87s/it]
  2%|▏         | 11/630 [01:43<1:30:29,  8.77s/it]
  2%|▏         | 12/630 [01:50<1:24:21,  8.19s/it]
  2%|▏         | 13/630 [02:00<1:29:57,  8.75s/it]
  2%|▏         | 14/630 [02:09<1:30:36,  8.83s/it]
  2%|▏         | 15/630 [02:19<1:34:30,  9.22s/it]
  3%|▎         | 16/630 [02:28<1:33:09,  9.10s/it]
  3%|▎         | 17/630 [02:35<1:26:43,  8.49s/it]
  3%|▎         | 18/630 [02:43<1:24:14,  8.26s/it]
  3%|▎         | 19/630 [02:50<1:21:57,  8.05s/it]
  3%|▎         | 20/630 [03:01<1:29:02,  8.76s/it]
  3%|▎         | 21/630 [03:10<1:31:22,  9.00s/it]
  3%|▎         | 22/630 [03:19<1:30:00,  8.88s/it]
  4%|▎         | 23/630 [03:26<1:23:26,  8.25s/it]
  4%|▍         | 24/630 [03:33<1:20:03,  7.93s/it]
  4%|▍         | 25/630 [03:39<1:14:01,  7.34s/it]
  4%|▍         | 26/630 [03:51<1:27:46,  8.72s/it]
  4%|▍         | 27/630 [04:01<1:32:34,  9.21s/it]
  4%|▍         | 28/630 [04:09<1:27:47,  8.75s/it]
  5%|▍         | 29/630 [04:18<1:28:07,  8.80s/it]
  5%|▍         | 30/630 [04:25<1:22:36,  8.26s/it]
  5%|▍         | 31/630 [04:31<1:16:03,  7.62s/it]
  5%|▌         | 32/630 [04:42<1:26:42,  8.70s/it]
  5%|▌         | 33/630 [04:52<1:31:25,  9.19s/it]
  5%|▌         | 34/630 [05:01<1:28:18,  8.89s/it]
  6%|▌         | 35/630 [05:09<1:27:18,  8.80s/it]
  6%|▌         | 36/630 [05:17<1:24:18,  8.52s/it]
  6%|▌         | 37/630 [05:24<1:17:52,  7.88s/it]
  6%|▌         | 38/630 [05:33<1:23:47,  8.49s/it]
  6%|▌         | 39/630 [05:45<1:31:41,  9.31s/it]
  6%|▋         | 40/630 [05:54<1:31:32,  9.31s/it]
  7%|▋         | 41/630 [06:02<1:27:59,  8.96s/it]
  7%|▋         | 42/630 [06:10<1:24:14,  8.60s/it]
  7%|▋         | 43/630 [06:16<1:17:01,  7.87s/it]
  7%|▋         | 44/630 [06:27<1:25:16,  8.73s/it]
  7%|▋         | 45/630 [06:39<1:34:23,  9.68s/it]
  7%|▋         | 46/630 [06:49<1:35:34,  9.82s/it]
  7%|▋         | 47/630 [06:58<1:33:08,  9.59s/it]
  8%|▊         | 48/630 [07:06<1:30:09,  9.30s/it]
  8%|▊         | 49/630 [07:13<1:21:19,  8.40s/it]
  8%|▊         | 50/630 [07:19<1:14:06,  7.67s/it]

eval:   0%|          | 0/80 [00:00<?, ?it/s][A/data/liaozijie/conda/accelerate-fc/lib/python3.11/site-packages/transformers/tokenization_utils_base.py:2751: UserWarning: `max_length` is ignored when `padding`=`True` and there is no truncation strategy. To pad to max length, use `padding='max_length'`.
  warnings.warn(
/data/liaozijie/conda/accelerate-fc/lib/python3.11/site-packages/transformers/tokenization_utils_base.py:2751: UserWarning: `max_length` is ignored when `padding`=`True` and there is no truncation strategy. To pad to max length, use `padding='max_length'`.
  warnings.warn(
/data/liaozijie/conda/accelerate-fc/lib/python3.11/site-packages/transformers/tokenization_utils_base.py:2751: UserWarning: `max_length` is ignored when `padding`=`True` and there is no truncation strategy. To pad to max length, use `padding='max_length'`.
  warnings.warn(
/data/liaozijie/conda/accelerate-fc/lib/python3.11/site-packages/transformers/tokenization_utils_base.py:2751: UserWarning: `max_length` is ignored when `padding`=`True` and there is no truncation strategy. To pad to max length, use `padding='max_length'`.
  warnings.warn(
/data/liaozijie/conda/accelerate-fc/lib/python3.11/site-packages/transformers/tokenization_utils_base.py:2751: UserWarning: `max_length` is ignored when `padding`=`True` and there is no truncation strategy. To pad to max length, use `padding='max_length'`.
  warnings.warn(
/data/liaozijie/conda/accelerate-fc/lib/python3.11/site-packages/transformers/tokenization_utils_base.py:2751: UserWarning: `max_length` is ignored when `padding`=`True` and there is no truncation strategy. To pad to max length, use `padding='max_length'`.
  warnings.warn(
/data/liaozijie/conda/accelerate-fc/lib/python3.11/site-packages/transformers/tokenization_utils_base.py:2751: UserWarning: `max_length` is ignored when `padding`=`True` and there is no truncation strategy. To pad to max length, use `padding='max_length'`.
  warnings.warn(
/data/liaozijie/conda/accelerate-fc/lib/python3.11/site-packages/transformers/tokenization_utils_base.py:2751: UserWarning: `max_length` is ignored when `padding`=`True` and there is no truncation strategy. To pad to max length, use `padding='max_length'`.
  warnings.warn(
/data/liaozijie/conda/accelerate-fc/lib/python3.11/site-packages/transformers/tokenization_utils_base.py:2751: UserWarning: `max_length` is ignored when `padding`=`True` and there is no truncation strategy. To pad to max length, use `padding='max_length'`.
  warnings.warn(
/data/liaozijie/conda/accelerate-fc/lib/python3.11/site-packages/transformers/tokenization_utils_base.py:2751: UserWarning: `max_length` is ignored when `padding`=`True` and there is no truncation strategy. To pad to max length, use `padding='max_length'`.
  warnings.warn(
/data/liaozijie/conda/accelerate-fc/lib/python3.11/site-packages/transformers/tokenization_utils_base.py:2751: UserWarning: `max_length` is ignored when `padding`=`True` and there is no truncation strategy. To pad to max length, use `padding='max_length'`.
  warnings.warn(
/data/liaozijie/conda/accelerate-fc/lib/python3.11/site-packages/transformers/tokenization_utils_base.py:2751: UserWarning: `max_length` is ignored when `padding`=`True` and there is no truncation strategy. To pad to max length, use `padding='max_length'`.
  warnings.warn(
/data/liaozijie/conda/accelerate-fc/lib/python3.11/site-packages/transformers/tokenization_utils_base.py:2751: UserWarning: `max_length` is ignored when `padding`=`True` and there is no truncation strategy. To pad to max length, use `padding='max_length'`.
  warnings.warn(
/data/liaozijie/conda/accelerate-fc/lib/python3.11/site-packages/transformers/tokenization_utils_base.py:2751: UserWarning: `max_length` is ignored when `padding`=`True` and there is no truncation strategy. To pad to max length, use `padding='max_length'`.
  warnings.warn(
/data/liaozijie/conda/accelerate-fc/lib/python3.11/site-packages/transformers/tokenization_utils_base.py:2751: UserWarning: `max_length` is ignored when `padding`=`True` and there is no truncation strategy. To pad to max length, use `padding='max_length'`.
  warnings.warn(
/data/liaozijie/conda/accelerate-fc/lib/python3.11/site-packages/transformers/tokenization_utils_base.py:2751: UserWarning: `max_length` is ignored when `padding`=`True` and there is no truncation strategy. To pad to max length, use `padding='max_length'`.
  warnings.warn(


eval:   1%|▏         | 1/80 [00:01<02:04,  1.58s/it][A

eval:   2%|▎         | 2/80 [00:02<01:22,  1.06s/it][A

eval:   4%|▍         | 3/80 [00:03<01:42,  1.33s/it][A

eval:   5%|▌         | 4/80 [00:04<01:31,  1.20s/it][A

eval:   6%|▋         | 5/80 [00:06<01:32,  1.24s/it][A

eval:   8%|▊         | 6/80 [00:07<01:33,  1.27s/it][A

eval:   9%|▉         | 7/80 [00:08<01:22,  1.13s/it][A

eval:  10%|█         | 8/80 [00:10<01:42,  1.43s/it][A

eval:  11%|█▏        | 9/80 [00:11<01:25,  1.20s/it][A

eval:  12%|█▎        | 10/80 [00:13<01:45,  1.50s/it][A

eval:  14%|█▍        | 11/80 [00:15<01:51,  1.62s/it][A

eval:  15%|█▌        | 12/80 [00:16<01:35,  1.41s/it][A

eval:  16%|█▋        | 13/80 [00:16<01:22,  1.23s/it][A

eval:  18%|█▊        | 14/80 [00:18<01:26,  1.32s/it][A

eval:  19%|█▉        | 15/80 [00:19<01:23,  1.28s/it][A

eval:  20%|██        | 16/80 [00:21<01:25,  1.33s/it][A

eval:  21%|██▏       | 17/80 [00:22<01:16,  1.21s/it][A

eval:  22%|██▎       | 18/80 [00:23<01:13,  1.18s/it][A

eval:  24%|██▍       | 19/80 [00:24<01:15,  1.24s/it][A

eval:  25%|██▌       | 20/80 [00:26<01:19,  1.33s/it][A

eval:  26%|██▋       | 21/80 [00:27<01:21,  1.37s/it][A

eval:  28%|██▊       | 22/80 [00:28<01:10,  1.21s/it][A

eval:  29%|██▉       | 23/80 [00:29<01:13,  1.28s/it][A

eval:  30%|███       | 24/80 [00:30<01:08,  1.22s/it][A

eval:  31%|███▏      | 25/80 [00:32<01:08,  1.25s/it][A

eval:  32%|███▎      | 26/80 [00:33<00:59,  1.10s/it][A

eval:  34%|███▍      | 27/80 [00:34<01:00,  1.14s/it][A

eval:  35%|███▌      | 28/80 [00:35<01:04,  1.23s/it][A

eval:  36%|███▋      | 29/80 [00:36<01:02,  1.22s/it][A

eval:  38%|███▊      | 30/80 [00:38<01:03,  1.26s/it][A

eval:  39%|███▉      | 31/80 [00:39<00:54,  1.12s/it][A

eval:  40%|████      | 32/80 [00:41<01:06,  1.38s/it][A

eval:  41%|████▏     | 33/80 [00:41<00:57,  1.22s/it][A

eval:  42%|████▎     | 34/80 [00:44<01:09,  1.50s/it][A

eval:  44%|████▍     | 35/80 [00:44<00:58,  1.30s/it][A

eval:  45%|████▌     | 36/80 [00:46<01:08,  1.55s/it][A

eval:  46%|████▋     | 37/80 [00:47<00:58,  1.37s/it][A

eval:  48%|████▊     | 38/80 [00:50<01:07,  1.60s/it][A

eval:  49%|████▉     | 39/80 [00:50<00:55,  1.36s/it][A

eval:  50%|█████     | 40/80 [00:51<00:46,  1.15s/it][A

eval:  51%|█████▏    | 41/80 [00:53<00:51,  1.33s/it][A

eval:  52%|█████▎    | 42/80 [00:54<00:44,  1.18s/it][A

eval:  54%|█████▍    | 43/80 [00:55<00:41,  1.13s/it][A

eval:  55%|█████▌    | 44/80 [00:56<00:38,  1.07s/it][A

eval:  56%|█████▋    | 45/80 [00:57<00:37,  1.06s/it][A

eval:  57%|█████▊    | 46/80 [00:57<00:33,  1.03it/s][A

eval:  59%|█████▉    | 47/80 [00:59<00:33,  1.03s/it][A

eval:  60%|██████    | 48/80 [01:00<00:37,  1.19s/it][A

eval:  61%|██████▏   | 49/80 [01:01<00:38,  1.23s/it][A

eval:  62%|██████▎   | 50/80 [01:03<00:37,  1.25s/it][A

eval:  64%|██████▍   | 51/80 [01:04<00:32,  1.13s/it][A

eval:  65%|██████▌   | 52/80 [01:06<00:39,  1.40s/it][A

eval:  66%|██████▋   | 53/80 [01:06<00:32,  1.21s/it][A

eval:  68%|██████▊   | 54/80 [01:08<00:38,  1.47s/it][A

eval:  69%|██████▉   | 55/80 [01:09<00:31,  1.27s/it][A

eval:  70%|███████   | 56/80 [01:11<00:32,  1.34s/it][A

eval:  71%|███████▏  | 57/80 [01:12<00:31,  1.38s/it][A

eval:  72%|███████▎  | 58/80 [01:14<00:31,  1.41s/it][A

eval:  74%|███████▍  | 59/80 [01:15<00:29,  1.42s/it][A

eval:  75%|███████▌  | 60/80 [01:17<00:28,  1.43s/it][A

eval:  76%|███████▋  | 61/80 [01:18<00:27,  1.43s/it][A

eval:  78%|███████▊  | 62/80 [01:19<00:22,  1.24s/it][A

eval:  79%|███████▉  | 63/80 [01:21<00:25,  1.51s/it][A

eval:  80%|████████  | 64/80 [01:22<00:20,  1.27s/it][A

eval:  81%|████████▏ | 65/80 [01:24<00:22,  1.51s/it][A

eval:  82%|████████▎ | 66/80 [01:25<00:18,  1.29s/it][A

eval:  84%|████████▍ | 67/80 [01:27<00:20,  1.56s/it][A

eval:  85%|████████▌ | 68/80 [01:27<00:15,  1.33s/it][A

eval:  86%|████████▋ | 69/80 [01:30<00:17,  1.57s/it][A

eval:  88%|████████▊ | 70/80 [01:30<00:13,  1.34s/it][A

eval:  89%|████████▉ | 71/80 [01:33<00:14,  1.59s/it][A

eval:  90%|█████████ | 72/80 [01:33<00:10,  1.35s/it][A

eval:  91%|█████████▏| 73/80 [01:35<00:09,  1.31s/it][A

eval:  92%|█████████▎| 74/80 [01:35<00:06,  1.16s/it][A

eval:  94%|█████████▍| 75/80 [01:36<00:05,  1.08s/it][A

eval:  95%|█████████▌| 76/80 [01:37<00:04,  1.06s/it][A

eval:  96%|█████████▋| 77/80 [01:38<00:02,  1.01it/s][A

eval:  98%|█████████▊| 78/80 [01:39<00:01,  1.09it/s][A

eval:  99%|█████████▉| 79/80 [01:40<00:00,  1.09it/s][A

eval: 100%|██████████| 80/80 [01:41<00:00,  1.15it/s][A

                                                     [A2026-05-12 05:28:08 | INFO | __main__ | eval.py:43 | [EVAL_SAMPLE] idx=0 pred=false gold=barely-true output=Label: B explain=Hartzler said, "We have less Americans working now than in the ‘70s." The statistics Hartzler’s staff said she cited show the employment-population ratio and labor force participation rate was indeed higher in 1979 than in 2015. However,... prompt=<|im_start|>system
You are a careful fact-checking assistant for LIAR-RAW claims. Classify claims using only the claim and retrieved evidence supplied by the user.<|im_end|>
<|im_start|>user
Classify the claim into exactly one LIAR-RAW l...
2026-05-12 05:28:08 | INFO | __main__ | eval.py:43 | [EVAL_SAMPLE] idx=0 pred=false gold=barely-true output=Label: B explain=Hartzler said, "We have less Americans working now than in the ‘70s." The statistics Hartzler’s staff said she cited show the employment-population ratio and labor force participation rate was indeed higher in 1979 than in 2015. However,... prompt=<|im_start|>system
You are a careful fact-checking assistant for LIAR-RAW claims. Classify claims using only the claim and retrieved evidence supplied by the user.<|im_end|>
<|im_start|>user
Classify the claim into exactly one LIAR-RAW l...
2026-05-12 05:28:08 | INFO | __main__ | eval.py:43 | [EVAL_SAMPLE] idx=1 pred=false gold=pants-fire output=Label: B explain=Ellison used a Koran that once belonged to Thomas Jefferson, borrowing the rare book from the Library of Congress. It goes without saying that Ellison is not Obama. UPDATE: Barack Obama resigned from Trinity United Church of Christ on Ma... prompt=<|im_start|>system
You are a careful fact-checking assistant for LIAR-RAW claims. Classify claims using only the claim and retrieved evidence supplied by the user.<|im_end|>
<|im_start|>user
Classify the claim into exactly one LIAR-RAW l...
2026-05-12 05:28:08 | INFO | __main__ | eval.py:43 | [EVAL_SAMPLE] idx=1 pred=false gold=pants-fire output=Label: B explain=Ellison used a Koran that once belonged to Thomas Jefferson, borrowing the rare book from the Library of Congress. It goes without saying that Ellison is not Obama. UPDATE: Barack Obama resigned from Trinity United Church of Christ on Ma... prompt=<|im_start|>system
You are a careful fact-checking assistant for LIAR-RAW claims. Classify claims using only the claim and retrieved evidence supplied by the user.<|im_end|>
<|im_start|>user
Classify the claim into exactly one LIAR-RAW l...
2026-05-12 05:28:08 | INFO | __main__ | eval.py:43 | [EVAL_SAMPLE] idx=2 pred=mostly-true gold=false output=Label: E explain=However, we have two professors who say the law is silent on political activity -- even if one of them sees an implicit prohibition -- and a plain reading of the law that states no explicit ban. Blumenauer said that "the statute a hundre... prompt=<|im_start|>system
You are a careful fact-checking assistant for LIAR-RAW claims. Classify claims using only the claim and retrieved evidence supplied by the user.<|im_end|>
<|im_start|>user
Classify the claim into exactly one LIAR-RAW l...
2026-05-12 05:28:08 | INFO | __main__ | trainer.py:566 | [eval] step=50 accuracy=0.2383 macro_precision=0.2974 macro_recall=0.2527 macro_f1=0.2178 parse_error_rate=0.0000
2026-05-12 05:28:08 | INFO | __main__ | trainer.py:566 | [eval] per_class:
2026-05-12 05:28:08 | INFO | __main__ | trainer.py:566 |   - barely-true: P=0.2269 R=0.4346 F1=0.2981
2026-05-12 05:28:08 | INFO | __main__ | trainer.py:566 |   - false: P=0.2476 R=0.2989 F1=0.2708
2026-05-12 05:28:08 | INFO | __main__ | trainer.py:566 |   - half-true: P=0.5625 R=0.0366 F1=0.0687
2026-05-12 05:28:08 | INFO | __main__ | trainer.py:566 |   - mostly-true: P=0.3152 R=0.1155 F1=0.1691
2026-05-12 05:28:08 | INFO | __main__ | trainer.py:566 |   - pants-fire: P=0.1965 R=0.3879 F1=0.2609
2026-05-12 05:28:08 | INFO | __main__ | trainer.py:566 |   - true: P=0.2356 R=0.2426 F1=0.2391
2026-05-12 05:28:12 | WARNING | sft.data.io | io.py:87 | [WARN] saved adapter has no LoRA tensors; rebuilding adapter weights from model state.
2026-05-12 05:28:13 | WARNING | sft.data.io | io.py:100 | [WARN] Rewrote /data/liaozijie/fact-checking/outputs/runs/mmr_lambda_sweep/build.retrieval.mmr_lambda-0.7__5385ea65/train/best/adapter_model.safetensors with 392 LoRA tensors collected from the in-memory model.
2026-05-12 05:28:16 | WARNING | sft.data.io | io.py:87 | [WARN] saved adapter has no LoRA tensors; rebuilding adapter weights from model state.
2026-05-12 05:28:16 | WARNING | sft.data.io | io.py:100 | [WARN] Rewrote /data/liaozijie/fact-checking/outputs/runs/mmr_lambda_sweep/build.retrieval.mmr_lambda-0.7__5385ea65/train/checkpoint-50/adapter_model.safetensors with 392 LoRA tensors collected from the in-memory model.

  8%|▊         | 51/630 [09:18<6:36:13, 41.06s/it]
  8%|▊         | 52/630 [09:30<5:10:58, 32.28s/it]
  8%|▊         | 53/630 [09:38<4:01:42, 25.14s/it]
  9%|▊         | 54/630 [09:46<3:10:39, 19.86s/it]
  9%|▊         | 55/630 [09:54<2:37:00, 16.38s/it]
  9%|▉         | 56/630 [10:00<2:07:27, 13.32s/it]
  9%|▉         | 57/630 [10:11<2:00:05, 12.58s/it]
  9%|▉         | 58/630 [10:21<1:53:17, 11.88s/it]
  9%|▉         | 59/630 [10:30<1:44:45, 11.01s/it]
 10%|▉         | 60/630 [10:38<1:37:01, 10.21s/it]
 10%|▉         | 61/630 [10:45<1:26:46,  9.15s/it]
 10%|▉         | 62/630 [10:52<1:19:41,  8.42s/it]
 10%|█         | 63/630 [11:01<1:21:47,  8.65s/it]
 10%|█         | 64/630 [11:11<1:25:55,  9.11s/it]
 10%|█         | 65/630 [11:21<1:27:39,  9.31s/it]
 10%|█         | 66/630 [11:28<1:20:47,  8.59s/it]
 11%|█         | 67/630 [11:36<1:18:16,  8.34s/it]
 11%|█         | 68/630 [11:42<1:11:58,  7.68s/it]
 11%|█         | 69/630 [11:52<1:18:26,  8.39s/it]
 11%|█         | 70/630 [12:02<1:23:17,  8.92s/it]
 11%|█▏        | 71/630 [12:12<1:25:16,  9.15s/it]
 11%|█▏        | 72/630 [12:19<1:19:40,  8.57s/it]
 12%|█▏        | 73/630 [12:27<1:17:25,  8.34s/it]
 12%|█▏        | 74/630 [12:33<1:12:01,  7.77s/it]
 12%|█▏        | 75/630 [12:40<1:09:09,  7.48s/it]
 12%|█▏        | 76/630 [12:52<1:22:24,  8.93s/it]
 12%|█▏        | 77/630 [13:01<1:21:45,  8.87s/it]
 12%|█▏        | 78/630 [13:09<1:19:33,  8.65s/it]
 13%|█▎        | 79/630 [13:18<1:19:10,  8.62s/it]
 13%|█▎        | 80/630 [13:25<1:16:45,  8.37s/it]
 13%|█▎        | 81/630 [13:32<1:11:14,  7.79s/it]
 13%|█▎        | 82/630 [13:45<1:24:43,  9.28s/it]
 13%|█▎        | 83/630 [13:56<1:30:18,  9.91s/it]
 13%|█▎        | 84/630 [14:05<1:26:45,  9.53s/it]
 13%|█▎        | 85/630 [14:12<1:20:39,  8.88s/it]
 14%|█▎        | 86/630 [14:20<1:17:38,  8.56s/it]
 14%|█▍        | 87/630 [14:28<1:16:08,  8.41s/it]
 14%|█▍        | 88/630 [14:37<1:18:45,  8.72s/it]
 14%|█▍        | 89/630 [14:47<1:21:19,  9.02s/it]
 14%|█▍        | 90/630 [14:56<1:20:32,  8.95s/it]
 14%|█▍        | 91/630 [15:03<1:16:02,  8.47s/it]
 15%|█▍        | 92/630 [15:10<1:10:29,  7.86s/it]
 15%|█▍        | 93/630 [15:16<1:06:12,  7.40s/it]
 15%|█▍        | 94/630 [15:26<1:12:59,  8.17s/it]
 15%|█▌        | 95/630 [15:37<1:20:32,  9.03s/it]
 15%|█▌        | 96/630 [15:46<1:21:25,  9.15s/it]
 15%|█▌        | 97/630 [15:55<1:20:04,  9.01s/it]
 16%|█▌        | 98/630 [16:02<1:14:35,  8.41s/it]
 16%|█▌        | 99/630 [16:11<1:15:12,  8.50s/it]
 16%|█▌        | 100/630 [16:17<1:09:26,  7.86s/it]

eval:   0%|          | 0/80 [00:00<?, ?it/s][A

eval:   1%|▏         | 1/80 [00:02<02:40,  2.03s/it][A

eval:   2%|▎         | 2/80 [00:02<01:36,  1.24s/it][A

eval:   4%|▍         | 3/80 [00:04<02:04,  1.62s/it][A

eval:   5%|▌         | 4/80 [00:05<01:44,  1.38s/it][A

eval:   6%|▋         | 5/80 [00:07<02:01,  1.62s/it][A

eval:   8%|▊         | 6/80 [00:08<01:38,  1.33s/it][A

eval:   9%|▉         | 7/80 [00:09<01:25,  1.17s/it][A

eval:  10%|█         | 8/80 [00:10<01:20,  1.11s/it][A

eval:  11%|█▏        | 9/80 [00:11<01:11,  1.01s/it][A

eval:  12%|█▎        | 10/80 [00:12<01:08,  1.02it/s][A

eval:  14%|█▍        | 11/80 [00:14<01:29,  1.29s/it][A

eval:  15%|█▌        | 12/80 [00:15<01:20,  1.18s/it][A

eval:  16%|█▋        | 13/80 [00:15<01:11,  1.06s/it][A

eval:  18%|█▊        | 14/80 [00:16<01:10,  1.06s/it][A

eval:  19%|█▉        | 15/80 [00:18<01:15,  1.16s/it][A

eval:  20%|██        | 16/80 [00:19<01:14,  1.17s/it][A

eval:  21%|██▏       | 17/80 [00:20<01:19,  1.25s/it][A

eval:  22%|██▎       | 18/80 [00:21<01:08,  1.10s/it][A

eval:  24%|██▍       | 19/80 [00:22<01:10,  1.15s/it][A

eval:  25%|██▌       | 20/80 [00:24<01:15,  1.26s/it][A

eval:  26%|██▋       | 21/80 [00:25<01:15,  1.28s/it][A

eval:  28%|██▊       | 22/80 [00:27<01:16,  1.32s/it][A

eval:  29%|██▉       | 23/80 [00:28<01:19,  1.39s/it][A

eval:  30%|███       | 24/80 [00:30<01:21,  1.45s/it][A

eval:  31%|███▏      | 25/80 [00:31<01:17,  1.42s/it][A

eval:  32%|███▎      | 26/80 [00:33<01:15,  1.40s/it][A

eval:  34%|███▍      | 27/80 [00:33<01:06,  1.25s/it][A

eval:  35%|███▌      | 28/80 [00:35<01:07,  1.30s/it][A

eval:  36%|███▋      | 29/80 [00:36<00:58,  1.15s/it][A

eval:  38%|███▊      | 30/80 [00:36<00:51,  1.03s/it][A

eval:  39%|███▉      | 31/80 [00:38<00:56,  1.15s/it][A

eval:  40%|████      | 32/80 [00:39<00:55,  1.15s/it][A

eval:  41%|████▏     | 33/80 [00:40<00:57,  1.23s/it][A

eval:  42%|████▎     | 34/80 [00:42<00:59,  1.28s/it][A

eval:  44%|████▍     | 35/80 [00:43<01:00,  1.35s/it][A

eval:  45%|████▌     | 36/80 [00:44<00:53,  1.22s/it][A

eval:  46%|████▋     | 37/80 [00:46<01:01,  1.43s/it][A

eval:  48%|████▊     | 38/80 [00:47<00:52,  1.24s/it][A

eval:  49%|████▉     | 39/80 [00:48<00:51,  1.27s/it][A

eval:  50%|█████     | 40/80 [00:50<00:50,  1.27s/it][A

eval:  51%|█████▏    | 41/80 [00:51<00:54,  1.39s/it][A

eval:  52%|█████▎    | 42/80 [00:53<00:53,  1.42s/it][A

eval:  54%|█████▍    | 43/80 [00:55<01:02,  1.68s/it][A

eval:  55%|█████▌    | 44/80 [00:56<00:50,  1.41s/it][A

eval:  56%|█████▋    | 45/80 [00:57<00:49,  1.42s/it][A

eval:  57%|█████▊    | 46/80 [00:59<00:47,  1.41s/it][A

eval:  59%|█████▉    | 47/80 [00:59<00:40,  1.23s/it][A

eval:  60%|██████    | 48/80 [01:02<00:50,  1.59s/it][A

eval:  61%|██████▏   | 49/80 [01:03<00:48,  1.55s/it][A

eval:  62%|██████▎   | 50/80 [01:05<00:45,  1.53s/it][A

eval:  64%|██████▍   | 51/80 [01:06<00:43,  1.51s/it][A

eval:  65%|██████▌   | 52/80 [01:07<00:37,  1.33s/it][A

eval:  66%|██████▋   | 53/80 [01:08<00:31,  1.16s/it][A

eval:  68%|██████▊   | 54/80 [01:09<00:28,  1.10s/it][A

eval:  69%|██████▉   | 55/80 [01:10<00:25,  1.02s/it][A

eval:  70%|███████   | 56/80 [01:11<00:23,  1.03it/s][A

eval:  71%|███████▏  | 57/80 [01:11<00:21,  1.07it/s][A

eval:  72%|███████▎  | 58/80 [01:12<00:19,  1.13it/s][A

eval:  74%|███████▍  | 59/80 [01:13<00:18,  1.11it/s][A

eval:  75%|███████▌  | 60/80 [01:14<00:19,  1.05it/s][A

eval:  76%|███████▋  | 61/80 [01:15<00:17,  1.12it/s][A

eval:  78%|███████▊  | 62/80 [01:16<00:17,  1.05it/s][A

eval:  79%|███████▉  | 63/80 [01:17<00:17,  1.05s/it][A

eval:  80%|████████  | 64/80 [01:18<00:15,  1.05it/s][A

eval:  81%|████████▏ | 65/80 [01:19<00:15,  1.02s/it][A

eval:  82%|████████▎ | 66/80 [01:21<00:15,  1.12s/it][A

eval:  84%|████████▍ | 67/80 [01:21<00:13,  1.03s/it][A

eval:  85%|████████▌ | 68/80 [01:23<00:15,  1.31s/it][A

eval:  86%|████████▋ | 69/80 [01:24<00:12,  1.16s/it][A

eval:  88%|████████▊ | 70/80 [01:26<00:14,  1.40s/it][A

eval:  89%|████████▉ | 71/80 [01:27<00:11,  1.23s/it][A

eval:  90%|█████████ | 72/80 [01:28<00:10,  1.28s/it][A

eval:  91%|█████████▏| 73/80 [01:30<00:09,  1.32s/it][A

eval:  92%|█████████▎| 74/80 [01:31<00:08,  1.36s/it][A

eval:  94%|█████████▍| 75/80 [01:33<00:07,  1.43s/it][A

eval:  95%|█████████▌| 76/80 [01:35<00:06,  1.66s/it][A

eval:  96%|█████████▋| 77/80 [01:36<00:04,  1.40s/it][A

eval:  98%|█████████▊| 78/80 [01:37<00:02,  1.41s/it][A

eval:  99%|█████████▉| 79/80 [01:39<00:01,  1.39s/it][A

eval: 100%|██████████| 80/80 [01:39<00:00,  1.20s/it][A

                                                     [A2026-05-12 05:37:05 | INFO | __main__ | eval.py:43 | [EVAL_SAMPLE] idx=0 pred=false gold=barely-true output=Label: B explain=Hartzler said, "We have less Americans working now than in the ‘70s." The statistics Hartzler’s staff said she cited show the employment-population ratio and labor force participation rate was indeed higher in 1979 than in 2015. However,... prompt=<|im_start|>system
You are a careful fact-checking assistant for LIAR-RAW claims. Classify claims using only the claim and retrieved evidence supplied by the user.<|im_end|>
<|im_start|>user
Classify the claim into exactly one LIAR-RAW l...
2026-05-12 05:37:05 | INFO | __main__ | eval.py:43 | [EVAL_SAMPLE] idx=0 pred=false gold=barely-true output=Label: B explain=Hartzler said, "We have less Americans working now than in the ‘70s." The statistics Hartzler’s staff said she cited show the employment-population ratio and labor force participation rate was indeed higher in 1979 than in 2015. However,... prompt=<|im_start|>system
You are a careful fact-checking assistant for LIAR-RAW claims. Classify claims using only the claim and retrieved evidence supplied by the user.<|im_end|>
<|im_start|>user
Classify the claim into exactly one LIAR-RAW l...
2026-05-12 05:37:05 | INFO | __main__ | eval.py:43 | [EVAL_SAMPLE] idx=1 pred=false gold=pants-fire output=Label: B explain=Ellison used a Koran that once belonged to Thomas Jefferson, borrowing the rare book from the Library of Congress. It goes without saying that Ellison is not Obama. UPDATE: Barack Obama resigned from Trinity United Church of Christ on Ma... prompt=<|im_start|>system
You are a careful fact-checking assistant for LIAR-RAW claims. Classify claims using only the claim and retrieved evidence supplied by the user.<|im_end|>
<|im_start|>user
Classify the claim into exactly one LIAR-RAW l...
2026-05-12 05:37:05 | INFO | __main__ | eval.py:43 | [EVAL_SAMPLE] idx=1 pred=false gold=pants-fire output=Label: B explain=Ellison used a Koran that once belonged to Thomas Jefferson, borrowing the rare book from the Library of Congress. It goes without saying that Ellison is not Obama. UPDATE: Barack Obama resigned from Trinity United Church of Christ on Ma... prompt=<|im_start|>system
You are a careful fact-checking assistant for LIAR-RAW claims. Classify claims using only the claim and retrieved evidence supplied by the user.<|im_end|>
<|im_start|>user
Classify the claim into exactly one LIAR-RAW l...
2026-05-12 05:37:05 | INFO | __main__ | eval.py:43 | [EVAL_SAMPLE] idx=2 pred=true gold=false output=Label: F explain=However, we have two professors who say the law is silent on political activity -- even if one of them sees an implicit prohibition -- and a plain reading of the law that states no explicit ban. Blumenauer said that "the statute a hundre... prompt=<|im_start|>system
You are a careful fact-checking assistant for LIAR-RAW claims. Classify claims using only the claim and retrieved evidence supplied by the user.<|im_end|>
<|im_start|>user
Classify the claim into exactly one LIAR-RAW l...
2026-05-12 05:37:05 | INFO | __main__ | trainer.py:566 | [eval] step=100 accuracy=0.2484 macro_precision=0.3046 macro_recall=0.2576 macro_f1=0.2277 parse_error_rate=0.0000
2026-05-12 05:37:05 | INFO | __main__ | trainer.py:566 | [eval] per_class:
2026-05-12 05:37:05 | INFO | __main__ | trainer.py:566 |   - barely-true: P=0.2113 R=0.4262 F1=0.2825
2026-05-12 05:37:05 | INFO | __main__ | trainer.py:566 |   - false: P=0.2620 R=0.3563 F1=0.3019
2026-05-12 05:37:05 | INFO | __main__ | trainer.py:566 |   - half-true: P=0.3396 R=0.0732 F1=0.1204
2026-05-12 05:37:05 | INFO | __main__ | trainer.py:566 |   - mostly-true: P=0.4583 R=0.0438 F1=0.0800
2026-05-12 05:37:05 | INFO | __main__ | trainer.py:566 |   - pants-fire: P=0.3229 R=0.2672 F1=0.2925
2026-05-12 05:37:05 | INFO | __main__ | trainer.py:566 |   - true: P=0.2336 R=0.3787 F1=0.2889
2026-05-12 05:37:10 | WARNING | sft.data.io | io.py:87 | [WARN] saved adapter has no LoRA tensors; rebuilding adapter weights from model state.
2026-05-12 05:37:10 | WARNING | sft.data.io | io.py:100 | [WARN] Rewrote /data/liaozijie/fact-checking/outputs/runs/mmr_lambda_sweep/build.retrieval.mmr_lambda-0.7__5385ea65/train/best/adapter_model.safetensors with 392 LoRA tensors collected from the in-memory model.
2026-05-12 05:37:14 | WARNING | sft.data.io | io.py:87 | [WARN] saved adapter has no LoRA tensors; rebuilding adapter weights from model state.
2026-05-12 05:37:14 | WARNING | sft.data.io | io.py:100 | [WARN] Rewrote /data/liaozijie/fact-checking/outputs/runs/mmr_lambda_sweep/build.retrieval.mmr_lambda-0.7__5385ea65/train/checkpoint-100/adapter_model.safetensors with 392 LoRA tensors collected from the in-memory model.

 16%|█▌        | 101/630 [18:15<6:00:14, 40.86s/it]
 16%|█▌        | 102/630 [18:24<4:35:54, 31.35s/it]
 16%|█▋        | 103/630 [18:33<3:36:51, 24.69s/it]
 17%|█▋        | 104/630 [18:42<2:53:38, 19.81s/it]
 17%|█▋        | 105/630 [18:49<2:20:25, 16.05s/it]
 17%|█▋        | 106/630 [18:56<1:56:40, 13.36s/it]
 17%|█▋        | 107/630 [19:06<1:47:21, 12.32s/it]
 17%|█▋        | 108/630 [19:16<1:40:54, 11.60s/it]
 17%|█▋        | 109/630 [19:24<1:30:59, 10.48s/it]
 17%|█▋        | 110/630 [19:32<1:25:59,  9.92s/it]
 18%|█▊        | 111/630 [19:40<1:20:44,  9.33s/it]
 18%|█▊        | 112/630 [19:47<1:12:57,  8.45s/it]
 18%|█▊        | 113/630 [19:55<1:13:20,  8.51s/it]
 18%|█▊        | 114/630 [20:06<1:19:09,  9.20s/it]
 18%|█▊        | 115/630 [20:15<1:17:25,  9.02s/it]
 18%|█▊        | 116/630 [20:24<1:17:07,  9.00s/it]
 19%|█▊        | 117/630 [20:31<1:13:30,  8.60s/it]
 19%|█▊        | 118/630 [20:38<1:08:25,  8.02s/it]
 19%|█▉        | 119/630 [20:47<1:10:12,  8.24s/it]
 19%|█▉        | 120/630 [20:57<1:14:51,  8.81s/it]
 19%|█▉        | 121/630 [21:07<1:16:46,  9.05s/it]
 19%|█▉        | 122/630 [21:16<1:16:41,  9.06s/it]
 20%|█▉        | 123/630 [21:23<1:12:14,  8.55s/it]
 20%|█▉        | 124/630 [21:31<1:10:17,  8.34s/it]
 20%|█▉        | 125/630 [21:37<1:04:48,  7.70s/it]
 20%|██        | 126/630 [21:47<1:09:54,  8.32s/it]
 20%|██        | 127/630 [21:56<1:11:44,  8.56s/it]
 20%|██        | 128/630 [22:04<1:11:24,  8.54s/it]
 20%|██        | 129/630 [22:13<1:10:10,  8.40s/it]
 21%|██        | 130/630 [22:20<1:07:45,  8.13s/it]
 21%|██        | 131/630 [22:26<1:03:13,  7.60s/it]
 21%|██        | 132/630 [22:37<1:09:52,  8.42s/it]
 21%|██        | 133/630 [22:47<1:15:08,  9.07s/it]
 21%|██▏       | 134/630 [22:56<1:13:30,  8.89s/it]
 21%|██▏       | 135/630 [23:03<1:10:21,  8.53s/it]
 22%|██▏       | 136/630 [23:12<1:09:37,  8.46s/it]
 22%|██▏       | 137/630 [23:18<1:05:01,  7.91s/it]
 22%|██▏       | 138/630 [23:27<1:07:10,  8.19s/it]
 22%|██▏       | 139/630 [23:37<1:09:58,  8.55s/it]
 22%|██▏       | 140/630 [23:45<1:09:31,  8.51s/it]
 22%|██▏       | 141/630 [23:53<1:07:53,  8.33s/it]
 23%|██▎       | 142/630 [24:01<1:06:38,  8.19s/it]
 23%|██▎       | 143/630 [24:08<1:03:30,  7.83s/it]
 23%|██▎       | 144/630 [24:16<1:04:18,  7.94s/it]
 23%|██▎       | 145/630 [24:28<1:13:27,  9.09s/it]
 23%|██▎       | 146/630 [24:37<1:12:24,  8.98s/it]
 23%|██▎       | 147/630 [24:45<1:10:57,  8.82s/it]
 23%|██▎       | 148/630 [24:53<1:08:22,  8.51s/it]
 24%|██▎       | 149/630 [25:00<1:06:21,  8.28s/it]
 24%|██▍       | 150/630 [25:07<1:01:39,  7.71s/it]

eval:   0%|          | 0/80 [00:00<?, ?it/s][A

eval:   1%|▏         | 1/80 [00:00<01:09,  1.14it/s][A

eval:   2%|▎         | 2/80 [00:01<01:02,  1.24it/s][Aswanlab: [2026.05.12 05:44:18] network error, swanlab will resume uploads when the network improves


eval:   4%|▍         | 3/80 [00:02<01:13,  1.05it/s][A

eval:   5%|▌         | 4/80 [00:03<01:14,  1.02it/s][A

eval:   6%|▋         | 5/80 [00:04<01:14,  1.01it/s][A

eval:   8%|▊         | 6/80 [00:05<01:16,  1.04s/it][A

eval:   9%|▉         | 7/80 [00:06<01:10,  1.03it/s][A

eval:  10%|█         | 8/80 [00:08<01:17,  1.08s/it][A

eval:  11%|█▏        | 9/80 [00:09<01:17,  1.09s/it][A

eval:  12%|█▎        | 10/80 [00:10<01:12,  1.04s/it][A

eval:  14%|█▍        | 11/80 [00:12<01:37,  1.41s/it][A

eval:  15%|█▌        | 12/80 [00:13<01:25,  1.26s/it][A

eval:  16%|█▋        | 13/80 [00:15<01:37,  1.45s/it][A

eval:  18%|█▊        | 14/80 [00:15<01:22,  1.26s/it][A

eval:  19%|█▉        | 15/80 [00:18<01:38,  1.51s/it][A

eval:  20%|██        | 16/80 [00:18<01:22,  1.29s/it][A

eval:  21%|██▏       | 17/80 [00:20<01:36,  1.53s/it][A

eval:  22%|██▎       | 18/80 [00:21<01:20,  1.30s/it][A

eval:  24%|██▍       | 19/80 [00:23<01:21,  1.34s/it][A

eval:  25%|██▌       | 20/80 [00:24<01:25,  1.42s/it][A

eval:  26%|██▋       | 21/80 [00:26<01:36,  1.64s/it][A

eval:  28%|██▊       | 22/80 [00:27<01:20,  1.39s/it][A

eval:  29%|██▉       | 23/80 [00:29<01:18,  1.38s/it][A

eval:  30%|███       | 24/80 [00:30<01:11,  1.27s/it][A

eval:  31%|███▏      | 25/80 [00:30<01:01,  1.11s/it][A

eval:  32%|███▎      | 26/80 [00:31<00:54,  1.00s/it][A

eval:  34%|███▍      | 27/80 [00:32<00:52,  1.01it/s][A

eval:  35%|███▌      | 28/80 [00:33<00:51,  1.01it/s][A

eval:  36%|███▋      | 29/80 [00:34<00:47,  1.08it/s][A

eval:  38%|███▊      | 30/80 [00:35<00:43,  1.15it/s][A

eval:  39%|███▉      | 31/80 [00:36<00:46,  1.06it/s][A

eval:  40%|████      | 32/80 [00:37<00:51,  1.07s/it][A

eval:  41%|████▏     | 33/80 [00:38<00:53,  1.14s/it][A

eval:  42%|████▎     | 34/80 [00:40<00:59,  1.29s/it][A

eval:  44%|████▍     | 35/80 [00:41<00:51,  1.15s/it][A

eval:  45%|████▌     | 36/80 [00:43<01:01,  1.40s/it][A

eval:  46%|████▋     | 37/80 [00:44<00:54,  1.27s/it][A

eval:  48%|████▊     | 38/80 [00:45<00:53,  1.28s/it][A

eval:  49%|████▉     | 39/80 [00:46<00:46,  1.14s/it][A

eval:  50%|█████     | 40/80 [00:46<00:39,  1.00it/s][A

eval:  51%|█████▏    | 41/80 [00:49<00:53,  1.38s/it][A

eval:  52%|█████▎    | 42/80 [00:50<00:45,  1.21s/it][A

eval:  54%|█████▍    | 43/80 [00:52<00:54,  1.49s/it][A

eval:  55%|█████▌    | 44/80 [00:53<00:46,  1.28s/it][A

eval:  56%|█████▋    | 45/80 [00:54<00:46,  1.31s/it][A

eval:  57%|█████▊    | 46/80 [00:55<00:39,  1.15s/it][A

eval:  59%|█████▉    | 47/80 [00:56<00:35,  1.07s/it][A

eval:  60%|██████    | 48/80 [00:58<00:45,  1.43s/it][A

eval:  61%|██████▏   | 49/80 [00:59<00:38,  1.26s/it][A

eval:  62%|██████▎   | 50/80 [01:00<00:38,  1.28s/it][A

eval:  64%|██████▍   | 51/80 [01:01<00:34,  1.18s/it][A

eval:  65%|██████▌   | 52/80 [01:02<00:35,  1.26s/it][A

eval:  66%|██████▋   | 53/80 [01:03<00:30,  1.11s/it][A

eval:  68%|██████▊   | 54/80 [01:04<00:28,  1.11s/it][A

eval:  69%|██████▉   | 55/80 [01:06<00:30,  1.21s/it][A

eval:  70%|███████   | 56/80 [01:07<00:26,  1.10s/it][A

eval:  71%|███████▏  | 57/80 [01:08<00:26,  1.14s/it][A

eval:  72%|███████▎  | 58/80 [01:09<00:26,  1.21s/it][A

eval:  74%|███████▍  | 59/80 [01:10<00:25,  1.24s/it][A

eval:  75%|███████▌  | 60/80 [01:12<00:25,  1.27s/it][A

eval:  76%|███████▋  | 61/80 [01:13<00:21,  1.12s/it][A

eval:  78%|███████▊  | 62/80 [01:15<00:24,  1.37s/it][A

eval:  79%|███████▉  | 63/80 [01:15<00:21,  1.24s/it][A

eval:  80%|████████  | 64/80 [01:18<00:23,  1.49s/it][A

eval:  81%|████████▏ | 65/80 [01:18<00:19,  1.27s/it][A

eval:  82%|████████▎ | 66/80 [01:19<00:15,  1.13s/it][A

eval:  84%|████████▍ | 67/80 [01:20<00:13,  1.04s/it][A

eval:  85%|████████▌ | 68/80 [01:21<00:11,  1.04it/s][A

eval:  86%|████████▋ | 69/80 [01:22<00:10,  1.08it/s][A

eval:  88%|████████▊ | 70/80 [01:22<00:08,  1.11it/s][A

eval:  89%|████████▉ | 71/80 [01:23<00:08,  1.08it/s][A

eval:  90%|█████████ | 72/80 [01:24<00:07,  1.04it/s][A

eval:  91%|█████████▏| 73/80 [01:25<00:06,  1.11it/s][A

eval:  92%|█████████▎| 74/80 [01:26<00:05,  1.05it/s][A

eval:  94%|█████████▍| 75/80 [01:28<00:05,  1.08s/it][A

eval:  95%|█████████▌| 76/80 [01:29<00:04,  1.06s/it][A

eval:  96%|█████████▋| 77/80 [01:30<00:03,  1.09s/it][A

eval:  98%|█████████▊| 78/80 [01:31<00:02,  1.14s/it][A

eval:  99%|█████████▉| 79/80 [01:32<00:01,  1.18s/it][A

eval: 100%|██████████| 80/80 [01:34<00:00,  1.22s/it][A

                                                     [A2026-05-12 05:45:49 | INFO | __main__ | eval.py:43 | [EVAL_SAMPLE] idx=0 pred=false gold=barely-true output=Label: B explain=Hartzler said, "We have less Americans working now than in the ‘70s." The statistics Hartzler’s staff said she cited show the employment-population ratio and labor force participation rate was indeed higher in 1979 than in 2015. However,... prompt=<|im_start|>system
You are a careful fact-checking assistant for LIAR-RAW claims. Classify claims using only the claim and retrieved evidence supplied by the user.<|im_end|>
<|im_start|>user
Classify the claim into exactly one LIAR-RAW l...
2026-05-12 05:45:49 | INFO | __main__ | eval.py:43 | [EVAL_SAMPLE] idx=0 pred=false gold=barely-true output=Label: B explain=Hartzler said, "We have less Americans working now than in the ‘70s." The statistics Hartzler’s staff said she cited show the employment-population ratio and labor force participation rate was indeed higher in 1979 than in 2015. However,... prompt=<|im_start|>system
You are a careful fact-checking assistant for LIAR-RAW claims. Classify claims using only the claim and retrieved evidence supplied by the user.<|im_end|>
<|im_start|>user
Classify the claim into exactly one LIAR-RAW l...
2026-05-12 05:45:49 | INFO | __main__ | eval.py:43 | [EVAL_SAMPLE] idx=1 pred=false gold=pants-fire output=Label: B explain=Ellison used a Koran that once belonged to Thomas Jefferson, borrowing the rare book from the Library of Congress. It goes without saying that Ellison is not Obama. UPDATE: Barack Obama resigned from Trinity United Church of Christ on Ma... prompt=<|im_start|>system
You are a careful fact-checking assistant for LIAR-RAW claims. Classify claims using only the claim and retrieved evidence supplied by the user.<|im_end|>
<|im_start|>user
Classify the claim into exactly one LIAR-RAW l...
2026-05-12 05:45:49 | INFO | __main__ | eval.py:43 | [EVAL_SAMPLE] idx=1 pred=false gold=pants-fire output=Label: B explain=Ellison used a Koran that once belonged to Thomas Jefferson, borrowing the rare book from the Library of Congress. It goes without saying that Ellison is not Obama. UPDATE: Barack Obama resigned from Trinity United Church of Christ on Ma... prompt=<|im_start|>system
You are a careful fact-checking assistant for LIAR-RAW claims. Classify claims using only the claim and retrieved evidence supplied by the user.<|im_end|>
<|im_start|>user
Classify the claim into exactly one LIAR-RAW l...
2026-05-12 05:45:49 | INFO | __main__ | eval.py:43 | [EVAL_SAMPLE] idx=2 pred=barely-true gold=false output=Label: C explain=However, we have two professors who say the law is silent on political activity -- even if one of them sees an implicit prohibition -- and a plain reading of the law that states no explicit ban. Blumenauer said that "the statute a hundre... prompt=<|im_start|>system
You are a careful fact-checking assistant for LIAR-RAW claims. Classify claims using only the claim and retrieved evidence supplied by the user.<|im_end|>
<|im_start|>user
Classify the claim into exactly one LIAR-RAW l...
2026-05-12 05:45:49 | INFO | __main__ | trainer.py:566 | [eval] step=150 accuracy=0.2648 macro_precision=0.3338 macro_recall=0.2689 macro_f1=0.2477 parse_error_rate=0.0000
2026-05-12 05:45:49 | INFO | __main__ | trainer.py:566 | [eval] per_class:
2026-05-12 05:45:49 | INFO | __main__ | trainer.py:566 |   - barely-true: P=0.2157 R=0.5105 F1=0.3033
2026-05-12 05:45:49 | INFO | __main__ | trainer.py:566 |   - false: P=0.2614 R=0.3525 F1=0.3002
2026-05-12 05:45:49 | INFO | __main__ | trainer.py:566 |   - half-true: P=0.5238 R=0.0447 F1=0.0824
2026-05-12 05:45:49 | INFO | __main__ | trainer.py:566 |   - mostly-true: P=0.3704 R=0.1594 F1=0.2228
2026-05-12 05:45:49 | INFO | __main__ | trainer.py:566 |   - pants-fire: P=0.3040 R=0.3276 F1=0.3154
2026-05-12 05:45:49 | INFO | __main__ | trainer.py:566 |   - true: P=0.3274 R=0.2189 F1=0.2624
2026-05-12 05:45:54 | WARNING | sft.data.io | io.py:87 | [WARN] saved adapter has no LoRA tensors; rebuilding adapter weights from model state.
2026-05-12 05:45:54 | WARNING | sft.data.io | io.py:100 | [WARN] Rewrote /data/liaozijie/fact-checking/outputs/runs/mmr_lambda_sweep/build.retrieval.mmr_lambda-0.7__5385ea65/train/best/adapter_model.safetensors with 392 LoRA tensors collected from the in-memory model.
2026-05-12 05:45:58 | WARNING | sft.data.io | io.py:87 | [WARN] saved adapter has no LoRA tensors; rebuilding adapter weights from model state.
2026-05-12 05:45:58 | WARNING | sft.data.io | io.py:100 | [WARN] Rewrote /data/liaozijie/fact-checking/outputs/runs/mmr_lambda_sweep/build.retrieval.mmr_lambda-0.7__5385ea65/train/checkpoint-150/adapter_model.safetensors with 392 LoRA tensors collected from the in-memory model.

 24%|██▍       | 151/630 [26:59<5:11:47, 39.06s/it]
 24%|██▍       | 152/630 [27:09<4:00:24, 30.18s/it]
 24%|██▍       | 153/630 [27:17<3:07:45, 23.62s/it]
 24%|██▍       | 154/630 [27:26<2:31:56, 19.15s/it]
 25%|██▍       | 155/630 [27:33<2:04:56, 15.78s/it]
 25%|██▍       | 156/630 [27:42<1:47:40, 13.63s/it]
 25%|██▍       | 157/630 [27:53<1:42:02, 12.94s/it]
 25%|██▌       | 158/630 [28:04<1:35:44, 12.17s/it]
 25%|██▌       | 159/630 [28:12<1:25:40, 10.91s/it]
 25%|██▌       | 160/630 [28:19<1:16:44,  9.80s/it]
 26%|██▌       | 161/630 [28:26<1:10:25,  9.01s/it]
 26%|██▌       | 162/630 [28:33<1:05:13,  8.36s/it]
 26%|██▌       | 163/630 [28:45<1:13:19,  9.42s/it]
 26%|██▌       | 164/630 [28:55<1:13:55,  9.52s/it]
 26%|██▌       | 165/630 [29:03<1:12:08,  9.31s/it]
 26%|██▋       | 166/630 [29:13<1:11:50,  9.29s/it]
 27%|██▋       | 167/630 [29:21<1:08:47,  8.91s/it]
 27%|██▋       | 168/630 [29:28<1:05:02,  8.45s/it]
 27%|██▋       | 169/630 [29:37<1:06:20,  8.64s/it]
 27%|██▋       | 170/630 [29:48<1:11:03,  9.27s/it]
 27%|██▋       | 171/630 [29:58<1:13:28,  9.60s/it]
 27%|██▋       | 172/630 [30:05<1:07:29,  8.84s/it]
 27%|██▋       | 173/630 [30:14<1:06:16,  8.70s/it]
 28%|██▊       | 174/630 [30:21<1:02:37,  8.24s/it]
 28%|██▊       | 175/630 [30:29<1:01:47,  8.15s/it]
 28%|██▊       | 176/630 [30:40<1:08:50,  9.10s/it]
 28%|██▊       | 177/630 [30:50<1:09:53,  9.26s/it]
 28%|██▊       | 178/630 [31:00<1:11:36,  9.50s/it]
 28%|██▊       | 179/630 [31:07<1:05:53,  8.77s/it]
 29%|██▊       | 180/630 [31:14<1:02:04,  8.28s/it]
 29%|██▊       | 181/630 [31:21<58:56,  7.88s/it]  
 29%|██▉       | 182/630 [31:34<1:10:25,  9.43s/it]
 29%|██▉       | 183/630 [31:44<1:10:31,  9.47s/it]
 29%|██▉       | 184/630 [31:52<1:07:58,  9.15s/it]
 29%|██▉       | 185/630 [32:02<1:09:57,  9.43s/it]
 30%|██▉       | 186/630 [32:09<1:03:58,  8.64s/it]
 30%|██▉       | 187/630 [32:15<58:41,  7.95s/it]  
 30%|██▉       | 188/630 [32:24<1:01:09,  8.30s/it]
 30%|███       | 189/630 [32:36<1:08:06,  9.27s/it]
 30%|███       | 190/630 [32:45<1:07:44,  9.24s/it]
 30%|███       | 191/630 [32:53<1:04:48,  8.86s/it]
 30%|███       | 192/630 [33:01<1:02:47,  8.60s/it]
 31%|███       | 193/630 [33:07<56:38,  7.78s/it]  
 31%|███       | 194/630 [33:15<58:12,  8.01s/it]
 31%|███       | 195/630 [33:27<1:06:04,  9.11s/it]
 31%|███       | 196/630 [33:36<1:05:30,  9.06s/it]
 31%|███▏      | 197/630 [33:45<1:04:44,  8.97s/it]
 31%|███▏      | 198/630 [33:53<1:02:07,  8.63s/it]
 32%|███▏      | 199/630 [34:01<1:00:58,  8.49s/it]
 32%|███▏      | 200/630 [34:07<56:35,  7.90s/it]  

eval:   0%|          | 0/80 [00:00<?, ?it/s][A

eval:   1%|▏         | 1/80 [00:01<02:00,  1.52s/it][A

eval:   2%|▎         | 2/80 [00:02<01:21,  1.04s/it][A

eval:   4%|▍         | 3/80 [00:03<01:13,  1.05it/s][A

eval:   5%|▌         | 4/80 [00:04<01:32,  1.21s/it][A

eval:   6%|▋         | 5/80 [00:05<01:20,  1.07s/it][A

eval:   8%|▊         | 6/80 [00:06<01:15,  1.02s/it][A

eval:   9%|▉         | 7/80 [00:07<01:10,  1.03it/s][A

eval:  10%|█         | 8/80 [00:08<01:09,  1.03it/s][A

eval:  11%|█▏        | 9/80 [00:09<01:09,  1.02it/s][A

eval:  12%|█▎        | 10/80 [00:10<01:07,  1.04it/s][A

eval:  14%|█▍        | 11/80 [00:12<01:26,  1.26s/it][A

eval:  15%|█▌        | 12/80 [00:13<01:18,  1.16s/it][A

eval:  16%|█▋        | 13/80 [00:13<01:10,  1.05s/it][A

eval:  18%|█▊        | 14/80 [00:15<01:17,  1.17s/it][A

eval:  19%|█▉        | 15/80 [00:16<01:12,  1.11s/it][A

eval:  20%|██        | 16/80 [00:17<01:12,  1.13s/it][A

eval:  21%|██▏       | 17/80 [00:18<01:14,  1.18s/it][A

eval:  22%|██▎       | 18/80 [00:19<01:05,  1.05s/it][A

eval:  24%|██▍       | 19/80 [00:20<01:07,  1.11s/it][A

eval:  25%|██▌       | 20/80 [00:22<01:13,  1.23s/it][A

eval:  26%|██▋       | 21/80 [00:24<01:27,  1.48s/it][A

eval:  28%|██▊       | 22/80 [00:25<01:14,  1.28s/it][A

eval:  29%|██▉       | 23/80 [00:27<01:27,  1.54s/it][A

eval:  30%|███       | 24/80 [00:28<01:17,  1.38s/it][A

eval:  31%|███▏      | 25/80 [00:29<01:15,  1.38s/it][A

eval:  32%|███▎      | 26/80 [00:30<01:13,  1.37s/it][A

eval:  34%|███▍      | 27/80 [00:32<01:15,  1.42s/it][A

eval:  35%|███▌      | 28/80 [00:34<01:14,  1.44s/it][A

eval:  36%|███▋      | 29/80 [00:34<01:03,  1.24s/it][A

eval:  38%|███▊      | 30/80 [00:36<01:03,  1.27s/it][A

eval:  39%|███▉      | 31/80 [00:36<00:55,  1.12s/it][A

eval:  40%|████      | 32/80 [00:38<00:59,  1.24s/it][A

eval:  41%|████▏     | 33/80 [00:39<00:52,  1.12s/it][A

eval:  42%|████▎     | 34/80 [00:40<00:53,  1.16s/it][A

eval:  44%|████▍     | 35/80 [00:41<00:54,  1.21s/it][A

eval:  45%|████▌     | 36/80 [00:42<00:49,  1.12s/it][A

eval:  46%|████▋     | 37/80 [00:44<00:58,  1.36s/it][A

eval:  48%|████▊     | 38/80 [00:45<00:50,  1.20s/it][A

eval:  49%|████▉     | 39/80 [00:46<00:49,  1.21s/it][A

eval:  50%|█████     | 40/80 [00:47<00:49,  1.23s/it][A

eval:  51%|█████▏    | 41/80 [00:49<00:52,  1.36s/it][A

eval:  52%|█████▎    | 42/80 [00:51<00:51,  1.37s/it][A

eval:  54%|█████▍    | 43/80 [00:52<00:54,  1.48s/it][A

eval:  55%|█████▌    | 44/80 [00:54<00:50,  1.42s/it][A

eval:  56%|█████▋    | 45/80 [00:55<00:48,  1.40s/it][A

eval:  57%|█████▊    | 46/80 [00:56<00:46,  1.38s/it][A

eval:  59%|█████▉    | 47/80 [00:57<00:39,  1.20s/it][A

eval:  60%|██████    | 48/80 [00:59<00:49,  1.55s/it][A

eval:  61%|██████▏   | 49/80 [01:00<00:41,  1.34s/it][A

eval:  62%|██████▎   | 50/80 [01:02<00:46,  1.54s/it][A

eval:  64%|██████▍   | 51/80 [01:03<00:38,  1.33s/it][A

eval:  65%|██████▌   | 52/80 [01:05<00:43,  1.57s/it][A

eval:  66%|██████▋   | 53/80 [01:06<00:35,  1.33s/it][A

eval:  68%|██████▊   | 54/80 [01:08<00:41,  1.58s/it][A

eval:  69%|██████▉   | 55/80 [01:09<00:33,  1.35s/it][A

eval:  70%|███████   | 56/80 [01:11<00:38,  1.58s/it][A

eval:  71%|███████▏  | 57/80 [01:12<00:31,  1.37s/it][A

eval:  72%|███████▎  | 58/80 [01:14<00:35,  1.62s/it][A

eval:  74%|███████▍  | 59/80 [01:15<00:28,  1.36s/it][A

eval:  75%|███████▌  | 60/80 [01:16<00:23,  1.19s/it][A

eval:  76%|███████▋  | 61/80 [01:17<00:20,  1.09s/it][A

eval:  78%|███████▊  | 62/80 [01:18<00:18,  1.05s/it][A

eval:  79%|███████▉  | 63/80 [01:18<00:17,  1.01s/it][A

eval:  80%|████████  | 64/80 [01:19<00:14,  1.09it/s][A

eval:  81%|████████▏ | 65/80 [01:20<00:14,  1.04it/s][A

eval:  82%|████████▎ | 66/80 [01:21<00:13,  1.00it/s][A

eval:  84%|████████▍ | 67/80 [01:22<00:12,  1.06it/s][A

eval:  85%|████████▌ | 68/80 [01:24<00:14,  1.19s/it][A

eval:  86%|████████▋ | 69/80 [01:25<00:11,  1.08s/it][A

eval:  88%|████████▊ | 70/80 [01:26<00:11,  1.15s/it][A

eval:  89%|████████▉ | 71/80 [01:27<00:10,  1.20s/it][A

eval:  90%|█████████ | 72/80 [01:28<00:08,  1.08s/it][A

eval:  91%|█████████▏| 73/80 [01:30<00:09,  1.34s/it][A

eval:  92%|█████████▎| 74/80 [01:31<00:07,  1.17s/it][A

eval:  94%|█████████▍| 75/80 [01:33<00:07,  1.48s/it][A

eval:  95%|█████████▌| 76/80 [01:34<00:05,  1.34s/it][A

eval:  96%|█████████▋| 77/80 [01:35<00:03,  1.18s/it][A

eval:  98%|█████████▊| 78/80 [01:36<00:02,  1.05s/it][A

eval:  99%|█████████▉| 79/80 [01:37<00:01,  1.01s/it][A

eval: 100%|██████████| 80/80 [01:37<00:00,  1.06it/s][A

                                                     [A2026-05-12 05:54:54 | INFO | __main__ | eval.py:43 | [EVAL_SAMPLE] idx=0 pred=pants-fire gold=barely-true output=Label: A explain=Hartzler said, "We have less Americans working now than in the ‘70s." The statistics Hartzler’s staff said she cited show the employment-population ratio and labor force participation rate was indeed higher in 1979 than in 2015. However,... prompt=<|im_start|>system
You are a careful fact-checking assistant for LIAR-RAW claims. Classify claims using only the claim and retrieved evidence supplied by the user.<|im_end|>
<|im_start|>user
Classify the claim into exactly one LIAR-RAW l...
2026-05-12 05:54:54 | INFO | __main__ | eval.py:43 | [EVAL_SAMPLE] idx=0 pred=pants-fire gold=barely-true output=Label: A explain=Hartzler said, "We have less Americans working now than in the ‘70s." The statistics Hartzler’s staff said she cited show the employment-population ratio and labor force participation rate was indeed higher in 1979 than in 2015. However,... prompt=<|im_start|>system
You are a careful fact-checking assistant for LIAR-RAW claims. Classify claims using only the claim and retrieved evidence supplied by the user.<|im_end|>
<|im_start|>user
Classify the claim into exactly one LIAR-RAW l...
2026-05-12 05:54:54 | INFO | __main__ | eval.py:43 | [EVAL_SAMPLE] idx=1 pred=false gold=pants-fire output=Label: B explain=Ellison used a Koran that once belonged to Thomas Jefferson, borrowing the rare book from the Library of Congress. It goes without saying that Ellison is not Obama. UPDATE: Barack Obama resigned from Trinity United Church of Christ on Ma... prompt=<|im_start|>system
You are a careful fact-checking assistant for LIAR-RAW claims. Classify claims using only the claim and retrieved evidence supplied by the user.<|im_end|>
<|im_start|>user
Classify the claim into exactly one LIAR-RAW l...
2026-05-12 05:54:54 | INFO | __main__ | eval.py:43 | [EVAL_SAMPLE] idx=1 pred=false gold=pants-fire output=Label: B explain=Ellison used a Koran that once belonged to Thomas Jefferson, borrowing the rare book from the Library of Congress. It goes without saying that Ellison is not Obama. UPDATE: Barack Obama resigned from Trinity United Church of Christ on Ma... prompt=<|im_start|>system
You are a careful fact-checking assistant for LIAR-RAW claims. Classify claims using only the claim and retrieved evidence supplied by the user.<|im_end|>
<|im_start|>user
Classify the claim into exactly one LIAR-RAW l...
2026-05-12 05:54:54 | INFO | __main__ | eval.py:43 | [EVAL_SAMPLE] idx=2 pred=barely-true gold=false output=Label: C explain=However, we have two professors who say the law is silent on political activity -- even if one of them sees an implicit prohibition -- and a plain reading of the law that states no explicit ban. Blumenauer said that "the statute a hundre... prompt=<|im_start|>system
You are a careful fact-checking assistant for LIAR-RAW claims. Classify claims using only the claim and retrieved evidence supplied by the user.<|im_end|>
<|im_start|>user
Classify the claim into exactly one LIAR-RAW l...
2026-05-12 05:54:54 | INFO | __main__ | trainer.py:566 | [eval] step=200 accuracy=0.2539 macro_precision=0.2661 macro_recall=0.2777 macro_f1=0.2481 parse_error_rate=0.0000
2026-05-12 05:54:54 | INFO | __main__ | trainer.py:566 | [eval] per_class:
2026-05-12 05:54:54 | INFO | __main__ | trainer.py:566 |   - barely-true: P=0.2287 R=0.4304 F1=0.2987
2026-05-12 05:54:54 | INFO | __main__ | trainer.py:566 |   - false: P=0.2775 R=0.2031 F1=0.2345
2026-05-12 05:54:54 | INFO | __main__ | trainer.py:566 |   - half-true: P=0.2788 R=0.1179 F1=0.1657
2026-05-12 05:54:54 | INFO | __main__ | trainer.py:566 |   - mostly-true: P=0.3148 R=0.1355 F1=0.1894
2026-05-12 05:54:54 | INFO | __main__ | trainer.py:566 |   - pants-fire: P=0.2443 R=0.4655 F1=0.3205
2026-05-12 05:54:54 | INFO | __main__ | trainer.py:566 |   - true: P=0.2524 R=0.3136 F1=0.2797
2026-05-12 05:54:57 | WARNING | sft.data.io | io.py:87 | [WARN] saved adapter has no LoRA tensors; rebuilding adapter weights from model state.
2026-05-12 05:54:57 | WARNING | sft.data.io | io.py:100 | [WARN] Rewrote /data/liaozijie/fact-checking/outputs/runs/mmr_lambda_sweep/build.retrieval.mmr_lambda-0.7__5385ea65/train/best/adapter_model.safetensors with 392 LoRA tensors collected from the in-memory model.
2026-05-12 05:55:01 | WARNING | sft.data.io | io.py:87 | [WARN] saved adapter has no LoRA tensors; rebuilding adapter weights from model state.
2026-05-12 05:55:01 | WARNING | sft.data.io | io.py:100 | [WARN] Rewrote /data/liaozijie/fact-checking/outputs/runs/mmr_lambda_sweep/build.retrieval.mmr_lambda-0.7__5385ea65/train/checkpoint-200/adapter_model.safetensors with 392 LoRA tensors collected from the in-memory model.

 32%|███▏      | 201/630 [36:03<4:48:38, 40.37s/it]
 32%|███▏      | 202/630 [36:14<3:43:55, 31.39s/it]
 32%|███▏      | 203/630 [36:22<2:53:49, 24.43s/it]
 32%|███▏      | 204/630 [36:30<2:18:12, 19.47s/it]
 33%|███▎      | 205/630 [36:37<1:51:24, 15.73s/it]
 33%|███▎      | 206/630 [36:43<1:29:37, 12.68s/it]
 33%|███▎      | 207/630 [36:54<1:26:53, 12.32s/it]
 33%|███▎      | 208/630 [37:06<1:25:42, 12.19s/it]
 33%|███▎      | 209/630 [37:15<1:19:40, 11.36s/it]
 33%|███▎      | 210/630 [37:23<1:11:23, 10.20s/it]
 33%|███▎      | 211/630 [37:31<1:07:32,  9.67s/it]
 34%|███▎      | 212/630 [37:38<1:01:34,  8.84s/it]
 34%|███▍      | 213/630 [37:49<1:06:34,  9.58s/it]
 34%|███▍      | 214/630 [37:59<1:07:18,  9.71s/it]
 34%|███▍      | 215/630 [38:09<1:06:18,  9.59s/it]
 34%|███▍      | 216/630 [38:18<1:05:14,  9.46s/it]
 34%|███▍      | 217/630 [38:26<1:02:09,  9.03s/it]
 35%|███▍      | 218/630 [38:33<57:28,  8.37s/it]  
 35%|███▍      | 219/630 [38:42<58:59,  8.61s/it]
 35%|███▍      | 220/630 [38:52<1:01:47,  9.04s/it]
 35%|███▌      | 221/630 [39:02<1:03:35,  9.33s/it]
 35%|███▌      | 222/630 [39:10<1:01:25,  9.03s/it]
 35%|███▌      | 223/630 [39:18<58:31,  8.63s/it]  
 36%|███▌      | 224/630 [39:25<54:25,  8.04s/it]
 36%|███▌      | 225/630 [39:31<49:48,  7.38s/it]
 36%|███▌      | 226/630 [39:42<58:06,  8.63s/it]
 36%|███▌      | 227/630 [39:51<59:31,  8.86s/it]
 36%|███▌      | 228/630 [39:59<56:00,  8.36s/it]
 36%|███▋      | 229/630 [40:07<56:37,  8.47s/it]
 37%|███▋      | 230/630 [40:15<55:30,  8.33s/it]
 37%|███▋      | 231/630 [40:22<51:39,  7.77s/it]
 37%|███▋      | 232/630 [40:33<58:20,  8.79s/it]
 37%|███▋      | 233/630 [40:42<58:29,  8.84s/it]
 37%|███▋      | 234/630 [40:51<58:13,  8.82s/it]
 37%|███▋      | 235/630 [41:00<59:09,  8.99s/it]
 37%|███▋      | 236/630 [41:08<56:16,  8.57s/it]
 38%|███▊      | 237/630 [41:16<55:07,  8.42s/it]
 38%|███▊      | 238/630 [41:25<56:44,  8.69s/it]
 38%|███▊      | 239/630 [41:34<56:51,  8.73s/it]
 38%|███▊      | 240/630 [41:42<55:49,  8.59s/it]
 38%|███▊      | 241/630 [41:51<55:33,  8.57s/it]
 38%|███▊      | 242/630 [41:58<53:04,  8.21s/it]
 39%|███▊      | 243/630 [42:06<52:22,  8.12s/it]
 39%|███▊      | 244/630 [42:16<55:22,  8.61s/it]
 39%|███▉      | 245/630 [42:26<58:25,  9.11s/it]
 39%|███▉      | 246/630 [42:35<58:01,  9.07s/it]
 39%|███▉      | 247/630 [42:44<57:54,  9.07s/it]
 39%|███▉      | 248/630 [42:52<55:35,  8.73s/it]
 40%|███▉      | 249/630 [43:00<53:03,  8.36s/it]
 40%|███▉      | 250/630 [43:05<48:20,  7.63s/it]

eval:   0%|          | 0/80 [00:00<?, ?it/s][A

eval:   1%|▏         | 1/80 [00:01<01:26,  1.09s/it][A

eval:   2%|▎         | 2/80 [00:01<01:07,  1.15it/s][A

eval:   4%|▍         | 3/80 [00:02<01:04,  1.20it/s][A

eval:   5%|▌         | 4/80 [00:03<01:08,  1.10it/s][A

eval:   6%|▋         | 5/80 [00:04<01:14,  1.01it/s][A

eval:   8%|▊         | 6/80 [00:05<01:07,  1.10it/s][A

eval:   9%|▉         | 7/80 [00:06<01:09,  1.05it/s][A

eval:  10%|█         | 8/80 [00:08<01:20,  1.11s/it][A

eval:  11%|█▏        | 9/80 [00:08<01:09,  1.02it/s][A

eval:  12%|█▎        | 10/80 [00:10<01:28,  1.26s/it][A

eval:  14%|█▍        | 11/80 [00:12<01:36,  1.40s/it][A

eval:  15%|█▌        | 12/80 [00:13<01:38,  1.44s/it][A

eval:  16%|█▋        | 13/80 [00:14<01:23,  1.25s/it][A

eval:  18%|█▊        | 14/80 [00:16<01:35,  1.45s/it][A

eval:  19%|█▉        | 15/80 [00:17<01:24,  1.30s/it][A

eval:  20%|██        | 16/80 [00:19<01:34,  1.48s/it][A

eval:  21%|██▏       | 17/80 [00:20<01:22,  1.31s/it][A

eval:  22%|██▎       | 18/80 [00:21<01:21,  1.32s/it][A

eval:  24%|██▍       | 19/80 [00:23<01:21,  1.33s/it][A

eval:  25%|██▌       | 20/80 [00:25<01:36,  1.60s/it][A

eval:  26%|██▋       | 21/80 [00:26<01:20,  1.37s/it][A

eval:  28%|██▊       | 22/80 [00:27<01:20,  1.39s/it][A

eval:  29%|██▉       | 23/80 [00:29<01:21,  1.44s/it][A

eval:  30%|███       | 24/80 [00:30<01:19,  1.43s/it][A

eval:  31%|███▏      | 25/80 [00:31<01:07,  1.22s/it][A

eval:  32%|███▎      | 26/80 [00:32<00:59,  1.09s/it][A

eval:  34%|███▍      | 27/80 [00:33<01:03,  1.19s/it][A

eval:  35%|███▌      | 28/80 [00:34<00:56,  1.09s/it][A

eval:  36%|███▋      | 29/80 [00:35<00:54,  1.07s/it][A

eval:  38%|███▊      | 30/80 [00:36<00:48,  1.03it/s][A

eval:  39%|███▉      | 31/80 [00:36<00:45,  1.08it/s][A

eval:  40%|████      | 32/80 [00:38<00:50,  1.06s/it][A

eval:  41%|████▏     | 33/80 [00:39<00:46,  1.01it/s][A

eval:  42%|████▎     | 34/80 [00:40<00:49,  1.08s/it][A

eval:  44%|████▍     | 35/80 [00:41<00:50,  1.11s/it][A

eval:  45%|████▌     | 36/80 [00:42<00:46,  1.06s/it][A

eval:  46%|████▋     | 37/80 [00:44<00:53,  1.24s/it][A

eval:  48%|████▊     | 38/80 [00:44<00:46,  1.12s/it][A

eval:  49%|████▉     | 39/80 [00:46<00:47,  1.15s/it][A

eval:  50%|█████     | 40/80 [00:47<00:46,  1.17s/it][A

eval:  51%|█████▏    | 41/80 [00:48<00:45,  1.16s/it][A

eval:  52%|█████▎    | 42/80 [00:50<00:51,  1.37s/it][A

eval:  54%|█████▍    | 43/80 [00:51<00:46,  1.26s/it][A

eval:  55%|█████▌    | 44/80 [00:53<00:52,  1.47s/it][A

eval:  56%|█████▋    | 45/80 [00:54<00:44,  1.28s/it][A

eval:  57%|█████▊    | 46/80 [00:55<00:44,  1.31s/it][A

eval:  59%|█████▉    | 47/80 [00:56<00:43,  1.33s/it][A

eval:  60%|██████    | 48/80 [00:59<00:51,  1.61s/it][A

eval:  61%|██████▏   | 49/80 [01:00<00:42,  1.38s/it][A

eval:  62%|██████▎   | 50/80 [01:01<00:42,  1.40s/it][A

eval:  64%|██████▍   | 51/80 [01:02<00:40,  1.41s/it][A

eval:  65%|██████▌   | 52/80 [01:04<00:40,  1.46s/it][A

eval:  66%|██████▋   | 53/80 [01:05<00:38,  1.42s/it][A

eval:  68%|██████▊   | 54/80 [01:07<00:37,  1.45s/it][A

eval:  69%|██████▉   | 55/80 [01:08<00:36,  1.44s/it][A

eval:  70%|███████   | 56/80 [01:09<00:30,  1.25s/it][A

eval:  71%|███████▏  | 57/80 [01:11<00:34,  1.50s/it][A

eval:  72%|███████▎  | 58/80 [01:12<00:28,  1.28s/it][A

eval:  74%|███████▍  | 59/80 [01:14<00:31,  1.49s/it][A

eval:  75%|███████▌  | 60/80 [01:15<00:25,  1.28s/it][A

eval:  76%|███████▋  | 61/80 [01:16<00:25,  1.33s/it][A

eval:  78%|███████▊  | 62/80 [01:18<00:24,  1.36s/it][A

eval:  79%|███████▉  | 63/80 [01:19<00:20,  1.23s/it][A

eval:  80%|████████  | 64/80 [01:19<00:17,  1.07s/it][A

eval:  81%|████████▏ | 65/80 [01:20<00:14,  1.02it/s][A

eval:  82%|████████▎ | 66/80 [01:21<00:13,  1.02it/s][A

eval:  84%|████████▍ | 67/80 [01:22<00:12,  1.07it/s][A

eval:  85%|████████▌ | 68/80 [01:23<00:11,  1.08it/s][A

eval:  86%|████████▋ | 69/80 [01:24<00:10,  1.02it/s][A

eval:  88%|████████▊ | 70/80 [01:25<00:09,  1.07it/s][A

eval:  89%|████████▉ | 71/80 [01:26<00:09,  1.00s/it][A

eval:  90%|█████████ | 72/80 [01:27<00:08,  1.06s/it][A

eval:  91%|█████████▏| 73/80 [01:28<00:06,  1.03it/s][A

eval:  92%|█████████▎| 74/80 [01:29<00:06,  1.03s/it][A

eval:  94%|█████████▍| 75/80 [01:30<00:05,  1.15s/it][A

eval:  95%|█████████▌| 76/80 [01:32<00:05,  1.25s/it][A

eval:  96%|█████████▋| 77/80 [01:33<00:03,  1.29s/it][A

eval:  98%|█████████▊| 78/80 [01:34<00:02,  1.13s/it][A

eval:  99%|█████████▉| 79/80 [01:36<00:01,  1.37s/it][A

eval: 100%|██████████| 80/80 [01:37<00:00,  1.19s/it][A

                                                     [A2026-05-12 06:03:51 | INFO | __main__ | eval.py:43 | [EVAL_SAMPLE] idx=0 pred=false gold=barely-true output=Label: B explain=Hartzler said, "We have less Americans working now than in the ‘70s." The statistics Hartzler’s staff said she cited show the employment-population ratio and labor force participation rate was indeed higher in 1979 than in 2015. However,... prompt=<|im_start|>system
You are a careful fact-checking assistant for LIAR-RAW claims. Classify claims using only the claim and retrieved evidence supplied by the user.<|im_end|>
<|im_start|>user
Classify the claim into exactly one LIAR-RAW l...
2026-05-12 06:03:51 | INFO | __main__ | eval.py:43 | [EVAL_SAMPLE] idx=0 pred=false gold=barely-true output=Label: B explain=Hartzler said, "We have less Americans working now than in the ‘70s." The statistics Hartzler’s staff said she cited show the employment-population ratio and labor force participation rate was indeed higher in 1979 than in 2015. However,... prompt=<|im_start|>system
You are a careful fact-checking assistant for LIAR-RAW claims. Classify claims using only the claim and retrieved evidence supplied by the user.<|im_end|>
<|im_start|>user
Classify the claim into exactly one LIAR-RAW l...
2026-05-12 06:03:51 | INFO | __main__ | eval.py:43 | [EVAL_SAMPLE] idx=1 pred=false gold=pants-fire output=Label: B explain=Ellison used a Koran that once belonged to Thomas Jefferson, borrowing the rare book from the Library of Congress. It goes without saying that Ellison is not Obama. UPDATE: Barack Obama resigned from Trinity United Church of Christ on Ma... prompt=<|im_start|>system
You are a careful fact-checking assistant for LIAR-RAW claims. Classify claims using only the claim and retrieved evidence supplied by the user.<|im_end|>
<|im_start|>user
Classify the claim into exactly one LIAR-RAW l...
2026-05-12 06:03:51 | INFO | __main__ | eval.py:43 | [EVAL_SAMPLE] idx=1 pred=false gold=pants-fire output=Label: B explain=Ellison used a Koran that once belonged to Thomas Jefferson, borrowing the rare book from the Library of Congress. It goes without saying that Ellison is not Obama. UPDATE: Barack Obama resigned from Trinity United Church of Christ on Ma... prompt=<|im_start|>system
You are a careful fact-checking assistant for LIAR-RAW claims. Classify claims using only the claim and retrieved evidence supplied by the user.<|im_end|>
<|im_start|>user
Classify the claim into exactly one LIAR-RAW l...
2026-05-12 06:03:51 | INFO | __main__ | eval.py:43 | [EVAL_SAMPLE] idx=2 pred=mostly-true gold=false output=Label: E explain=However, we have two professors who say the law is silent on political activity -- even if one of them sees an implicit prohibition -- and a plain reading of the law that states no explicit ban. Blumenauer said that "the statute a hundre... prompt=<|im_start|>system
You are a careful fact-checking assistant for LIAR-RAW claims. Classify claims using only the claim and retrieved evidence supplied by the user.<|im_end|>
<|im_start|>user
Classify the claim into exactly one LIAR-RAW l...
2026-05-12 06:03:51 | INFO | __main__ | trainer.py:566 | [eval] step=250 accuracy=0.2687 macro_precision=0.2730 macro_recall=0.2843 macro_f1=0.2697 parse_error_rate=0.0000
2026-05-12 06:03:51 | INFO | __main__ | trainer.py:566 | [eval] per_class:
2026-05-12 06:03:51 | INFO | __main__ | trainer.py:566 |   - barely-true: P=0.2395 R=0.3122 F1=0.2711
2026-05-12 06:03:51 | INFO | __main__ | trainer.py:566 |   - false: P=0.2730 R=0.3295 F1=0.2986
2026-05-12 06:03:51 | INFO | __main__ | trainer.py:566 |   - half-true: P=0.2420 R=0.1545 F1=0.1886
2026-05-12 06:03:51 | INFO | __main__ | trainer.py:566 |   - mostly-true: P=0.3169 R=0.1793 F1=0.2290
2026-05-12 06:03:51 | INFO | __main__ | trainer.py:566 |   - pants-fire: P=0.2692 R=0.4224 F1=0.3289
2026-05-12 06:03:51 | INFO | __main__ | trainer.py:566 |   - true: P=0.2971 R=0.3077 F1=0.3023
2026-05-12 06:03:55 | WARNING | sft.data.io | io.py:87 | [WARN] saved adapter has no LoRA tensors; rebuilding adapter weights from model state.
2026-05-12 06:03:55 | WARNING | sft.data.io | io.py:100 | [WARN] Rewrote /data/liaozijie/fact-checking/outputs/runs/mmr_lambda_sweep/build.retrieval.mmr_lambda-0.7__5385ea65/train/best/adapter_model.safetensors with 392 LoRA tensors collected from the in-memory model.
2026-05-12 06:03:59 | WARNING | sft.data.io | io.py:87 | [WARN] saved adapter has no LoRA tensors; rebuilding adapter weights from model state.
2026-05-12 06:03:59 | WARNING | sft.data.io | io.py:100 | [WARN] Rewrote /data/liaozijie/fact-checking/outputs/runs/mmr_lambda_sweep/build.retrieval.mmr_lambda-0.7__5385ea65/train/checkpoint-250/adapter_model.safetensors with 392 LoRA tensors collected from the in-memory model.

 40%|███▉      | 251/630 [45:01<4:12:56, 40.04s/it]
 40%|████      | 252/630 [45:11<3:15:17, 31.00s/it]
 40%|████      | 253/630 [45:20<2:32:34, 24.28s/it]
 40%|████      | 254/630 [45:28<2:02:30, 19.55s/it]
 40%|████      | 255/630 [45:35<1:37:53, 15.66s/it]
 41%|████      | 256/630 [45:42<1:21:18, 13.04s/it]
 41%|████      | 257/630 [45:55<1:20:51, 13.01s/it]
 41%|████      | 258/630 [46:06<1:16:46, 12.38s/it]
 41%|████      | 259/630 [46:14<1:09:33, 11.25s/it]
 41%|████▏     | 260/630 [46:22<1:03:11, 10.25s/it]
 41%|████▏     | 261/630 [46:30<58:28,  9.51s/it]  
 42%|████▏     | 262/630 [46:36<52:12,  8.51s/it]
 42%|████▏     | 263/630 [46:44<51:34,  8.43s/it]
 42%|████▏     | 264/630 [46:55<55:09,  9.04s/it]
 42%|████▏     | 265/630 [47:04<55:11,  9.07s/it]
 42%|████▏     | 266/630 [47:12<52:33,  8.66s/it]
 42%|████▏     | 267/630 [47:19<50:23,  8.33s/it]
 43%|████▎     | 268/630 [47:27<48:45,  8.08s/it]
 43%|████▎     | 269/630 [47:35<49:44,  8.27s/it]
 43%|████▎     | 270/630 [47:45<52:21,  8.73s/it]
 43%|████▎     | 271/630 [47:55<54:29,  9.11s/it]
 43%|████▎     | 272/630 [48:02<50:58,  8.54s/it]
 43%|████▎     | 273/630 [48:10<49:26,  8.31s/it]
 43%|████▎     | 274/630 [48:17<46:48,  7.89s/it]
 44%|████▎     | 275/630 [48:23<42:26,  7.17s/it]
 44%|████▍     | 276/630 [48:34<50:14,  8.51s/it]
 44%|████▍     | 277/630 [48:45<54:21,  9.24s/it]
 44%|████▍     | 278/630 [48:55<54:55,  9.36s/it]
 44%|████▍     | 279/630 [49:03<52:26,  8.96s/it]
 44%|████▍     | 280/630 [49:09<47:46,  8.19s/it]
 45%|████▍     | 281/630 [49:16<45:42,  7.86s/it]
 45%|████▍     | 282/630 [49:26<48:58,  8.44s/it]
 45%|████▍     | 283/630 [49:35<50:16,  8.69s/it]
 45%|████▌     | 284/630 [49:45<51:17,  8.89s/it]
 45%|████▌     | 285/630 [49:53<50:42,  8.82s/it]
 45%|████▌     | 286/630 [50:00<46:42,  8.15s/it]
 46%|████▌     | 287/630 [50:06<42:53,  7.50s/it]
 46%|████▌     | 288/630 [50:15<44:47,  7.86s/it]
 46%|████▌     | 289/630 [50:24<46:58,  8.26s/it]
 46%|████▌     | 290/630 [50:33<48:02,  8.48s/it]
 46%|████▌     | 291/630 [50:41<48:10,  8.53s/it]
 46%|████▋     | 292/630 [50:51<49:25,  8.77s/it]
 47%|████▋     | 293/630 [50:57<45:14,  8.06s/it]
 47%|████▋     | 294/630 [51:07<48:24,  8.64s/it]
 47%|████▋     | 295/630 [51:18<51:58,  9.31s/it]
 47%|████▋     | 296/630 [51:28<53:03,  9.53s/it]
 47%|████▋     | 297/630 [51:35<49:11,  8.86s/it]
 47%|████▋     | 298/630 [51:44<48:23,  8.75s/it]
 47%|████▋     | 299/630 [51:51<45:14,  8.20s/it]
 48%|████▊     | 300/630 [51:58<43:21,  7.88s/it]

eval:   0%|          | 0/80 [00:00<?, ?it/s][A

eval:   1%|▏         | 1/80 [00:01<02:01,  1.53s/it][A

eval:   2%|▎         | 2/80 [00:02<01:21,  1.04s/it][A

eval:   4%|▍         | 3/80 [00:04<01:58,  1.53s/it][A

eval:   5%|▌         | 4/80 [00:05<01:59,  1.57s/it][A

eval:   6%|▋         | 5/80 [00:07<01:54,  1.53s/it][A

eval:   8%|▊         | 6/80 [00:08<01:33,  1.26s/it][A

eval:   9%|▉         | 7/80 [00:10<01:50,  1.51s/it][A

eval:  10%|█         | 8/80 [00:11<01:36,  1.34s/it][A

eval:  11%|█▏        | 9/80 [00:12<01:34,  1.33s/it][A

eval:  12%|█▎        | 10/80 [00:13<01:24,  1.20s/it][A

eval:  14%|█▍        | 11/80 [00:15<01:37,  1.42s/it][A

eval:  15%|█▌        | 12/80 [00:16<01:25,  1.26s/it][A

eval:  16%|█▋        | 13/80 [00:17<01:32,  1.38s/it][A

eval:  18%|█▊        | 14/80 [00:18<01:19,  1.21s/it][A

eval:  19%|█▉        | 15/80 [00:20<01:21,  1.26s/it][A

eval:  20%|██        | 16/80 [00:21<01:21,  1.27s/it][A

eval:  21%|██▏       | 17/80 [00:22<01:21,  1.30s/it][A

eval:  22%|██▎       | 18/80 [00:24<01:21,  1.31s/it][A

eval:  24%|██▍       | 19/80 [00:24<01:09,  1.14s/it][A

eval:  25%|██▌       | 20/80 [00:26<01:27,  1.45s/it][A

eval:  26%|██▋       | 21/80 [00:27<01:14,  1.26s/it][A

eval:  28%|██▊       | 22/80 [00:29<01:26,  1.50s/it][A

eval:  29%|██▉       | 23/80 [00:30<01:15,  1.33s/it][A

eval:  30%|███       | 24/80 [00:32<01:15,  1.35s/it][A

eval:  31%|███▏      | 25/80 [00:33<01:15,  1.38s/it][A

eval:  32%|███▎      | 26/80 [00:34<01:13,  1.37s/it][A

eval:  34%|███▍      | 27/80 [00:35<01:05,  1.24s/it][A

eval:  35%|███▌      | 28/80 [00:36<00:58,  1.13s/it][A

eval:  36%|███▋      | 29/80 [00:37<00:52,  1.02s/it][A

eval:  38%|███▊      | 30/80 [00:38<00:47,  1.06it/s][A

eval:  39%|███▉      | 31/80 [00:39<00:43,  1.12it/s][A

eval:  40%|████      | 32/80 [00:40<00:47,  1.02it/s][A

eval:  41%|████▏     | 33/80 [00:41<00:44,  1.06it/s][A

eval:  42%|████▎     | 34/80 [00:42<00:52,  1.15s/it][A

eval:  44%|████▍     | 35/80 [00:43<00:47,  1.05s/it][A

eval:  45%|████▌     | 36/80 [00:45<00:58,  1.33s/it][A

eval:  46%|████▋     | 37/80 [00:46<00:52,  1.22s/it][A

eval:  48%|████▊     | 38/80 [00:47<00:52,  1.25s/it][A

eval:  49%|████▉     | 39/80 [00:49<00:52,  1.27s/it][A

eval:  50%|█████     | 40/80 [00:49<00:43,  1.09s/it][A

eval:  51%|█████▏    | 41/80 [00:52<00:56,  1.45s/it][A

eval:  52%|█████▎    | 42/80 [00:52<00:48,  1.26s/it][A

eval:  54%|█████▍    | 43/80 [00:55<00:58,  1.57s/it][A

eval:  55%|█████▌    | 44/80 [00:56<00:48,  1.34s/it][A

eval:  56%|█████▋    | 45/80 [00:56<00:41,  1.19s/it][A

eval:  57%|█████▊    | 46/80 [00:57<00:36,  1.06s/it][A

eval:  59%|█████▉    | 47/80 [00:58<00:33,  1.01s/it][A

eval:  60%|██████    | 48/80 [01:00<00:37,  1.17s/it][A

eval:  61%|██████▏   | 49/80 [01:00<00:33,  1.08s/it][A

eval:  62%|██████▎   | 50/80 [01:02<00:32,  1.08s/it][A

eval:  64%|██████▍   | 51/80 [01:02<00:29,  1.01s/it][A

eval:  65%|██████▌   | 52/80 [01:03<00:27,  1.01it/s][A

eval:  66%|██████▋   | 53/80 [01:04<00:27,  1.02s/it][A

eval:  68%|██████▊   | 54/80 [01:05<00:26,  1.00s/it][A

eval:  69%|██████▉   | 55/80 [01:06<00:24,  1.01it/s][A

eval:  70%|███████   | 56/80 [01:08<00:25,  1.06s/it][A

eval:  71%|███████▏  | 57/80 [01:08<00:23,  1.00s/it][A

eval:  72%|███████▎  | 58/80 [01:09<00:22,  1.03s/it][A

eval:  74%|███████▍  | 59/80 [01:11<00:23,  1.11s/it][A

eval:  75%|███████▌  | 60/80 [01:12<00:20,  1.01s/it][A

eval:  76%|███████▋  | 61/80 [01:13<00:24,  1.27s/it][A

eval:  78%|███████▊  | 62/80 [01:14<00:20,  1.13s/it][A

eval:  79%|███████▉  | 63/80 [01:16<00:20,  1.23s/it][A

eval:  80%|████████  | 64/80 [01:17<00:20,  1.26s/it][A

eval:  81%|████████▏ | 65/80 [01:18<00:19,  1.30s/it][A

eval:  82%|████████▎ | 66/80 [01:20<00:18,  1.34s/it][A

eval:  84%|████████▍ | 67/80 [01:21<00:15,  1.19s/it][A

eval:  85%|████████▌ | 68/80 [01:23<00:17,  1.44s/it][A

eval:  86%|████████▋ | 69/80 [01:24<00:13,  1.26s/it][A

eval:  88%|████████▊ | 70/80 [01:25<00:13,  1.32s/it][A

eval:  89%|████████▉ | 71/80 [01:26<00:10,  1.17s/it][A

eval:  90%|█████████ | 72/80 [01:27<00:08,  1.06s/it][A

eval:  91%|█████████▏| 73/80 [01:28<00:08,  1.16s/it][A

eval:  92%|█████████▎| 74/80 [01:29<00:06,  1.10s/it][A

eval:  94%|█████████▍| 75/80 [01:31<00:06,  1.23s/it][A

eval:  95%|█████████▌| 76/80 [01:32<00:04,  1.16s/it][A

eval:  96%|█████████▋| 77/80 [01:33<00:03,  1.15s/it][A

eval:  98%|█████████▊| 78/80 [01:34<00:02,  1.22s/it][A

eval:  99%|█████████▉| 79/80 [01:35<00:01,  1.20s/it][A

eval: 100%|██████████| 80/80 [01:37<00:00,  1.25s/it][A

                                                     [A2026-05-12 06:12:43 | INFO | __main__ | eval.py:43 | [EVAL_SAMPLE] idx=0 pred=false gold=barely-true output=Label: B explain=Hartzler said, "We have less Americans working now than in the ‘70s." The statistics Hartzler’s staff said she cited show the employment-population ratio and labor force participation rate was indeed higher in 1979 than in 2015. However,... prompt=<|im_start|>system
You are a careful fact-checking assistant for LIAR-RAW claims. Classify claims using only the claim and retrieved evidence supplied by the user.<|im_end|>
<|im_start|>user
Classify the claim into exactly one LIAR-RAW l...
2026-05-12 06:12:43 | INFO | __main__ | eval.py:43 | [EVAL_SAMPLE] idx=0 pred=false gold=barely-true output=Label: B explain=Hartzler said, "We have less Americans working now than in the ‘70s." The statistics Hartzler’s staff said she cited show the employment-population ratio and labor force participation rate was indeed higher in 1979 than in 2015. However,... prompt=<|im_start|>system
You are a careful fact-checking assistant for LIAR-RAW claims. Classify claims using only the claim and retrieved evidence supplied by the user.<|im_end|>
<|im_start|>user
Classify the claim into exactly one LIAR-RAW l...
2026-05-12 06:12:43 | INFO | __main__ | eval.py:43 | [EVAL_SAMPLE] idx=1 pred=false gold=pants-fire output=Label: B explain=Ellison used a Koran that once belonged to Thomas Jefferson, borrowing the rare book from the Library of Congress. It goes without saying that Ellison is not Obama. UPDATE: Barack Obama resigned from Trinity United Church of Christ on Ma... prompt=<|im_start|>system
You are a careful fact-checking assistant for LIAR-RAW claims. Classify claims using only the claim and retrieved evidence supplied by the user.<|im_end|>
<|im_start|>user
Classify the claim into exactly one LIAR-RAW l...
2026-05-12 06:12:43 | INFO | __main__ | eval.py:43 | [EVAL_SAMPLE] idx=1 pred=false gold=pants-fire output=Label: B explain=Ellison used a Koran that once belonged to Thomas Jefferson, borrowing the rare book from the Library of Congress. It goes without saying that Ellison is not Obama. UPDATE: Barack Obama resigned from Trinity United Church of Christ on Ma... prompt=<|im_start|>system
You are a careful fact-checking assistant for LIAR-RAW claims. Classify claims using only the claim and retrieved evidence supplied by the user.<|im_end|>
<|im_start|>user
Classify the claim into exactly one LIAR-RAW l...
2026-05-12 06:12:43 | INFO | __main__ | eval.py:43 | [EVAL_SAMPLE] idx=2 pred=barely-true gold=false output=Label: C explain=However, we have two professors who say the law is silent on political activity -- even if one of them sees an implicit prohibition -- and a plain reading of the law that states no explicit ban. Blumenauer said that "the statute a hundre... prompt=<|im_start|>system
You are a careful fact-checking assistant for LIAR-RAW claims. Classify claims using only the claim and retrieved evidence supplied by the user.<|im_end|>
<|im_start|>user
Classify the claim into exactly one LIAR-RAW l...
2026-05-12 06:12:43 | INFO | __main__ | trainer.py:566 | [eval] step=300 accuracy=0.2750 macro_precision=0.2823 macro_recall=0.2884 macro_f1=0.2748 parse_error_rate=0.0000
2026-05-12 06:12:43 | INFO | __main__ | trainer.py:566 | [eval] per_class:
2026-05-12 06:12:43 | INFO | __main__ | trainer.py:566 |   - barely-true: P=0.2281 R=0.3080 F1=0.2621
2026-05-12 06:12:43 | INFO | __main__ | trainer.py:566 |   - false: P=0.2816 R=0.3755 F1=0.3218
2026-05-12 06:12:43 | INFO | __main__ | trainer.py:566 |   - half-true: P=0.2571 R=0.1463 F1=0.1865
2026-05-12 06:12:43 | INFO | __main__ | trainer.py:566 |   - mostly-true: P=0.3333 R=0.1793 F1=0.2332
2026-05-12 06:12:43 | INFO | __main__ | trainer.py:566 |   - pants-fire: P=0.2840 R=0.4138 F1=0.3368
2026-05-12 06:12:43 | INFO | __main__ | trainer.py:566 |   - true: P=0.3095 R=0.3077 F1=0.3086
2026-05-12 06:12:47 | WARNING | sft.data.io | io.py:87 | [WARN] saved adapter has no LoRA tensors; rebuilding adapter weights from model state.
2026-05-12 06:12:47 | WARNING | sft.data.io | io.py:100 | [WARN] Rewrote /data/liaozijie/fact-checking/outputs/runs/mmr_lambda_sweep/build.retrieval.mmr_lambda-0.7__5385ea65/train/best/adapter_model.safetensors with 392 LoRA tensors collected from the in-memory model.
2026-05-12 06:12:51 | WARNING | sft.data.io | io.py:87 | [WARN] saved adapter has no LoRA tensors; rebuilding adapter weights from model state.
2026-05-12 06:12:52 | WARNING | sft.data.io | io.py:100 | [WARN] Rewrote /data/liaozijie/fact-checking/outputs/runs/mmr_lambda_sweep/build.retrieval.mmr_lambda-0.7__5385ea65/train/checkpoint-300/adapter_model.safetensors with 392 LoRA tensors collected from the in-memory model.

 48%|████▊     | 301/630 [53:56<3:44:22, 40.92s/it]
 48%|████▊     | 302/630 [54:05<2:51:16, 31.33s/it]
 48%|████▊     | 303/630 [54:13<2:12:35, 24.33s/it]
 48%|████▊     | 304/630 [54:22<1:46:59, 19.69s/it]
 48%|████▊     | 305/630 [54:30<1:28:27, 16.33s/it]
 49%|████▊     | 306/630 [54:36<1:10:21, 13.03s/it]
 49%|████▊     | 307/630 [54:48<1:08:41, 12.76s/it]
 49%|████▉     | 308/630 [54:59<1:05:41, 12.24s/it]
 49%|████▉     | 309/630 [55:09<1:01:44, 11.54s/it]
 49%|████▉     | 310/630 [55:16<54:52, 10.29s/it]  
 49%|████▉     | 311/630 [55:24<50:25,  9.49s/it]
 50%|████▉     | 312/630 [55:32<47:59,  9.05s/it]
 50%|████▉     | 313/630 [55:39<45:19,  8.58s/it]
 50%|████▉     | 314/630 [55:48<45:51,  8.71s/it]
 50%|█████     | 315/630 [55:53<39:08,  7.45s/it]
 50%|█████     | 316/630 [56:06<48:08,  9.20s/it]
 50%|█████     | 317/630 [56:16<49:13,  9.44s/it]
 50%|█████     | 318/630 [56:26<49:50,  9.58s/it]
 51%|█████     | 319/630 [56:33<45:34,  8.79s/it]
 51%|█████     | 320/630 [56:40<43:06,  8.34s/it]
 51%|█████     | 321/630 [56:47<40:31,  7.87s/it]
 51%|█████     | 322/630 [56:58<45:57,  8.95s/it]
 51%|█████▏    | 323/630 [57:07<46:04,  9.00s/it]
 51%|█████▏    | 324/630 [57:15<43:38,  8.56s/it]
 52%|█████▏    | 325/630 [57:24<43:31,  8.56s/it]
 52%|█████▏    | 326/630 [57:32<42:35,  8.41s/it]
 52%|█████▏    | 327/630 [57:40<42:17,  8.37s/it]
 52%|█████▏    | 328/630 [57:50<44:13,  8.79s/it]
 52%|█████▏    | 329/630 [58:01<47:51,  9.54s/it]
 52%|█████▏    | 330/630 [58:10<46:54,  9.38s/it]
 53%|█████▎    | 331/630 [58:19<46:06,  9.25s/it]
 53%|█████▎    | 332/630 [58:27<43:52,  8.83s/it]
 53%|█████▎    | 333/630 [58:33<40:24,  8.16s/it]
 53%|█████▎    | 334/630 [58:42<41:09,  8.34s/it]
 53%|█████▎    | 335/630 [58:54<46:09,  9.39s/it]
 53%|█████▎    | 336/630 [59:02<44:08,  9.01s/it]
 53%|█████▎    | 337/630 [59:10<42:49,  8.77s/it]
 54%|█████▎    | 338/630 [59:18<41:10,  8.46s/it]
 54%|█████▍    | 339/630 [59:25<38:31,  7.94s/it]
 54%|█████▍    | 340/630 [59:31<36:02,  7.46s/it]
 54%|█████▍    | 341/630 [59:43<42:25,  8.81s/it]
 54%|█████▍    | 342/630 [59:52<42:16,  8.81s/it]
 54%|█████▍    | 343/630 [1:00:00<41:16,  8.63s/it]
 55%|█████▍    | 344/630 [1:00:08<40:13,  8.44s/it]
 55%|█████▍    | 345/630 [1:00:16<39:30,  8.32s/it]
 55%|█████▍    | 346/630 [1:00:23<37:13,  7.86s/it]
 55%|█████▌    | 347/630 [1:00:36<44:05,  9.35s/it]
 55%|█████▌    | 348/630 [1:00:47<46:54,  9.98s/it]
 55%|█████▌    | 349/630 [1:00:55<43:22,  9.26s/it]
 56%|█████▌    | 350/630 [1:01:03<42:28,  9.10s/it]

eval:   0%|          | 0/80 [00:00<?, ?it/s][A

eval:   1%|▏         | 1/80 [00:01<01:50,  1.40s/it][A

eval:   2%|▎         | 2/80 [00:02<01:17,  1.01it/s][A

eval:   4%|▍         | 3/80 [00:02<01:10,  1.09it/s][A

eval:   5%|▌         | 4/80 [00:04<01:29,  1.18s/it][A

eval:   6%|▋         | 5/80 [00:05<01:18,  1.05s/it][A

eval:   8%|▊         | 6/80 [00:06<01:13,  1.00it/s][A

eval:   9%|▉         | 7/80 [00:07<01:24,  1.16s/it][A

eval:  10%|█         | 8/80 [00:09<01:27,  1.22s/it][A

eval:  11%|█▏        | 9/80 [00:10<01:29,  1.26s/it][A

eval:  12%|█▎        | 10/80 [00:11<01:20,  1.15s/it][A

eval:  14%|█▍        | 11/80 [00:13<01:44,  1.52s/it][A

eval:  15%|█▌        | 12/80 [00:14<01:30,  1.34s/it][A

eval:  16%|█▋        | 13/80 [00:16<01:38,  1.48s/it][A

eval:  18%|█▊        | 14/80 [00:17<01:24,  1.27s/it][A

eval:  19%|█▉        | 15/80 [00:19<01:39,  1.53s/it][A

eval:  20%|██        | 16/80 [00:20<01:23,  1.31s/it][A

eval:  21%|██▏       | 17/80 [00:21<01:26,  1.37s/it][A

eval:  22%|██▎       | 18/80 [00:23<01:24,  1.37s/it][A

eval:  24%|██▍       | 19/80 [00:24<01:23,  1.37s/it][A

eval:  25%|██▌       | 20/80 [00:25<01:26,  1.45s/it][A

eval:  26%|██▋       | 21/80 [00:27<01:24,  1.44s/it][A

eval:  28%|██▊       | 22/80 [00:28<01:12,  1.25s/it][A

eval:  29%|██▉       | 23/80 [00:29<01:06,  1.16s/it][A

eval:  30%|███       | 24/80 [00:30<01:02,  1.12s/it][A

eval:  31%|███▏      | 25/80 [00:30<00:55,  1.01s/it][A

eval:  32%|███▎      | 26/80 [00:31<00:50,  1.08it/s][A

eval:  34%|███▍      | 27/80 [00:32<00:51,  1.02it/s][A

eval:  35%|███▌      | 28/80 [00:33<00:48,  1.06it/s][A

eval:  36%|███▋      | 29/80 [00:34<00:48,  1.05it/s][A

eval:  38%|███▊      | 30/80 [00:35<00:50,  1.01s/it][A

eval:  39%|███▉      | 31/80 [00:36<00:46,  1.06it/s][A

eval:  40%|████      | 32/80 [00:38<00:58,  1.21s/it][A

eval:  41%|████▏     | 33/80 [00:39<00:51,  1.10s/it][A

eval:  42%|████▎     | 34/80 [00:40<00:55,  1.20s/it][A

eval:  44%|████▍     | 35/80 [00:41<00:55,  1.22s/it][A

eval:  45%|████▌     | 36/80 [00:43<00:56,  1.29s/it][A

eval:  46%|████▋     | 37/80 [00:44<00:58,  1.36s/it][A

eval:  48%|████▊     | 38/80 [00:46<00:58,  1.39s/it][A

eval:  49%|████▉     | 39/80 [00:47<00:57,  1.40s/it][A

eval:  50%|█████     | 40/80 [00:48<00:47,  1.18s/it][A

eval:  51%|█████▏    | 41/80 [00:49<00:45,  1.17s/it][A

eval:  52%|█████▎    | 42/80 [00:50<00:40,  1.07s/it][A

eval:  54%|█████▍    | 43/80 [00:51<00:39,  1.06s/it][A

eval:  55%|█████▌    | 44/80 [00:52<00:35,  1.01it/s][A

eval:  56%|█████▋    | 45/80 [00:53<00:33,  1.05it/s][A

eval:  57%|█████▊    | 46/80 [00:54<00:32,  1.04it/s][A

eval:  59%|█████▉    | 47/80 [00:54<00:30,  1.09it/s][A

eval:  60%|██████    | 48/80 [00:56<00:38,  1.21s/it][A

eval:  61%|██████▏   | 49/80 [00:57<00:34,  1.10s/it][A

eval:  62%|██████▎   | 50/80 [00:58<00:30,  1.00s/it][A

eval:  64%|██████▍   | 51/80 [01:00<00:35,  1.22s/it][A

eval:  65%|██████▌   | 52/80 [01:01<00:31,  1.13s/it][A

eval:  66%|██████▋   | 53/80 [01:02<00:31,  1.16s/it][A

eval:  68%|██████▊   | 54/80 [01:03<00:33,  1.28s/it][A

eval:  69%|██████▉   | 55/80 [01:05<00:33,  1.33s/it][A

eval:  70%|███████   | 56/80 [01:06<00:32,  1.37s/it][A

eval:  71%|███████▏  | 57/80 [01:07<00:27,  1.22s/it][A

eval:  72%|███████▎  | 58/80 [01:09<00:32,  1.46s/it][A

eval:  74%|███████▍  | 59/80 [01:10<00:26,  1.26s/it][A

eval:  75%|███████▌  | 60/80 [01:11<00:26,  1.31s/it][A

eval:  76%|███████▋  | 61/80 [01:12<00:21,  1.14s/it][A

eval:  78%|███████▊  | 62/80 [01:13<00:18,  1.04s/it][A

eval:  79%|███████▉  | 63/80 [01:15<00:20,  1.19s/it][A

eval:  80%|████████  | 64/80 [01:15<00:17,  1.10s/it][A

eval:  81%|████████▏ | 65/80 [01:16<00:14,  1.00it/s][A

eval:  82%|████████▎ | 66/80 [01:18<00:15,  1.11s/it][A

eval:  84%|████████▍ | 67/80 [01:19<00:14,  1.11s/it][A

eval:  85%|████████▌ | 68/80 [01:20<00:14,  1.20s/it][A

eval:  86%|████████▋ | 69/80 [01:21<00:11,  1.09s/it][A

eval:  88%|████████▊ | 70/80 [01:22<00:11,  1.14s/it][A

eval:  89%|████████▉ | 71/80 [01:24<00:11,  1.22s/it][A

eval:  90%|█████████ | 72/80 [01:25<00:09,  1.24s/it][A

eval:  91%|█████████▏| 73/80 [01:26<00:08,  1.29s/it][A

eval:  92%|█████████▎| 74/80 [01:27<00:06,  1.14s/it][A

eval:  94%|█████████▍| 75/80 [01:29<00:07,  1.41s/it][A

eval:  95%|█████████▌| 76/80 [01:30<00:05,  1.29s/it][A

eval:  96%|█████████▋| 77/80 [01:31<00:03,  1.32s/it][A

eval:  98%|█████████▊| 78/80 [01:32<00:02,  1.16s/it][A

eval:  99%|█████████▉| 79/80 [01:33<00:01,  1.05s/it][A

eval: 100%|██████████| 80/80 [01:34<00:00,  1.15s/it][A

                                                     [A2026-05-12 06:21:47 | INFO | __main__ | eval.py:43 | [EVAL_SAMPLE] idx=0 pred=false gold=barely-true output=Label: B explain=Hartzler said, "We have less Americans working now than in the ‘70s." The statistics Hartzler’s staff said she cited show the employment-population ratio and labor force participation rate was indeed higher in 1979 than in 2015. However,... prompt=<|im_start|>system
You are a careful fact-checking assistant for LIAR-RAW claims. Classify claims using only the claim and retrieved evidence supplied by the user.<|im_end|>
<|im_start|>user
Classify the claim into exactly one LIAR-RAW l...
2026-05-12 06:21:47 | INFO | __main__ | eval.py:43 | [EVAL_SAMPLE] idx=0 pred=false gold=barely-true output=Label: B explain=Hartzler said, "We have less Americans working now than in the ‘70s." The statistics Hartzler’s staff said she cited show the employment-population ratio and labor force participation rate was indeed higher in 1979 than in 2015. However,... prompt=<|im_start|>system
You are a careful fact-checking assistant for LIAR-RAW claims. Classify claims using only the claim and retrieved evidence supplied by the user.<|im_end|>
<|im_start|>user
Classify the claim into exactly one LIAR-RAW l...
2026-05-12 06:21:47 | INFO | __main__ | eval.py:43 | [EVAL_SAMPLE] idx=1 pred=false gold=pants-fire output=Label: B explain=Ellison used a Koran that once belonged to Thomas Jefferson, borrowing the rare book from the Library of Congress. It goes without saying that Ellison is not Obama. UPDATE: Barack Obama resigned from Trinity United Church of Christ on Ma... prompt=<|im_start|>system
You are a careful fact-checking assistant for LIAR-RAW claims. Classify claims using only the claim and retrieved evidence supplied by the user.<|im_end|>
<|im_start|>user
Classify the claim into exactly one LIAR-RAW l...
2026-05-12 06:21:47 | INFO | __main__ | eval.py:43 | [EVAL_SAMPLE] idx=1 pred=false gold=pants-fire output=Label: B explain=Ellison used a Koran that once belonged to Thomas Jefferson, borrowing the rare book from the Library of Congress. It goes without saying that Ellison is not Obama. UPDATE: Barack Obama resigned from Trinity United Church of Christ on Ma... prompt=<|im_start|>system
You are a careful fact-checking assistant for LIAR-RAW claims. Classify claims using only the claim and retrieved evidence supplied by the user.<|im_end|>
<|im_start|>user
Classify the claim into exactly one LIAR-RAW l...
2026-05-12 06:21:47 | INFO | __main__ | eval.py:43 | [EVAL_SAMPLE] idx=2 pred=mostly-true gold=false output=Label: E explain=However, we have two professors who say the law is silent on political activity -- even if one of them sees an implicit prohibition -- and a plain reading of the law that states no explicit ban. Blumenauer said that "the statute a hundre... prompt=<|im_start|>system
You are a careful fact-checking assistant for LIAR-RAW claims. Classify claims using only the claim and retrieved evidence supplied by the user.<|im_end|>
<|im_start|>user
Classify the claim into exactly one LIAR-RAW l...
2026-05-12 06:21:47 | INFO | __main__ | trainer.py:566 | [eval] step=350 accuracy=0.2867 macro_precision=0.2958 macro_recall=0.2988 macro_f1=0.2856 parse_error_rate=0.0000
2026-05-12 06:21:47 | INFO | __main__ | trainer.py:566 | [eval] per_class:
2026-05-12 06:21:47 | INFO | __main__ | trainer.py:566 |   - barely-true: P=0.2574 R=0.3291 F1=0.2889
2026-05-12 06:21:47 | INFO | __main__ | trainer.py:566 |   - false: P=0.2730 R=0.3755 F1=0.3161
2026-05-12 06:21:47 | INFO | __main__ | trainer.py:566 |   - half-true: P=0.2815 R=0.1545 F1=0.1995
2026-05-12 06:21:47 | INFO | __main__ | trainer.py:566 |   - mostly-true: P=0.3750 R=0.2032 F1=0.2636
2026-05-12 06:21:47 | INFO | __main__ | trainer.py:566 |   - pants-fire: P=0.2701 R=0.4052 F1=0.3241
2026-05-12 06:21:47 | INFO | __main__ | trainer.py:566 |   - true: P=0.3179 R=0.3254 F1=0.3216
2026-05-12 06:21:50 | WARNING | sft.data.io | io.py:87 | [WARN] saved adapter has no LoRA tensors; rebuilding adapter weights from model state.
2026-05-12 06:21:51 | WARNING | sft.data.io | io.py:100 | [WARN] Rewrote /data/liaozijie/fact-checking/outputs/runs/mmr_lambda_sweep/build.retrieval.mmr_lambda-0.7__5385ea65/train/best/adapter_model.safetensors with 392 LoRA tensors collected from the in-memory model.
2026-05-12 06:21:54 | WARNING | sft.data.io | io.py:87 | [WARN] saved adapter has no LoRA tensors; rebuilding adapter weights from model state.
2026-05-12 06:21:54 | WARNING | sft.data.io | io.py:100 | [WARN] Rewrote /data/liaozijie/fact-checking/outputs/runs/mmr_lambda_sweep/build.retrieval.mmr_lambda-0.7__5385ea65/train/checkpoint-350/adapter_model.safetensors with 392 LoRA tensors collected from the in-memory model.

 56%|█████▌    | 351/630 [1:02:52<3:00:47, 38.88s/it]
 56%|█████▌    | 352/630 [1:02:59<2:16:06, 29.38s/it]
 56%|█████▌    | 353/630 [1:03:08<1:47:36, 23.31s/it]
 56%|█████▌    | 354/630 [1:03:18<1:28:25, 19.22s/it]
 56%|█████▋    | 355/630 [1:03:28<1:15:51, 16.55s/it]
 57%|█████▋    | 356/630 [1:03:35<1:02:21, 13.66s/it]
 57%|█████▋    | 357/630 [1:03:43<54:11, 11.91s/it]  
 57%|█████▋    | 358/630 [1:03:50<47:48, 10.54s/it]
 57%|█████▋    | 359/630 [1:04:00<46:08, 10.21s/it]
 57%|█████▋    | 360/630 [1:04:11<47:34, 10.57s/it]
 57%|█████▋    | 361/630 [1:04:20<45:03, 10.05s/it]
 57%|█████▋    | 362/630 [1:04:29<42:51,  9.60s/it]
 58%|█████▊    | 363/630 [1:04:38<42:08,  9.47s/it]
 58%|█████▊    | 364/630 [1:04:46<40:01,  9.03s/it]
 58%|█████▊    | 365/630 [1:04:52<35:55,  8.13s/it]
 58%|█████▊    | 366/630 [1:05:05<42:08,  9.58s/it]
 58%|█████▊    | 367/630 [1:05:14<41:48,  9.54s/it]
 58%|█████▊    | 368/630 [1:05:23<40:28,  9.27s/it]
 59%|█████▊    | 369/630 [1:05:31<38:22,  8.82s/it]
 59%|█████▊    | 370/630 [1:05:38<36:23,  8.40s/it]
 59%|█████▉    | 371/630 [1:05:45<34:28,  7.99s/it]
 59%|█████▉    | 372/630 [1:05:57<39:29,  9.18s/it]
 59%|█████▉    | 373/630 [1:06:08<41:35,  9.71s/it]
 59%|█████▉    | 374/630 [1:06:16<39:47,  9.33s/it]
 60%|█████▉    | 375/630 [1:06:25<38:38,  9.09s/it]
 60%|█████▉    | 376/630 [1:06:32<36:04,  8.52s/it]
 60%|█████▉    | 377/630 [1:06:40<35:06,  8.33s/it]
 60%|██████    | 378/630 [1:06:48<34:45,  8.28s/it]
 60%|██████    | 379/630 [1:06:56<34:47,  8.32s/it]
 60%|██████    | 380/630 [1:07:06<35:45,  8.58s/it]
 60%|██████    | 381/630 [1:07:15<36:28,  8.79s/it]
 61%|██████    | 382/630 [1:07:23<35:56,  8.70s/it]
 61%|██████    | 383/630 [1:07:31<34:22,  8.35s/it]
 61%|██████    | 384/630 [1:07:40<35:27,  8.65s/it]
 61%|██████    | 385/630 [1:07:50<36:37,  8.97s/it]
 61%|██████▏   | 386/630 [1:07:59<36:23,  8.95s/it]
 61%|██████▏   | 387/630 [1:08:08<36:17,  8.96s/it]
 62%|██████▏   | 388/630 [1:08:16<35:14,  8.74s/it]
 62%|██████▏   | 389/630 [1:08:24<33:49,  8.42s/it]
 62%|██████▏   | 390/630 [1:08:30<30:49,  7.71s/it]
 62%|██████▏   | 391/630 [1:08:41<34:36,  8.69s/it]
 62%|██████▏   | 392/630 [1:08:50<34:55,  8.80s/it]
 62%|██████▏   | 393/630 [1:08:59<34:59,  8.86s/it]
 63%|██████▎   | 394/630 [1:09:08<34:54,  8.88s/it]
 63%|██████▎   | 395/630 [1:09:16<33:22,  8.52s/it]
 63%|██████▎   | 396/630 [1:09:22<30:48,  7.90s/it]
 63%|██████▎   | 397/630 [1:09:35<36:17,  9.35s/it]
 63%|██████▎   | 398/630 [1:09:45<37:06,  9.60s/it]
 63%|██████▎   | 399/630 [1:09:54<36:12,  9.40s/it]
 63%|██████▎   | 400/630 [1:10:03<35:35,  9.29s/it]

eval:   0%|          | 0/80 [00:00<?, ?it/s][A

eval:   1%|▏         | 1/80 [00:00<01:09,  1.14it/s][A

eval:   2%|▎         | 2/80 [00:01<01:00,  1.28it/s][A

eval:   4%|▍         | 3/80 [00:03<01:22,  1.07s/it][A

eval:   5%|▌         | 4/80 [00:04<01:19,  1.05s/it][A

eval:   6%|▋         | 5/80 [00:05<01:17,  1.04s/it][A

eval:   8%|▊         | 6/80 [00:06<01:25,  1.16s/it][A

eval:   9%|▉         | 7/80 [00:07<01:16,  1.05s/it][A

eval:  10%|█         | 8/80 [00:09<01:33,  1.30s/it][A

eval:  11%|█▏        | 9/80 [00:09<01:18,  1.11s/it][A

eval:  12%|█▎        | 10/80 [00:11<01:22,  1.18s/it][A

eval:  14%|█▍        | 11/80 [00:12<01:24,  1.22s/it][A

eval:  15%|█▌        | 12/80 [00:13<01:27,  1.29s/it][A

eval:  16%|█▋        | 13/80 [00:14<01:16,  1.14s/it][A

eval:  18%|█▊        | 14/80 [00:15<01:10,  1.06s/it][A

eval:  19%|█▉        | 15/80 [00:17<01:18,  1.21s/it][A

eval:  20%|██        | 16/80 [00:17<01:09,  1.09s/it][A

eval:  21%|██▏       | 17/80 [00:19<01:10,  1.12s/it][A

eval:  22%|██▎       | 18/80 [00:20<01:13,  1.19s/it][A

eval:  24%|██▍       | 19/80 [00:21<01:04,  1.06s/it][A

eval:  25%|██▌       | 20/80 [00:23<01:21,  1.36s/it][A

eval:  26%|██▋       | 21/80 [00:24<01:10,  1.20s/it][A

eval:  28%|██▊       | 22/80 [00:25<01:21,  1.40s/it][A

eval:  29%|██▉       | 23/80 [00:26<01:11,  1.26s/it][A

eval:  30%|███       | 24/80 [00:29<01:25,  1.52s/it][A

eval:  31%|███▏      | 25/80 [00:29<01:10,  1.29s/it][A

eval:  32%|███▎      | 26/80 [00:31<01:10,  1.31s/it][A

eval:  34%|███▍      | 27/80 [00:32<01:12,  1.38s/it][A

eval:  35%|███▌      | 28/80 [00:34<01:13,  1.41s/it][A

eval:  36%|███▋      | 29/80 [00:35<01:12,  1.42s/it][A

eval:  38%|███▊      | 30/80 [00:37<01:11,  1.43s/it][A

eval:  39%|███▉      | 31/80 [00:37<01:00,  1.24s/it][A

eval:  40%|████      | 32/80 [00:38<00:56,  1.17s/it][A

eval:  41%|████▏     | 33/80 [00:40<00:59,  1.26s/it][A

eval:  42%|████▎     | 34/80 [00:41<00:57,  1.24s/it][A

eval:  44%|████▍     | 35/80 [00:43<00:59,  1.32s/it][A

eval:  45%|████▌     | 36/80 [00:43<00:52,  1.20s/it][A

eval:  46%|████▋     | 37/80 [00:45<00:52,  1.21s/it][A

eval:  48%|████▊     | 38/80 [00:46<00:54,  1.29s/it][A

eval:  49%|████▉     | 39/80 [00:47<00:52,  1.29s/it][A

eval:  50%|█████     | 40/80 [00:49<00:52,  1.31s/it][A

eval:  51%|█████▏    | 41/80 [00:50<00:54,  1.41s/it][A

eval:  52%|█████▎    | 42/80 [00:51<00:46,  1.23s/it][A

eval:  54%|█████▍    | 43/80 [00:52<00:43,  1.17s/it][A

eval:  55%|█████▌    | 44/80 [00:54<00:44,  1.24s/it][A

eval:  56%|█████▋    | 45/80 [00:55<00:39,  1.12s/it][A

eval:  57%|█████▊    | 46/80 [00:55<00:35,  1.03s/it][A

eval:  59%|█████▉    | 47/80 [00:57<00:38,  1.16s/it][A

eval:  60%|██████    | 48/80 [00:58<00:39,  1.24s/it][A

eval:  61%|██████▏   | 49/80 [01:00<00:41,  1.34s/it][A

eval:  62%|██████▎   | 50/80 [01:01<00:35,  1.17s/it][A

eval:  64%|██████▍   | 51/80 [01:02<00:34,  1.18s/it][A

eval:  65%|██████▌   | 52/80 [01:03<00:35,  1.28s/it][A

eval:  66%|██████▋   | 53/80 [01:05<00:34,  1.28s/it][A

eval:  68%|██████▊   | 54/80 [01:06<00:35,  1.36s/it][A

eval:  69%|██████▉   | 55/80 [01:08<00:34,  1.39s/it][A

eval:  70%|███████   | 56/80 [01:09<00:33,  1.40s/it][A

eval:  71%|███████▏  | 57/80 [01:10<00:32,  1.41s/it][A

eval:  72%|███████▎  | 58/80 [01:12<00:31,  1.41s/it][A

eval:  74%|███████▍  | 59/80 [01:13<00:25,  1.22s/it][A

eval:  75%|███████▌  | 60/80 [01:15<00:29,  1.45s/it][A

eval:  76%|███████▋  | 61/80 [01:15<00:23,  1.25s/it][A

eval:  78%|███████▊  | 62/80 [01:18<00:27,  1.53s/it][A

eval:  79%|███████▉  | 63/80 [01:19<00:22,  1.35s/it][A

eval:  80%|████████  | 64/80 [01:19<00:18,  1.16s/it][A

eval:  81%|████████▏ | 65/80 [01:20<00:15,  1.05s/it][A

eval:  82%|████████▎ | 66/80 [01:21<00:13,  1.04it/s][A

eval:  84%|████████▍ | 67/80 [01:22<00:12,  1.04it/s][A

eval:  85%|████████▌ | 68/80 [01:23<00:10,  1.10it/s][A

eval:  86%|████████▋ | 69/80 [01:24<00:10,  1.06it/s][A

eval:  88%|████████▊ | 70/80 [01:25<00:10,  1.03s/it][A

eval:  89%|████████▉ | 71/80 [01:26<00:08,  1.03it/s][A

eval:  90%|█████████ | 72/80 [01:27<00:08,  1.03s/it][A

eval:  91%|█████████▏| 73/80 [01:28<00:07,  1.09s/it][A

eval:  92%|█████████▎| 74/80 [01:29<00:06,  1.00s/it][A

eval:  94%|█████████▍| 75/80 [01:31<00:06,  1.29s/it][A

eval:  95%|█████████▌| 76/80 [01:32<00:04,  1.20s/it][A

eval:  96%|█████████▋| 77/80 [01:34<00:04,  1.42s/it][A

eval:  98%|█████████▊| 78/80 [01:34<00:02,  1.22s/it][A

eval:  99%|█████████▉| 79/80 [01:36<00:01,  1.46s/it][A

eval: 100%|██████████| 80/80 [01:37<00:00,  1.26s/it][A

                                                     [A2026-05-12 06:30:49 | INFO | __main__ | eval.py:43 | [EVAL_SAMPLE] idx=0 pred=pants-fire gold=barely-true output=Label: A explain=Hartzler said, "We have less Americans working now than in the ‘70s." The statistics Hartzler’s staff said she cited show the employment-population ratio and labor force participation rate was indeed higher in 1979 than in 2015. However,... prompt=<|im_start|>system
You are a careful fact-checking assistant for LIAR-RAW claims. Classify claims using only the claim and retrieved evidence supplied by the user.<|im_end|>
<|im_start|>user
Classify the claim into exactly one LIAR-RAW l...
2026-05-12 06:30:49 | INFO | __main__ | eval.py:43 | [EVAL_SAMPLE] idx=0 pred=false gold=barely-true output=Label: B explain=Hartzler said, "We have less Americans working now than in the ‘70s." The statistics Hartzler’s staff said she cited show the employment-population ratio and labor force participation rate was indeed higher in 1979 than in 2015. However,... prompt=<|im_start|>system
You are a careful fact-checking assistant for LIAR-RAW claims. Classify claims using only the claim and retrieved evidence supplied by the user.<|im_end|>
<|im_start|>user
Classify the claim into exactly one LIAR-RAW l...
2026-05-12 06:30:49 | INFO | __main__ | eval.py:43 | [EVAL_SAMPLE] idx=1 pred=false gold=pants-fire output=Label: B explain=Ellison used a Koran that once belonged to Thomas Jefferson, borrowing the rare book from the Library of Congress. It goes without saying that Ellison is not Obama. UPDATE: Barack Obama resigned from Trinity United Church of Christ on Ma... prompt=<|im_start|>system
You are a careful fact-checking assistant for LIAR-RAW claims. Classify claims using only the claim and retrieved evidence supplied by the user.<|im_end|>
<|im_start|>user
Classify the claim into exactly one LIAR-RAW l...
2026-05-12 06:30:49 | INFO | __main__ | eval.py:43 | [EVAL_SAMPLE] idx=1 pred=false gold=pants-fire output=Label: B explain=Ellison used a Koran that once belonged to Thomas Jefferson, borrowing the rare book from the Library of Congress. It goes without saying that Ellison is not Obama. UPDATE: Barack Obama resigned from Trinity United Church of Christ on Ma... prompt=<|im_start|>system
You are a careful fact-checking assistant for LIAR-RAW claims. Classify claims using only the claim and retrieved evidence supplied by the user.<|im_end|>
<|im_start|>user
Classify the claim into exactly one LIAR-RAW l...
2026-05-12 06:30:49 | INFO | __main__ | eval.py:43 | [EVAL_SAMPLE] idx=2 pred=barely-true gold=false output=Label: C explain=However, we have two professors who say the law is silent on political activity -- even if one of them sees an implicit prohibition -- and a plain reading of the law that states no explicit ban. Blumenauer said that "the statute a hundre... prompt=<|im_start|>system
You are a careful fact-checking assistant for LIAR-RAW claims. Classify claims using only the claim and retrieved evidence supplied by the user.<|im_end|>
<|im_start|>user
Classify the claim into exactly one LIAR-RAW l...
2026-05-12 06:30:49 | INFO | __main__ | trainer.py:566 | [eval] step=400 accuracy=0.2734 macro_precision=0.2777 macro_recall=0.2937 macro_f1=0.2722 parse_error_rate=0.0000
2026-05-12 06:30:49 | INFO | __main__ | trainer.py:566 | [eval] per_class:
2026-05-12 06:30:49 | INFO | __main__ | trainer.py:566 |   - barely-true: P=0.2355 R=0.2574 F1=0.2460
2026-05-12 06:30:49 | INFO | __main__ | trainer.py:566 |   - false: P=0.2759 R=0.3678 F1=0.3153
2026-05-12 06:30:49 | INFO | __main__ | trainer.py:566 |   - half-true: P=0.2578 R=0.1341 F1=0.1765
2026-05-12 06:30:49 | INFO | __main__ | trainer.py:566 |   - mostly-true: P=0.3514 R=0.2072 F1=0.2607
2026-05-12 06:30:49 | INFO | __main__ | trainer.py:566 |   - pants-fire: P=0.2661 R=0.5000 F1=0.3473
2026-05-12 06:30:49 | INFO | __main__ | trainer.py:566 |   - true: P=0.2793 R=0.2959 F1=0.2874
2026-05-12 06:30:55 | WARNING | sft.data.io | io.py:87 | [WARN] saved adapter has no LoRA tensors; rebuilding adapter weights from model state.
2026-05-12 06:30:55 | WARNING | sft.data.io | io.py:100 | [WARN] Rewrote /data/liaozijie/fact-checking/outputs/runs/mmr_lambda_sweep/build.retrieval.mmr_lambda-0.7__5385ea65/train/checkpoint-400/adapter_model.safetensors with 392 LoRA tensors collected from the in-memory model.

 64%|██████▎   | 401/630 [1:11:53<2:30:57, 39.55s/it]
 64%|██████▍   | 402/630 [1:12:01<1:53:47, 29.94s/it]
 64%|██████▍   | 403/630 [1:12:11<1:31:03, 24.07s/it]
 64%|██████▍   | 404/630 [1:12:22<1:15:52, 20.14s/it]
 64%|██████▍   | 405/630 [1:12:32<1:04:23, 17.17s/it]
 64%|██████▍   | 406/630 [1:12:39<53:04, 14.22s/it]  
 65%|██████▍   | 407/630 [1:12:47<45:24, 12.22s/it]
 65%|██████▍   | 408/630 [1:12:54<38:52, 10.50s/it]
 65%|██████▍   | 409/630 [1:13:02<36:15,  9.84s/it]
 65%|██████▌   | 410/630 [1:13:12<36:18,  9.90s/it]swanlab: [2026.05.12 06:32:23] network error, swanlab will resume uploads when the network improves

 65%|██████▌   | 411/630 [1:13:21<35:17,  9.67s/it]
 65%|██████▌   | 412/630 [1:13:30<34:36,  9.53s/it]
 66%|██████▌   | 413/630 [1:13:38<32:23,  8.96s/it]
 66%|██████▌   | 414/630 [1:13:45<30:14,  8.40s/it]
 66%|██████▌   | 415/630 [1:13:51<27:29,  7.67s/it]
 66%|██████▌   | 416/630 [1:14:03<32:23,  9.08s/it]
 66%|██████▌   | 417/630 [1:14:14<33:58,  9.57s/it]
 66%|██████▋   | 418/630 [1:14:23<33:40,  9.53s/it]
 67%|██████▋   | 419/630 [1:14:32<32:42,  9.30s/it]
 67%|██████▋   | 420/630 [1:14:38<28:58,  8.28s/it]
 67%|██████▋   | 421/630 [1:14:45<27:22,  7.86s/it]
 67%|██████▋   | 422/630 [1:14:57<31:39,  9.13s/it]
 67%|██████▋   | 423/630 [1:15:08<33:23,  9.68s/it]
 67%|██████▋   | 424/630 [1:15:18<33:10,  9.66s/it]
 67%|██████▋   | 425/630 [1:15:26<31:35,  9.25s/it]
 68%|██████▊   | 426/630 [1:15:33<29:36,  8.71s/it]
 68%|██████▊   | 427/630 [1:15:40<27:16,  8.06s/it]
 68%|██████▊   | 428/630 [1:15:51<30:21,  9.02s/it]
 68%|██████▊   | 429/630 [1:16:02<32:05,  9.58s/it]
 68%|██████▊   | 430/630 [1:16:11<30:59,  9.30s/it]
 68%|██████▊   | 431/630 [1:16:19<30:20,  9.15s/it]
 69%|██████▊   | 432/630 [1:16:27<29:00,  8.79s/it]
 69%|██████▊   | 433/630 [1:16:34<26:46,  8.16s/it]
 69%|██████▉   | 434/630 [1:16:46<30:06,  9.22s/it]
 69%|██████▉   | 435/630 [1:16:58<32:43, 10.07s/it]
 69%|██████▉   | 436/630 [1:17:07<31:49,  9.84s/it]
 69%|██████▉   | 437/630 [1:17:16<31:04,  9.66s/it]
 70%|██████▉   | 438/630 [1:17:24<29:05,  9.09s/it]
 70%|██████▉   | 439/630 [1:17:32<27:21,  8.59s/it]
 70%|██████▉   | 440/630 [1:17:38<24:47,  7.83s/it]
 70%|███████   | 441/630 [1:17:49<27:58,  8.88s/it]
 70%|███████   | 442/630 [1:17:59<29:02,  9.27s/it]
 70%|███████   | 443/630 [1:18:07<27:17,  8.76s/it]
 70%|███████   | 444/630 [1:18:14<25:41,  8.29s/it]
 71%|███████   | 445/630 [1:18:22<25:31,  8.28s/it]
 71%|███████   | 446/630 [1:18:28<22:47,  7.43s/it]
 71%|███████   | 447/630 [1:18:38<25:38,  8.41s/it]
 71%|███████   | 448/630 [1:18:49<27:35,  9.09s/it]
 71%|███████▏  | 449/630 [1:18:59<28:03,  9.30s/it]
 71%|███████▏  | 450/630 [1:19:06<25:41,  8.56s/it]

eval:   0%|          | 0/80 [00:00<?, ?it/s][A

eval:   1%|▏         | 1/80 [00:00<01:08,  1.16it/s][A

eval:   2%|▎         | 2/80 [00:01<01:09,  1.12it/s][A

eval:   4%|▍         | 3/80 [00:03<01:23,  1.08s/it][A

eval:   5%|▌         | 4/80 [00:04<01:19,  1.05s/it][A

eval:   6%|▋         | 5/80 [00:05<01:21,  1.08s/it][A

eval:   8%|▊         | 6/80 [00:06<01:25,  1.15s/it][A

eval:   9%|▉         | 7/80 [00:07<01:16,  1.05s/it][A

eval:  10%|█         | 8/80 [00:09<01:38,  1.36s/it][A

eval:  11%|█▏        | 9/80 [00:10<01:22,  1.16s/it][A

eval:  12%|█▎        | 10/80 [00:12<01:41,  1.45s/it][A

eval:  14%|█▍        | 11/80 [00:13<01:36,  1.40s/it][A

eval:  15%|█▌        | 12/80 [00:14<01:36,  1.42s/it][A

eval:  16%|█▋        | 13/80 [00:15<01:23,  1.25s/it][A

eval:  18%|█▊        | 14/80 [00:17<01:24,  1.29s/it][A

eval:  19%|█▉        | 15/80 [00:18<01:17,  1.20s/it][A

eval:  20%|██        | 16/80 [00:19<01:11,  1.12s/it][A

eval:  21%|██▏       | 17/80 [00:20<01:19,  1.26s/it][A

eval:  22%|██▎       | 18/80 [00:21<01:08,  1.10s/it][A

eval:  24%|██▍       | 19/80 [00:23<01:18,  1.29s/it][A

eval:  25%|██▌       | 20/80 [00:24<01:12,  1.21s/it][A

eval:  26%|██▋       | 21/80 [00:25<01:11,  1.22s/it][A

eval:  28%|██▊       | 22/80 [00:26<01:15,  1.30s/it][A

eval:  29%|██▉       | 23/80 [00:28<01:16,  1.34s/it][A

eval:  30%|███       | 24/80 [00:30<01:21,  1.46s/it][A

eval:  31%|███▏      | 25/80 [00:31<01:17,  1.41s/it][A

eval:  32%|███▎      | 26/80 [00:32<01:05,  1.22s/it][A

eval:  34%|███▍      | 27/80 [00:33<01:00,  1.15s/it][A

eval:  35%|███▌      | 28/80 [00:34<01:06,  1.27s/it][A

eval:  36%|███▋      | 29/80 [00:35<00:57,  1.12s/it][A

eval:  38%|███▊      | 30/80 [00:36<00:53,  1.08s/it][A

eval:  39%|███▉      | 31/80 [00:37<00:57,  1.18s/it][A

eval:  40%|████      | 32/80 [00:39<00:59,  1.23s/it][A

eval:  41%|████▏     | 33/80 [00:40<00:52,  1.12s/it][A

eval:  42%|████▎     | 34/80 [00:41<00:50,  1.10s/it][A

eval:  44%|████▍     | 35/80 [00:42<00:52,  1.16s/it][A

eval:  45%|████▌     | 36/80 [00:43<00:47,  1.09s/it][A

eval:  46%|████▋     | 37/80 [00:44<00:47,  1.11s/it][A

eval:  48%|████▊     | 38/80 [00:45<00:48,  1.16s/it][A

eval:  49%|████▉     | 39/80 [00:46<00:47,  1.17s/it][A

eval:  50%|█████     | 40/80 [00:48<00:48,  1.20s/it][A

eval:  51%|█████▏    | 41/80 [00:49<00:46,  1.18s/it][A

eval:  52%|█████▎    | 42/80 [00:51<00:53,  1.39s/it][A

eval:  54%|█████▍    | 43/80 [00:52<00:47,  1.28s/it][A

eval:  55%|█████▌    | 44/80 [00:53<00:45,  1.27s/it][A

eval:  56%|█████▋    | 45/80 [00:54<00:46,  1.33s/it][A

eval:  57%|█████▊    | 46/80 [00:56<00:45,  1.34s/it][A

eval:  59%|█████▉    | 47/80 [00:57<00:44,  1.36s/it][A

eval:  60%|██████    | 48/80 [01:00<00:52,  1.66s/it][A

eval:  61%|██████▏   | 49/80 [01:00<00:43,  1.42s/it][A

eval:  62%|██████▎   | 50/80 [01:02<00:42,  1.42s/it][A

eval:  64%|██████▍   | 51/80 [01:03<00:41,  1.43s/it][A

eval:  65%|██████▌   | 52/80 [01:05<00:40,  1.45s/it][A

eval:  66%|██████▋   | 53/80 [01:06<00:39,  1.45s/it][A

eval:  68%|██████▊   | 54/80 [01:09<00:44,  1.71s/it][A

eval:  69%|██████▉   | 55/80 [01:09<00:35,  1.44s/it][A

eval:  70%|███████   | 56/80 [01:11<00:35,  1.46s/it][A

eval:  71%|███████▏  | 57/80 [01:12<00:33,  1.46s/it][A

eval:  72%|███████▎  | 58/80 [01:13<00:27,  1.26s/it][A

eval:  74%|███████▍  | 59/80 [01:14<00:23,  1.11s/it][A

eval:  75%|███████▌  | 60/80 [01:15<00:20,  1.02s/it][A

eval:  76%|███████▋  | 61/80 [01:16<00:19,  1.00s/it][A

eval:  78%|███████▊  | 62/80 [01:17<00:16,  1.06it/s][A

eval:  79%|███████▉  | 63/80 [01:18<00:17,  1.01s/it][A

eval:  80%|████████  | 64/80 [01:19<00:16,  1.02s/it][A

eval:  81%|████████▏ | 65/80 [01:19<00:14,  1.06it/s][A

eval:  82%|████████▎ | 66/80 [01:21<00:14,  1.00s/it][A

eval:  84%|████████▍ | 67/80 [01:22<00:14,  1.08s/it][A

eval:  85%|████████▌ | 68/80 [01:23<00:11,  1.01it/s][A

eval:  86%|████████▋ | 69/80 [01:24<00:11,  1.08s/it][A

eval:  88%|████████▊ | 70/80 [01:25<00:11,  1.16s/it][A

eval:  89%|████████▉ | 71/80 [01:27<00:11,  1.24s/it][A

eval:  90%|█████████ | 72/80 [01:28<00:10,  1.28s/it][A

eval:  91%|█████████▏| 73/80 [01:29<00:07,  1.12s/it][A

eval:  92%|█████████▎| 74/80 [01:31<00:08,  1.40s/it][A

eval:  94%|█████████▍| 75/80 [01:32<00:06,  1.25s/it][A

eval:  95%|█████████▌| 76/80 [01:34<00:06,  1.57s/it][A

eval:  96%|█████████▋| 77/80 [01:35<00:04,  1.34s/it][A

eval:  98%|█████████▊| 78/80 [01:37<00:03,  1.54s/it][A

eval:  99%|█████████▉| 79/80 [01:38<00:01,  1.32s/it][A

eval: 100%|██████████| 80/80 [01:40<00:00,  1.52s/it][A

                                                     [A2026-05-12 06:39:54 | INFO | __main__ | eval.py:43 | [EVAL_SAMPLE] idx=0 pred=false gold=barely-true output=Label: B explain=Hartzler said, "We have less Americans working now than in the ‘70s." The statistics Hartzler’s staff said she cited show the employment-population ratio and labor force participation rate was indeed higher in 1979 than in 2015. However,... prompt=<|im_start|>system
You are a careful fact-checking assistant for LIAR-RAW claims. Classify claims using only the claim and retrieved evidence supplied by the user.<|im_end|>
<|im_start|>user
Classify the claim into exactly one LIAR-RAW l...
2026-05-12 06:39:54 | INFO | __main__ | eval.py:43 | [EVAL_SAMPLE] idx=0 pred=false gold=barely-true output=Label: B explain=Hartzler said, "We have less Americans working now than in the ‘70s." The statistics Hartzler’s staff said she cited show the employment-population ratio and labor force participation rate was indeed higher in 1979 than in 2015. However,... prompt=<|im_start|>system
You are a careful fact-checking assistant for LIAR-RAW claims. Classify claims using only the claim and retrieved evidence supplied by the user.<|im_end|>
<|im_start|>user
Classify the claim into exactly one LIAR-RAW l...
2026-05-12 06:39:54 | INFO | __main__ | eval.py:43 | [EVAL_SAMPLE] idx=1 pred=false gold=pants-fire output=Label: B explain=Ellison used a Koran that once belonged to Thomas Jefferson, borrowing the rare book from the Library of Congress. It goes without saying that Ellison is not Obama. UPDATE: Barack Obama resigned from Trinity United Church of Christ on Ma... prompt=<|im_start|>system
You are a careful fact-checking assistant for LIAR-RAW claims. Classify claims using only the claim and retrieved evidence supplied by the user.<|im_end|>
<|im_start|>user
Classify the claim into exactly one LIAR-RAW l...
2026-05-12 06:39:54 | INFO | __main__ | eval.py:43 | [EVAL_SAMPLE] idx=1 pred=false gold=pants-fire output=Label: B explain=Ellison used a Koran that once belonged to Thomas Jefferson, borrowing the rare book from the Library of Congress. It goes without saying that Ellison is not Obama. UPDATE: Barack Obama resigned from Trinity United Church of Christ on Ma... prompt=<|im_start|>system
You are a careful fact-checking assistant for LIAR-RAW claims. Classify claims using only the claim and retrieved evidence supplied by the user.<|im_end|>
<|im_start|>user
Classify the claim into exactly one LIAR-RAW l...
2026-05-12 06:39:54 | INFO | __main__ | eval.py:43 | [EVAL_SAMPLE] idx=2 pred=barely-true gold=false output=Label: C explain=However, we have two professors who say the law is silent on political activity -- even if one of them sees an implicit prohibition -- and a plain reading of the law that states no explicit ban. Blumenauer said that "the statute a hundre... prompt=<|im_start|>system
You are a careful fact-checking assistant for LIAR-RAW claims. Classify claims using only the claim and retrieved evidence supplied by the user.<|im_end|>
<|im_start|>user
Classify the claim into exactly one LIAR-RAW l...
2026-05-12 06:39:54 | INFO | __main__ | trainer.py:566 | [eval] step=450 accuracy=0.2617 macro_precision=0.2892 macro_recall=0.2973 macro_f1=0.2473 parse_error_rate=0.0000
2026-05-12 06:39:54 | INFO | __main__ | trainer.py:566 | [eval] per_class:
2026-05-12 06:39:54 | INFO | __main__ | trainer.py:566 |   - barely-true: P=0.2428 R=0.4641 F1=0.3188
2026-05-12 06:39:54 | INFO | __main__ | trainer.py:566 |   - false: P=0.2909 R=0.1226 F1=0.1725
2026-05-12 06:39:54 | INFO | __main__ | trainer.py:566 |   - half-true: P=0.3636 R=0.0813 F1=0.1329
2026-05-12 06:39:54 | INFO | __main__ | trainer.py:566 |   - mostly-true: P=0.3514 R=0.1554 F1=0.2155
2026-05-12 06:39:54 | INFO | __main__ | trainer.py:566 |   - pants-fire: P=0.2431 R=0.5345 F1=0.3342
2026-05-12 06:39:54 | INFO | __main__ | trainer.py:566 |   - true: P=0.2432 R=0.4260 F1=0.3097
2026-05-12 06:39:58 | WARNING | sft.data.io | io.py:87 | [WARN] saved adapter has no LoRA tensors; rebuilding adapter weights from model state.
2026-05-12 06:39:59 | WARNING | sft.data.io | io.py:100 | [WARN] Rewrote /data/liaozijie/fact-checking/outputs/runs/mmr_lambda_sweep/build.retrieval.mmr_lambda-0.7__5385ea65/train/checkpoint-450/adapter_model.safetensors with 392 LoRA tensors collected from the in-memory model.

 72%|███████▏  | 451/630 [1:20:58<1:58:46, 39.81s/it]
 72%|███████▏  | 452/630 [1:21:05<1:28:19, 29.77s/it]
 72%|███████▏  | 453/630 [1:21:13<1:09:14, 23.47s/it]
 72%|███████▏  | 454/630 [1:21:23<56:33, 19.28s/it]  
 72%|███████▏  | 455/630 [1:21:31<46:43, 16.02s/it]
 72%|███████▏  | 456/630 [1:21:40<40:26, 13.94s/it]
 73%|███████▎  | 457/630 [1:21:49<35:40, 12.37s/it]
 73%|███████▎  | 458/630 [1:21:55<29:36, 10.33s/it]
 73%|███████▎  | 459/630 [1:22:03<27:58,  9.82s/it]
 73%|███████▎  | 460/630 [1:22:14<28:30, 10.06s/it]
 73%|███████▎  | 461/630 [1:22:22<26:56,  9.56s/it]
 73%|███████▎  | 462/630 [1:22:31<25:51,  9.24s/it]
 73%|███████▎  | 463/630 [1:22:40<25:30,  9.16s/it]
 74%|███████▎  | 464/630 [1:22:48<24:09,  8.73s/it]
 74%|███████▍  | 465/630 [1:22:54<21:52,  7.95s/it]
 74%|███████▍  | 466/630 [1:23:05<24:22,  8.92s/it]
 74%|███████▍  | 467/630 [1:23:16<26:14,  9.66s/it]
 74%|███████▍  | 468/630 [1:23:25<25:13,  9.34s/it]
 74%|███████▍  | 469/630 [1:23:33<23:57,  8.93s/it]
 75%|███████▍  | 470/630 [1:23:40<22:27,  8.42s/it]
 75%|███████▍  | 471/630 [1:23:47<20:48,  7.85s/it]
 75%|███████▍  | 472/630 [1:23:58<23:17,  8.84s/it]
 75%|███████▌  | 473/630 [1:24:08<23:55,  9.15s/it]
 75%|███████▌  | 474/630 [1:24:16<22:59,  8.84s/it]
 75%|███████▌  | 475/630 [1:24:24<22:01,  8.52s/it]
 76%|███████▌  | 476/630 [1:24:31<21:09,  8.24s/it]
 76%|███████▌  | 477/630 [1:24:38<19:40,  7.71s/it]
 76%|███████▌  | 478/630 [1:24:46<20:21,  8.04s/it]
 76%|███████▌  | 479/630 [1:24:58<22:50,  9.08s/it]
 76%|███████▌  | 480/630 [1:25:05<21:26,  8.58s/it]
 76%|███████▋  | 481/630 [1:25:14<21:07,  8.50s/it]
 77%|███████▋  | 482/630 [1:25:21<19:56,  8.08s/it]
 77%|███████▋  | 483/630 [1:25:29<19:50,  8.10s/it]
 77%|███████▋  | 484/630 [1:25:39<21:05,  8.66s/it]
 77%|███████▋  | 485/630 [1:25:52<24:10, 10.00s/it]
 77%|███████▋  | 486/630 [1:26:02<23:54,  9.96s/it]
 77%|███████▋  | 487/630 [1:26:12<24:11, 10.15s/it]
 77%|███████▋  | 488/630 [1:26:20<22:20,  9.44s/it]
 78%|███████▊  | 489/630 [1:26:27<20:14,  8.61s/it]
 78%|███████▊  | 490/630 [1:26:33<18:09,  7.78s/it]
 78%|███████▊  | 491/630 [1:26:46<21:42,  9.37s/it]
 78%|███████▊  | 492/630 [1:26:56<21:57,  9.55s/it]
 78%|███████▊  | 493/630 [1:27:05<21:29,  9.41s/it]
 78%|███████▊  | 494/630 [1:27:13<20:17,  8.95s/it]
 79%|███████▊  | 495/630 [1:27:20<19:17,  8.58s/it]
 79%|███████▊  | 496/630 [1:27:28<18:09,  8.13s/it]
 79%|███████▉  | 497/630 [1:27:40<20:45,  9.37s/it]
 79%|███████▉  | 498/630 [1:27:50<21:03,  9.57s/it]
 79%|███████▉  | 499/630 [1:27:58<19:52,  9.10s/it]
 79%|███████▉  | 500/630 [1:28:07<19:27,  8.98s/it]

eval:   0%|          | 0/80 [00:00<?, ?it/s][A

eval:   1%|▏         | 1/80 [00:01<01:59,  1.51s/it][A

eval:   2%|▎         | 2/80 [00:02<01:48,  1.39s/it][A

eval:   4%|▍         | 3/80 [00:04<01:48,  1.41s/it][A

eval:   5%|▌         | 4/80 [00:05<01:34,  1.25s/it][A

eval:   6%|▋         | 5/80 [00:06<01:22,  1.10s/it][A

eval:   8%|▊         | 6/80 [00:06<01:12,  1.02it/s][A

eval:   9%|▉         | 7/80 [00:07<01:08,  1.07it/s][A

eval:  10%|█         | 8/80 [00:08<01:11,  1.00it/s][A

eval:  11%|█▏        | 9/80 [00:09<01:04,  1.11it/s][A

eval:  12%|█▎        | 10/80 [00:10<01:03,  1.10it/s][A

eval:  14%|█▍        | 11/80 [00:12<01:19,  1.16s/it][A

eval:  15%|█▌        | 12/80 [00:13<01:13,  1.09s/it][A

eval:  16%|█▋        | 13/80 [00:14<01:14,  1.11s/it][A

eval:  18%|█▊        | 14/80 [00:15<01:14,  1.13s/it][A

eval:  19%|█▉        | 15/80 [00:16<01:10,  1.09s/it][A

eval:  20%|██        | 16/80 [00:17<01:11,  1.12s/it][A

eval:  21%|██▏       | 17/80 [00:19<01:16,  1.21s/it][A

eval:  22%|██▎       | 18/80 [00:20<01:15,  1.22s/it][A

eval:  24%|██▍       | 19/80 [00:21<01:15,  1.24s/it][A

eval:  25%|██▌       | 20/80 [00:22<01:10,  1.17s/it][A

eval:  26%|██▋       | 21/80 [00:24<01:22,  1.40s/it][A

eval:  28%|██▊       | 22/80 [00:25<01:11,  1.23s/it][A

eval:  29%|██▉       | 23/80 [00:27<01:25,  1.50s/it][A

eval:  30%|███       | 24/80 [00:28<01:15,  1.35s/it][A

eval:  31%|███▏      | 25/80 [00:30<01:22,  1.49s/it][A

eval:  32%|███▎      | 26/80 [00:31<01:08,  1.27s/it][A

eval:  34%|███▍      | 27/80 [00:32<01:11,  1.34s/it][A

eval:  35%|███▌      | 28/80 [00:33<01:02,  1.20s/it][A

eval:  36%|███▋      | 29/80 [00:34<00:54,  1.07s/it][A

eval:  38%|███▊      | 30/80 [00:35<00:58,  1.18s/it][A

eval:  39%|███▉      | 31/80 [00:36<00:52,  1.06s/it][A

eval:  40%|████      | 32/80 [00:37<00:50,  1.06s/it][A

eval:  41%|████▏     | 33/80 [00:38<00:46,  1.00it/s][A

eval:  42%|████▎     | 34/80 [00:39<00:47,  1.04s/it][A

eval:  44%|████▍     | 35/80 [00:40<00:47,  1.06s/it][A

eval:  45%|████▌     | 36/80 [00:41<00:44,  1.01s/it][A

eval:  46%|████▋     | 37/80 [00:43<00:51,  1.19s/it][A

eval:  48%|████▊     | 38/80 [00:43<00:45,  1.08s/it][A

eval:  49%|████▉     | 39/80 [00:45<00:45,  1.11s/it][A

eval:  50%|█████     | 40/80 [00:46<00:45,  1.14s/it][A

eval:  51%|█████▏    | 41/80 [00:47<00:44,  1.13s/it][A

eval:  52%|█████▎    | 42/80 [00:49<00:51,  1.36s/it][A

eval:  54%|█████▍    | 43/80 [00:50<00:46,  1.26s/it][A

eval:  55%|█████▌    | 44/80 [00:51<00:45,  1.28s/it][A

eval:  56%|█████▋    | 45/80 [00:52<00:46,  1.32s/it][A

eval:  57%|█████▊    | 46/80 [00:54<00:44,  1.32s/it][A

eval:  59%|█████▉    | 47/80 [00:55<00:44,  1.36s/it][A

eval:  60%|██████    | 48/80 [00:58<00:53,  1.68s/it][A

eval:  61%|██████▏   | 49/80 [00:59<00:44,  1.43s/it][A

eval:  62%|██████▎   | 50/80 [01:00<00:42,  1.43s/it][A

eval:  64%|██████▍   | 51/80 [01:01<00:41,  1.42s/it][A

eval:  65%|██████▌   | 52/80 [01:04<00:46,  1.67s/it][A

eval:  66%|██████▋   | 53/80 [01:04<00:37,  1.40s/it][A

eval:  68%|██████▊   | 54/80 [01:07<00:42,  1.63s/it][A

eval:  69%|██████▉   | 55/80 [01:07<00:34,  1.39s/it][A

eval:  70%|███████   | 56/80 [01:09<00:34,  1.42s/it][A

eval:  71%|███████▏  | 57/80 [01:10<00:33,  1.45s/it][A

eval:  72%|███████▎  | 58/80 [01:12<00:31,  1.45s/it][A

eval:  74%|███████▍  | 59/80 [01:13<00:26,  1.25s/it][A

eval:  75%|███████▌  | 60/80 [01:13<00:22,  1.12s/it][A

eval:  76%|███████▋  | 61/80 [01:14<00:19,  1.02s/it][A

eval:  78%|███████▊  | 62/80 [01:15<00:17,  1.05it/s][A

eval:  79%|███████▉  | 63/80 [01:16<00:16,  1.06it/s][A

eval:  80%|████████  | 64/80 [01:17<00:15,  1.06it/s][A

eval:  81%|████████▏ | 65/80 [01:18<00:13,  1.12it/s][A

eval:  82%|████████▎ | 66/80 [01:19<00:12,  1.09it/s][A

eval:  84%|████████▍ | 67/80 [01:20<00:12,  1.00it/s][A

eval:  85%|████████▌ | 68/80 [01:21<00:11,  1.07it/s][A

eval:  86%|████████▋ | 69/80 [01:22<00:10,  1.02it/s][A

eval:  88%|████████▊ | 70/80 [01:23<00:10,  1.06s/it][A

eval:  89%|████████▉ | 71/80 [01:24<00:08,  1.01it/s][A

eval:  90%|█████████ | 72/80 [01:25<00:08,  1.04s/it][A

eval:  91%|█████████▏| 73/80 [01:26<00:07,  1.11s/it][A

eval:  92%|█████████▎| 74/80 [01:27<00:06,  1.01s/it][A

eval:  94%|█████████▍| 75/80 [01:29<00:06,  1.32s/it][A

eval:  95%|█████████▌| 76/80 [01:30<00:04,  1.23s/it][A

eval:  96%|█████████▋| 77/80 [01:32<00:04,  1.48s/it][A

eval:  98%|█████████▊| 78/80 [01:33<00:02,  1.26s/it][A

eval:  99%|█████████▉| 79/80 [01:35<00:01,  1.48s/it][A

eval: 100%|██████████| 80/80 [01:36<00:00,  1.27s/it][A

                                                     [A2026-05-12 06:48:51 | INFO | __main__ | eval.py:43 | [EVAL_SAMPLE] idx=0 pred=false gold=barely-true output=Label: B explain=Hartzler said, "We have less Americans working now than in the ‘70s." The statistics Hartzler’s staff said she cited show the employment-population ratio and labor force participation rate was indeed higher in 1979 than in 2015. However,... prompt=<|im_start|>system
You are a careful fact-checking assistant for LIAR-RAW claims. Classify claims using only the claim and retrieved evidence supplied by the user.<|im_end|>
<|im_start|>user
Classify the claim into exactly one LIAR-RAW l...
2026-05-12 06:48:51 | INFO | __main__ | eval.py:43 | [EVAL_SAMPLE] idx=0 pred=false gold=barely-true output=Label: B explain=Hartzler said, "We have less Americans working now than in the ‘70s." The statistics Hartzler’s staff said she cited show the employment-population ratio and labor force participation rate was indeed higher in 1979 than in 2015. However,... prompt=<|im_start|>system
You are a careful fact-checking assistant for LIAR-RAW claims. Classify claims using only the claim and retrieved evidence supplied by the user.<|im_end|>
<|im_start|>user
Classify the claim into exactly one LIAR-RAW l...
2026-05-12 06:48:51 | INFO | __main__ | eval.py:43 | [EVAL_SAMPLE] idx=1 pred=pants-fire gold=pants-fire output=Label: A explain=Ellison used a Koran that once belonged to Thomas Jefferson, borrowing the rare book from the Library of Congress. It goes without saying that Ellison is not Obama. UPDATE: Barack Obama resigned from Trinity United Church of Christ on Ma... prompt=<|im_start|>system
You are a careful fact-checking assistant for LIAR-RAW claims. Classify claims using only the claim and retrieved evidence supplied by the user.<|im_end|>
<|im_start|>user
Classify the claim into exactly one LIAR-RAW l...
2026-05-12 06:48:51 | INFO | __main__ | eval.py:43 | [EVAL_SAMPLE] idx=1 pred=pants-fire gold=pants-fire output=Label: A explain=Ellison used a Koran that once belonged to Thomas Jefferson, borrowing the rare book from the Library of Congress. It goes without saying that Ellison is not Obama. UPDATE: Barack Obama resigned from Trinity United Church of Christ on Ma... prompt=<|im_start|>system
You are a careful fact-checking assistant for LIAR-RAW claims. Classify claims using only the claim and retrieved evidence supplied by the user.<|im_end|>
<|im_start|>user
Classify the claim into exactly one LIAR-RAW l...
2026-05-12 06:48:51 | INFO | __main__ | eval.py:43 | [EVAL_SAMPLE] idx=2 pred=barely-true gold=false output=Label: C explain=However, we have two professors who say the law is silent on political activity -- even if one of them sees an implicit prohibition -- and a plain reading of the law that states no explicit ban. Blumenauer said that "the statute a hundre... prompt=<|im_start|>system
You are a careful fact-checking assistant for LIAR-RAW claims. Classify claims using only the claim and retrieved evidence supplied by the user.<|im_end|>
<|im_start|>user
Classify the claim into exactly one LIAR-RAW l...
2026-05-12 06:48:51 | INFO | __main__ | trainer.py:566 | [eval] step=500 accuracy=0.2734 macro_precision=0.3046 macro_recall=0.3187 macro_f1=0.2689 parse_error_rate=0.0000
2026-05-12 06:48:51 | INFO | __main__ | trainer.py:566 | [eval] per_class:
2026-05-12 06:48:51 | INFO | __main__ | trainer.py:566 |   - barely-true: P=0.2365 R=0.3502 F1=0.2823
2026-05-12 06:48:51 | INFO | __main__ | trainer.py:566 |   - false: P=0.2704 R=0.1648 F1=0.2048
2026-05-12 06:48:51 | INFO | __main__ | trainer.py:566 |   - half-true: P=0.3333 R=0.1341 F1=0.1913
2026-05-12 06:48:51 | INFO | __main__ | trainer.py:566 |   - mostly-true: P=0.4725 R=0.1713 F1=0.2515
2026-05-12 06:48:51 | INFO | __main__ | trainer.py:566 |   - pants-fire: P=0.2417 R=0.6897 F1=0.3579
2026-05-12 06:48:51 | INFO | __main__ | trainer.py:566 |   - true: P=0.2731 R=0.4024 F1=0.3254
2026-05-12 06:48:57 | WARNING | sft.data.io | io.py:87 | [WARN] saved adapter has no LoRA tensors; rebuilding adapter weights from model state.
2026-05-12 06:48:57 | WARNING | sft.data.io | io.py:100 | [WARN] Rewrote /data/liaozijie/fact-checking/outputs/runs/mmr_lambda_sweep/build.retrieval.mmr_lambda-0.7__5385ea65/train/checkpoint-500/adapter_model.safetensors with 392 LoRA tensors collected from the in-memory model.

 80%|███████▉  | 501/630 [1:29:55<1:23:26, 38.81s/it]
 80%|███████▉  | 502/630 [1:30:03<1:03:04, 29.57s/it]
 80%|███████▉  | 503/630 [1:30:13<50:02, 23.64s/it]  
 80%|████████  | 504/630 [1:30:22<40:50, 19.45s/it]
 80%|████████  | 505/630 [1:30:33<34:44, 16.68s/it]
 80%|████████  | 506/630 [1:30:41<29:16, 14.17s/it]
 80%|████████  | 507/630 [1:30:49<25:13, 12.30s/it]
 81%|████████  | 508/630 [1:30:55<21:09, 10.41s/it]
 81%|████████  | 509/630 [1:31:04<20:05,  9.97s/it]
 81%|████████  | 510/630 [1:31:15<20:43, 10.36s/it]
 81%|████████  | 511/630 [1:31:24<19:45,  9.96s/it]
 81%|████████▏ | 512/630 [1:31:33<19:04,  9.70s/it]
 81%|████████▏ | 513/630 [1:31:40<17:05,  8.76s/it]
 82%|████████▏ | 514/630 [1:31:46<15:30,  8.02s/it]
 82%|████████▏ | 515/630 [1:31:52<14:06,  7.36s/it]
 82%|████████▏ | 516/630 [1:32:03<16:07,  8.48s/it]
 82%|████████▏ | 517/630 [1:32:13<17:00,  9.03s/it]
 82%|████████▏ | 518/630 [1:32:22<16:27,  8.82s/it]
 82%|████████▏ | 519/630 [1:32:30<15:45,  8.52s/it]
 83%|████████▎ | 520/630 [1:32:38<15:31,  8.46s/it]
 83%|████████▎ | 521/630 [1:32:44<13:51,  7.63s/it]
 83%|████████▎ | 522/630 [1:32:55<15:38,  8.69s/it]
 83%|████████▎ | 523/630 [1:33:05<16:23,  9.19s/it]
 83%|████████▎ | 524/630 [1:33:15<16:30,  9.35s/it]
 83%|████████▎ | 525/630 [1:33:23<15:36,  8.92s/it]
 83%|████████▎ | 526/630 [1:33:30<14:28,  8.35s/it]
 84%|████████▎ | 527/630 [1:33:37<13:50,  8.06s/it]
 84%|████████▍ | 528/630 [1:33:47<14:54,  8.77s/it]
 84%|████████▍ | 529/630 [1:33:57<15:03,  8.95s/it]
 84%|████████▍ | 530/630 [1:34:06<15:08,  9.08s/it]
 84%|████████▍ | 531/630 [1:34:15<14:51,  9.00s/it]
 84%|████████▍ | 532/630 [1:34:21<13:16,  8.13s/it]
 85%|████████▍ | 533/630 [1:34:28<12:32,  7.76s/it]
 85%|████████▍ | 534/630 [1:34:36<12:29,  7.81s/it]
 85%|████████▍ | 535/630 [1:34:47<13:47,  8.71s/it]
 85%|████████▌ | 536/630 [1:34:57<14:14,  9.09s/it]
 85%|████████▌ | 537/630 [1:35:05<13:31,  8.72s/it]
 85%|████████▌ | 538/630 [1:35:12<12:48,  8.35s/it]
 86%|████████▌ | 539/630 [1:35:19<12:11,  8.04s/it]
 86%|████████▌ | 540/630 [1:35:26<11:11,  7.46s/it]
 86%|████████▌ | 541/630 [1:35:37<12:50,  8.66s/it]
 86%|████████▌ | 542/630 [1:35:46<12:53,  8.79s/it]
 86%|████████▌ | 543/630 [1:35:56<13:13,  9.12s/it]
 86%|████████▋ | 544/630 [1:36:03<12:13,  8.53s/it]
 87%|████████▋ | 545/630 [1:36:11<11:49,  8.35s/it]
 87%|████████▋ | 546/630 [1:36:18<10:58,  7.84s/it]
 87%|████████▋ | 547/630 [1:36:30<12:51,  9.30s/it]
 87%|████████▋ | 548/630 [1:36:41<13:18,  9.74s/it]
 87%|████████▋ | 549/630 [1:36:50<12:41,  9.40s/it]
 87%|████████▋ | 550/630 [1:36:58<12:11,  9.14s/it]

eval:   0%|          | 0/80 [00:00<?, ?it/s][A

eval:   1%|▏         | 1/80 [00:01<01:46,  1.35s/it][A

eval:   2%|▎         | 2/80 [00:02<01:15,  1.04it/s][A

eval:   4%|▍         | 3/80 [00:02<01:08,  1.12it/s][A

eval:   5%|▌         | 4/80 [00:04<01:26,  1.13s/it][A

eval:   6%|▋         | 5/80 [00:05<01:16,  1.02s/it][A

eval:   8%|▊         | 6/80 [00:06<01:13,  1.01it/s][A

eval:   9%|▉         | 7/80 [00:07<01:21,  1.12s/it][A

eval:  10%|█         | 8/80 [00:08<01:17,  1.08s/it][A

eval:  11%|█▏        | 9/80 [00:09<01:13,  1.04s/it][A

eval:  12%|█▎        | 10/80 [00:10<01:23,  1.20s/it][A

eval:  14%|█▍        | 11/80 [00:13<01:47,  1.56s/it][A

eval:  15%|█▌        | 12/80 [00:14<01:32,  1.37s/it][A

eval:  16%|█▋        | 13/80 [00:15<01:29,  1.34s/it][A

eval:  18%|█▊        | 14/80 [00:16<01:29,  1.35s/it][A

eval:  19%|█▉        | 15/80 [00:18<01:31,  1.41s/it][A

eval:  20%|██        | 16/80 [00:19<01:30,  1.42s/it][A

eval:  21%|██▏       | 17/80 [00:21<01:31,  1.45s/it][A

eval:  22%|██▎       | 18/80 [00:22<01:28,  1.42s/it][A

eval:  24%|██▍       | 19/80 [00:23<01:14,  1.23s/it][A

eval:  25%|██▌       | 20/80 [00:25<01:26,  1.45s/it][A

eval:  26%|██▋       | 21/80 [00:26<01:14,  1.26s/it][A

eval:  28%|██▊       | 22/80 [00:27<01:05,  1.13s/it][A

eval:  29%|██▉       | 23/80 [00:28<01:10,  1.24s/it][A

eval:  30%|███       | 24/80 [00:29<01:05,  1.17s/it][A

eval:  31%|███▏      | 25/80 [00:30<00:57,  1.04s/it][A

eval:  32%|███▎      | 26/80 [00:31<00:54,  1.01s/it][A

eval:  34%|███▍      | 27/80 [00:32<00:56,  1.07s/it][A

eval:  35%|███▌      | 28/80 [00:33<00:52,  1.00s/it][A

eval:  36%|███▋      | 29/80 [00:34<00:52,  1.03s/it][A

eval:  38%|███▊      | 30/80 [00:35<00:52,  1.05s/it][A

eval:  39%|███▉      | 31/80 [00:36<00:47,  1.03it/s][A

eval:  40%|████      | 32/80 [00:37<00:52,  1.09s/it][A

eval:  41%|████▏     | 33/80 [00:39<00:54,  1.16s/it][A

eval:  42%|████▎     | 34/80 [00:41<01:07,  1.46s/it][A

eval:  44%|████▍     | 35/80 [00:42<00:57,  1.27s/it][A

eval:  45%|████▌     | 36/80 [00:43<00:59,  1.36s/it][A

eval:  46%|████▋     | 37/80 [00:45<01:00,  1.40s/it][A

eval:  48%|████▊     | 38/80 [00:46<01:00,  1.43s/it][A

eval:  49%|████▉     | 39/80 [00:48<00:58,  1.42s/it][A

eval:  50%|█████     | 40/80 [00:48<00:47,  1.20s/it][A

eval:  51%|█████▏    | 41/80 [00:51<01:00,  1.55s/it][A

eval:  52%|█████▎    | 42/80 [00:52<00:57,  1.51s/it][A

eval:  54%|█████▍    | 43/80 [00:54<00:57,  1.55s/it][A

eval:  55%|█████▌    | 44/80 [00:55<00:55,  1.54s/it][A

eval:  56%|█████▋    | 45/80 [00:57<00:52,  1.50s/it][A

eval:  57%|█████▊    | 46/80 [00:58<00:50,  1.49s/it][A

eval:  59%|█████▉    | 47/80 [01:00<00:48,  1.47s/it][A

eval:  60%|██████    | 48/80 [01:02<00:55,  1.75s/it][A

eval:  61%|██████▏   | 49/80 [01:03<00:45,  1.48s/it][A

eval:  62%|██████▎   | 50/80 [01:04<00:43,  1.45s/it][A

eval:  64%|██████▍   | 51/80 [01:06<00:42,  1.45s/it][A

eval:  65%|██████▌   | 52/80 [01:07<00:41,  1.48s/it][A

eval:  66%|██████▋   | 53/80 [01:08<00:38,  1.43s/it][A

eval:  68%|██████▊   | 54/80 [01:10<00:37,  1.46s/it][A

eval:  69%|██████▉   | 55/80 [01:11<00:36,  1.46s/it][A

eval:  70%|███████   | 56/80 [01:12<00:30,  1.27s/it][A

eval:  71%|███████▏  | 57/80 [01:14<00:35,  1.52s/it][A

eval:  72%|███████▎  | 58/80 [01:15<00:28,  1.29s/it][A

eval:  74%|███████▍  | 59/80 [01:17<00:31,  1.51s/it][A

eval:  75%|███████▌  | 60/80 [01:18<00:25,  1.30s/it][A

eval:  76%|███████▋  | 61/80 [01:20<00:29,  1.53s/it][A

eval:  78%|███████▊  | 62/80 [01:21<00:23,  1.31s/it][A

eval:  79%|███████▉  | 63/80 [01:22<00:21,  1.25s/it][A

eval:  80%|████████  | 64/80 [01:23<00:17,  1.09s/it][A

eval:  81%|████████▏ | 65/80 [01:23<00:15,  1.00s/it][A

eval:  82%|████████▎ | 66/80 [01:24<00:13,  1.07it/s][A

eval:  84%|████████▍ | 67/80 [01:25<00:11,  1.11it/s][A

eval:  85%|████████▌ | 68/80 [01:26<00:10,  1.09it/s][A

eval:  86%|████████▋ | 69/80 [01:27<00:10,  1.02it/s][A

eval:  88%|████████▊ | 70/80 [01:28<00:09,  1.07it/s][A

eval:  89%|████████▉ | 71/80 [01:29<00:09,  1.01s/it][A

eval:  90%|█████████ | 72/80 [01:30<00:08,  1.07s/it][A

eval:  91%|█████████▏| 73/80 [01:31<00:06,  1.02it/s][A

eval:  92%|█████████▎| 74/80 [01:33<00:07,  1.22s/it][A

eval:  94%|█████████▍| 75/80 [01:34<00:05,  1.13s/it][A

eval:  95%|█████████▌| 76/80 [01:36<00:05,  1.41s/it][A

eval:  96%|█████████▋| 77/80 [01:37<00:03,  1.23s/it][A

eval:  98%|█████████▊| 78/80 [01:38<00:02,  1.26s/it][A

eval:  99%|█████████▉| 79/80 [01:39<00:01,  1.28s/it][A

eval: 100%|██████████| 80/80 [01:40<00:00,  1.13s/it][A

                                                     [A2026-05-12 06:57:47 | INFO | __main__ | eval.py:43 | [EVAL_SAMPLE] idx=0 pred=mostly-true gold=barely-true output=Label: E explain=Hartzler said, "We have less Americans working now than in the ‘70s." The statistics Hartzler’s staff said she cited show the employment-population ratio and labor force participation rate was indeed higher in 1979 than in 2015. However,... prompt=<|im_start|>system
You are a careful fact-checking assistant for LIAR-RAW claims. Classify claims using only the claim and retrieved evidence supplied by the user.<|im_end|>
<|im_start|>user
Classify the claim into exactly one LIAR-RAW l...
2026-05-12 06:57:47 | INFO | __main__ | eval.py:43 | [EVAL_SAMPLE] idx=0 pred=mostly-true gold=barely-true output=Label: E explain=Hartzler said, "We have less Americans working now than in the ‘70s." The statistics Hartzler’s staff said she cited show the employment-population ratio and labor force participation rate was indeed higher in 1979 than in 2015. However,... prompt=<|im_start|>system
You are a careful fact-checking assistant for LIAR-RAW claims. Classify claims using only the claim and retrieved evidence supplied by the user.<|im_end|>
<|im_start|>user
Classify the claim into exactly one LIAR-RAW l...
2026-05-12 06:57:47 | INFO | __main__ | eval.py:43 | [EVAL_SAMPLE] idx=1 pred=false gold=pants-fire output=Label: B explain=Ellison used a Koran that once belonged to Thomas Jefferson, borrowing the rare book from the Library of Congress. It goes without saying that Ellison is not Obama. UPDATE: Barack Obama resigned from Trinity United Church of Christ on Ma... prompt=<|im_start|>system
You are a careful fact-checking assistant for LIAR-RAW claims. Classify claims using only the claim and retrieved evidence supplied by the user.<|im_end|>
<|im_start|>user
Classify the claim into exactly one LIAR-RAW l...
2026-05-12 06:57:47 | INFO | __main__ | eval.py:43 | [EVAL_SAMPLE] idx=1 pred=false gold=pants-fire output=Label: B explain=Ellison used a Koran that once belonged to Thomas Jefferson, borrowing the rare book from the Library of Congress. It goes without saying that Ellison is not Obama. UPDATE: Barack Obama resigned from Trinity United Church of Christ on Ma... prompt=<|im_start|>system
You are a careful fact-checking assistant for LIAR-RAW claims. Classify claims using only the claim and retrieved evidence supplied by the user.<|im_end|>
<|im_start|>user
Classify the claim into exactly one LIAR-RAW l...
2026-05-12 06:57:47 | INFO | __main__ | eval.py:43 | [EVAL_SAMPLE] idx=2 pred=mostly-true gold=false output=Label: E explain=However, we have two professors who say the law is silent on political activity -- even if one of them sees an implicit prohibition -- and a plain reading of the law that states no explicit ban. Blumenauer said that "the statute a hundre... prompt=<|im_start|>system
You are a careful fact-checking assistant for LIAR-RAW claims. Classify claims using only the claim and retrieved evidence supplied by the user.<|im_end|>
<|im_start|>user
Classify the claim into exactly one LIAR-RAW l...
2026-05-12 06:57:47 | INFO | __main__ | trainer.py:566 | [eval] step=550 accuracy=0.2898 macro_precision=0.3076 macro_recall=0.3122 macro_f1=0.2731 parse_error_rate=0.0000
2026-05-12 06:57:47 | INFO | __main__ | trainer.py:566 | [eval] per_class:
2026-05-12 06:57:47 | INFO | __main__ | trainer.py:566 |   - barely-true: P=0.2588 R=0.4051 F1=0.3158
2026-05-12 06:57:47 | INFO | __main__ | trainer.py:566 |   - false: P=0.3178 R=0.1303 F1=0.1848
2026-05-12 06:57:47 | INFO | __main__ | trainer.py:566 |   - half-true: P=0.3824 R=0.0528 F1=0.0929
2026-05-12 06:57:47 | INFO | __main__ | trainer.py:566 |   - mostly-true: P=0.3023 R=0.4661 F1=0.3668
2026-05-12 06:57:47 | INFO | __main__ | trainer.py:566 |   - pants-fire: P=0.3243 R=0.5172 F1=0.3987
2026-05-12 06:57:47 | INFO | __main__ | trainer.py:566 |   - true: P=0.2602 R=0.3018 F1=0.2795
2026-05-12 06:57:53 | WARNING | sft.data.io | io.py:87 | [WARN] saved adapter has no LoRA tensors; rebuilding adapter weights from model state.
2026-05-12 06:57:53 | WARNING | sft.data.io | io.py:100 | [WARN] Rewrote /data/liaozijie/fact-checking/outputs/runs/mmr_lambda_sweep/build.retrieval.mmr_lambda-0.7__5385ea65/train/checkpoint-550/adapter_model.safetensors with 392 LoRA tensors collected from the in-memory model.

 87%|████████▋ | 551/630 [1:38:51<52:51, 40.14s/it]
 88%|████████▊ | 552/630 [1:38:59<39:43, 30.55s/it]
 88%|████████▊ | 553/630 [1:39:09<31:06, 24.24s/it]
 88%|████████▊ | 554/630 [1:39:19<25:23, 20.05s/it]
 88%|████████▊ | 555/630 [1:39:27<20:48, 16.65s/it]
 88%|████████▊ | 556/630 [1:39:36<17:27, 14.16s/it]
 88%|████████▊ | 557/630 [1:39:43<14:39, 12.05s/it]
 89%|████████▊ | 558/630 [1:39:50<12:45, 10.63s/it]
 89%|████████▊ | 559/630 [1:39:59<11:53, 10.05s/it]
 89%|████████▉ | 560/630 [1:40:08<11:14,  9.63s/it]
 89%|████████▉ | 561/630 [1:40:17<10:56,  9.51s/it]
 89%|████████▉ | 562/630 [1:40:25<10:16,  9.07s/it]
 89%|████████▉ | 563/630 [1:40:33<09:43,  8.71s/it]
 90%|████████▉ | 564/630 [1:40:39<08:45,  7.97s/it]
 90%|████████▉ | 565/630 [1:40:45<07:57,  7.35s/it]
 90%|████████▉ | 566/630 [1:40:57<09:23,  8.80s/it]
 90%|█████████ | 567/630 [1:41:08<09:49,  9.36s/it]
 90%|█████████ | 568/630 [1:41:16<09:10,  8.88s/it]
 90%|█████████ | 569/630 [1:41:24<08:58,  8.83s/it]
 90%|█████████ | 570/630 [1:41:32<08:31,  8.53s/it]
 91%|█████████ | 571/630 [1:41:39<07:48,  7.93s/it]
 91%|█████████ | 572/630 [1:41:49<08:28,  8.76s/it]
 91%|█████████ | 573/630 [1:42:00<08:45,  9.22s/it]
 91%|█████████ | 574/630 [1:42:08<08:19,  8.93s/it]
 91%|█████████▏| 575/630 [1:42:17<08:17,  9.04s/it]
 91%|█████████▏| 576/630 [1:42:24<07:32,  8.38s/it]
 92%|█████████▏| 577/630 [1:42:31<07:00,  7.93s/it]
 92%|█████████▏| 578/630 [1:42:41<07:25,  8.57s/it]
 92%|█████████▏| 579/630 [1:42:50<07:24,  8.72s/it]
 92%|█████████▏| 580/630 [1:42:59<07:15,  8.71s/it]
 92%|█████████▏| 581/630 [1:43:07<06:59,  8.56s/it]
 92%|█████████▏| 582/630 [1:43:15<06:40,  8.33s/it]
 93%|█████████▎| 583/630 [1:43:21<06:03,  7.74s/it]
 93%|█████████▎| 584/630 [1:43:31<06:32,  8.54s/it]
 93%|█████████▎| 585/630 [1:43:43<06:58,  9.30s/it]
 93%|█████████▎| 586/630 [1:43:51<06:31,  8.91s/it]
 93%|█████████▎| 587/630 [1:43:59<06:22,  8.90s/it]
 93%|█████████▎| 588/630 [1:44:07<06:02,  8.62s/it]
 93%|█████████▎| 589/630 [1:44:15<05:41,  8.33s/it]
 94%|█████████▎| 590/630 [1:44:21<05:04,  7.61s/it]
 94%|█████████▍| 591/630 [1:44:34<06:00,  9.25s/it]
 94%|█████████▍| 592/630 [1:44:42<05:36,  8.85s/it]
 94%|█████████▍| 593/630 [1:44:52<05:37,  9.13s/it]
 94%|█████████▍| 594/630 [1:45:00<05:15,  8.75s/it]
 94%|█████████▍| 595/630 [1:45:08<05:03,  8.69s/it]
 95%|█████████▍| 596/630 [1:45:15<04:35,  8.09s/it]
 95%|█████████▍| 597/630 [1:45:28<05:19,  9.69s/it]
 95%|█████████▍| 598/630 [1:45:39<05:22, 10.06s/it]
 95%|█████████▌| 599/630 [1:45:48<04:58,  9.64s/it]
 95%|█████████▌| 600/630 [1:45:57<04:43,  9.46s/it]

eval:   0%|          | 0/80 [00:00<?, ?it/s][A

eval:   1%|▏         | 1/80 [00:01<01:47,  1.35s/it][A

eval:   2%|▎         | 2/80 [00:02<01:15,  1.03it/s][A

eval:   4%|▍         | 3/80 [00:03<01:18,  1.02s/it][A

eval:   5%|▌         | 4/80 [00:04<01:33,  1.23s/it][A

eval:   6%|▋         | 5/80 [00:05<01:33,  1.25s/it][A

eval:   8%|▊         | 6/80 [00:07<01:32,  1.25s/it][A

eval:   9%|▉         | 7/80 [00:08<01:21,  1.12s/it][A

eval:  10%|█         | 8/80 [00:10<01:45,  1.46s/it][A

eval:  11%|█▏        | 9/80 [00:10<01:26,  1.22s/it][A

eval:  12%|█▎        | 10/80 [00:13<01:45,  1.50s/it][A

eval:  14%|█▍        | 11/80 [00:15<01:52,  1.63s/it][A

eval:  15%|█▌        | 12/80 [00:16<01:48,  1.59s/it][A

eval:  16%|█▋        | 13/80 [00:17<01:42,  1.53s/it][A

eval:  18%|█▊        | 14/80 [00:19<01:38,  1.50s/it][A

eval:  19%|█▉        | 15/80 [00:20<01:38,  1.51s/it][A

eval:  20%|██        | 16/80 [00:22<01:36,  1.51s/it][A

eval:  21%|██▏       | 17/80 [00:23<01:34,  1.50s/it][A

eval:  22%|██▎       | 18/80 [00:24<01:19,  1.27s/it][A

eval:  24%|██▍       | 19/80 [00:25<01:08,  1.12s/it][A

eval:  25%|██▌       | 20/80 [00:26<01:16,  1.27s/it][A

eval:  26%|██▋       | 21/80 [00:27<01:06,  1.14s/it][A

eval:  28%|██▊       | 22/80 [00:28<01:04,  1.11s/it][A

eval:  29%|██▉       | 23/80 [00:30<01:11,  1.25s/it][A

eval:  30%|███       | 24/80 [00:31<01:10,  1.26s/it][A

eval:  31%|███▏      | 25/80 [00:32<01:00,  1.11s/it][A

eval:  32%|███▎      | 26/80 [00:33<00:53,  1.00it/s][A

eval:  34%|███▍      | 27/80 [00:34<00:51,  1.03it/s][A

eval:  35%|███▌      | 28/80 [00:35<00:55,  1.06s/it][A

eval:  36%|███▋      | 29/80 [00:36<00:49,  1.03it/s][A

eval:  38%|███▊      | 30/80 [00:36<00:46,  1.07it/s][A

eval:  39%|███▉      | 31/80 [00:38<00:50,  1.04s/it][A

eval:  40%|████      | 32/80 [00:39<00:48,  1.02s/it][A

eval:  41%|████▏     | 33/80 [00:40<00:57,  1.22s/it][A

eval:  42%|████▎     | 34/80 [00:42<00:54,  1.18s/it][A

eval:  44%|████▍     | 35/80 [00:43<00:52,  1.17s/it][A

eval:  45%|████▌     | 36/80 [00:44<00:55,  1.26s/it][A

eval:  46%|████▋     | 37/80 [00:46<00:56,  1.31s/it][A

eval:  48%|████▊     | 38/80 [00:47<00:56,  1.34s/it][A

eval:  49%|████▉     | 39/80 [00:48<00:48,  1.17s/it][A

eval:  50%|█████     | 40/80 [00:50<00:54,  1.37s/it][A

eval:  51%|█████▏    | 41/80 [00:51<00:50,  1.30s/it][A

eval:  52%|█████▎    | 42/80 [00:52<00:54,  1.43s/it][A

eval:  54%|█████▍    | 43/80 [00:53<00:48,  1.31s/it][A

eval:  55%|█████▌    | 44/80 [00:55<00:46,  1.29s/it][A

eval:  56%|█████▋    | 45/80 [00:56<00:47,  1.36s/it][A

eval:  57%|█████▊    | 46/80 [00:58<00:45,  1.35s/it][A

eval:  59%|█████▉    | 47/80 [00:58<00:39,  1.18s/it][A

eval:  60%|██████    | 48/80 [01:00<00:38,  1.20s/it][A

eval:  61%|██████▏   | 49/80 [01:01<00:38,  1.23s/it][A

eval:  62%|██████▎   | 50/80 [01:02<00:32,  1.09s/it][A

eval:  64%|██████▍   | 51/80 [01:03<00:31,  1.08s/it][A

eval:  65%|██████▌   | 52/80 [01:04<00:33,  1.20s/it][A

eval:  66%|██████▋   | 53/80 [01:05<00:31,  1.15s/it][A

eval:  68%|██████▊   | 54/80 [01:07<00:32,  1.26s/it][A

eval:  69%|██████▉   | 55/80 [01:08<00:28,  1.13s/it][A

eval:  70%|███████   | 56/80 [01:09<00:32,  1.34s/it][A

eval:  71%|███████▏  | 57/80 [01:10<00:27,  1.20s/it][A

eval:  72%|███████▎  | 58/80 [01:12<00:26,  1.22s/it][A

eval:  74%|███████▍  | 59/80 [01:13<00:26,  1.28s/it][A

eval:  75%|███████▌  | 60/80 [01:14<00:26,  1.32s/it][A

eval:  76%|███████▋  | 61/80 [01:16<00:25,  1.35s/it][A

eval:  78%|███████▊  | 62/80 [01:17<00:21,  1.18s/it][A

eval:  79%|███████▉  | 63/80 [01:18<00:21,  1.28s/it][A

eval:  80%|████████  | 64/80 [01:19<00:17,  1.11s/it][A

eval:  81%|████████▏ | 65/80 [01:20<00:15,  1.00s/it][A

eval:  82%|████████▎ | 66/80 [01:21<00:15,  1.12s/it][A

eval:  84%|████████▍ | 67/80 [01:22<00:13,  1.07s/it][A

eval:  85%|████████▌ | 68/80 [01:23<00:11,  1.01it/s][A

eval:  86%|████████▋ | 69/80 [01:24<00:12,  1.11s/it][A

eval:  88%|████████▊ | 70/80 [01:25<00:11,  1.11s/it][A

eval:  89%|████████▉ | 71/80 [01:27<00:11,  1.22s/it][A

eval:  90%|█████████ | 72/80 [01:28<00:08,  1.10s/it][A

eval:  91%|█████████▏| 73/80 [01:29<00:07,  1.13s/it][A

eval:  92%|█████████▎| 74/80 [01:30<00:07,  1.22s/it][A

eval:  94%|█████████▍| 75/80 [01:32<00:06,  1.29s/it][A

eval:  95%|█████████▌| 76/80 [01:33<00:05,  1.41s/it][A

eval:  96%|█████████▋| 77/80 [01:35<00:04,  1.42s/it][A

eval:  98%|█████████▊| 78/80 [01:36<00:02,  1.41s/it][A

eval:  99%|█████████▉| 79/80 [01:38<00:01,  1.41s/it][A

eval: 100%|██████████| 80/80 [01:39<00:00,  1.42s/it][A

                                                     [A2026-05-12 07:06:45 | INFO | __main__ | eval.py:43 | [EVAL_SAMPLE] idx=0 pred=false gold=barely-true output=Label: B explain=Hartzler said, "We have less Americans working now than in the ‘70s." The statistics Hartzler’s staff said she cited show the employment-population ratio and labor force participation rate was indeed higher in 1979 than in 2015. However,... prompt=<|im_start|>system
You are a careful fact-checking assistant for LIAR-RAW claims. Classify claims using only the claim and retrieved evidence supplied by the user.<|im_end|>
<|im_start|>user
Classify the claim into exactly one LIAR-RAW l...
2026-05-12 07:06:45 | INFO | __main__ | eval.py:43 | [EVAL_SAMPLE] idx=0 pred=false gold=barely-true output=Label: B explain=Hartzler said, "We have less Americans working now than in the ‘70s." The statistics Hartzler’s staff said she cited show the employment-population ratio and labor force participation rate was indeed higher in 1979 than in 2015. However,... prompt=<|im_start|>system
You are a careful fact-checking assistant for LIAR-RAW claims. Classify claims using only the claim and retrieved evidence supplied by the user.<|im_end|>
<|im_start|>user
Classify the claim into exactly one LIAR-RAW l...
2026-05-12 07:06:45 | INFO | __main__ | eval.py:43 | [EVAL_SAMPLE] idx=1 pred=false gold=pants-fire output=Label: B explain=Ellison used a Koran that once belonged to Thomas Jefferson, borrowing the rare book from the Library of Congress. It goes without saying that Ellison is not Obama. UPDATE: Barack Obama resigned from Trinity United Church of Christ on Ma... prompt=<|im_start|>system
You are a careful fact-checking assistant for LIAR-RAW claims. Classify claims using only the claim and retrieved evidence supplied by the user.<|im_end|>
<|im_start|>user
Classify the claim into exactly one LIAR-RAW l...
2026-05-12 07:06:45 | INFO | __main__ | eval.py:43 | [EVAL_SAMPLE] idx=1 pred=false gold=pants-fire output=Label: B explain=Ellison used a Koran that once belonged to Thomas Jefferson, borrowing the rare book from the Library of Congress. It goes without saying that Ellison is not Obama. UPDATE: Barack Obama resigned from Trinity United Church of Christ on Ma... prompt=<|im_start|>system
You are a careful fact-checking assistant for LIAR-RAW claims. Classify claims using only the claim and retrieved evidence supplied by the user.<|im_end|>
<|im_start|>user
Classify the claim into exactly one LIAR-RAW l...
2026-05-12 07:06:45 | INFO | __main__ | eval.py:43 | [EVAL_SAMPLE] idx=2 pred=barely-true gold=false output=Label: C explain=However, we have two professors who say the law is silent on political activity -- even if one of them sees an implicit prohibition -- and a plain reading of the law that states no explicit ban. Blumenauer said that "the statute a hundre... prompt=<|im_start|>system
You are a careful fact-checking assistant for LIAR-RAW claims. Classify claims using only the claim and retrieved evidence supplied by the user.<|im_end|>
<|im_start|>user
Classify the claim into exactly one LIAR-RAW l...
2026-05-12 07:06:45 | INFO | __main__ | trainer.py:566 | [eval] step=600 accuracy=0.2969 macro_precision=0.3222 macro_recall=0.2920 macro_f1=0.2895 parse_error_rate=0.0000
2026-05-12 07:06:45 | INFO | __main__ | trainer.py:566 | [eval] per_class:
2026-05-12 07:06:45 | INFO | __main__ | trainer.py:566 |   - barely-true: P=0.2410 R=0.5063 F1=0.3265
2026-05-12 07:06:45 | INFO | __main__ | trainer.py:566 |   - false: P=0.3255 R=0.2644 F1=0.2918
2026-05-12 07:06:45 | INFO | __main__ | trainer.py:566 |   - half-true: P=0.2814 R=0.2642 F1=0.2725
2026-05-12 07:06:45 | INFO | __main__ | trainer.py:566 |   - mostly-true: P=0.3820 R=0.2709 F1=0.3170
2026-05-12 07:06:45 | INFO | __main__ | trainer.py:566 |   - pants-fire: P=0.3958 R=0.3276 F1=0.3585
2026-05-12 07:06:45 | INFO | __main__ | trainer.py:566 |   - true: P=0.3077 R=0.1183 F1=0.1709
2026-05-12 07:06:48 | WARNING | sft.data.io | io.py:87 | [WARN] saved adapter has no LoRA tensors; rebuilding adapter weights from model state.
2026-05-12 07:06:49 | WARNING | sft.data.io | io.py:100 | [WARN] Rewrote /data/liaozijie/fact-checking/outputs/runs/mmr_lambda_sweep/build.retrieval.mmr_lambda-0.7__5385ea65/train/best/adapter_model.safetensors with 392 LoRA tensors collected from the in-memory model.
2026-05-12 07:06:54 | WARNING | sft.data.io | io.py:87 | [WARN] saved adapter has no LoRA tensors; rebuilding adapter weights from model state.
2026-05-12 07:06:54 | WARNING | sft.data.io | io.py:100 | [WARN] Rewrote /data/liaozijie/fact-checking/outputs/runs/mmr_lambda_sweep/build.retrieval.mmr_lambda-0.7__5385ea65/train/checkpoint-600/adapter_model.safetensors with 392 LoRA tensors collected from the in-memory model.

 95%|█████████▌| 601/630 [1:47:53<20:00, 41.40s/it]
 96%|█████████▌| 602/630 [1:47:59<14:22, 30.79s/it]
 96%|█████████▌| 603/630 [1:48:10<11:15, 25.03s/it]
 96%|█████████▌| 604/630 [1:48:22<09:06, 21.01s/it]
 96%|█████████▌| 605/630 [1:48:30<07:06, 17.04s/it]
 96%|█████████▌| 606/630 [1:48:39<05:49, 14.58s/it]
 96%|█████████▋| 607/630 [1:48:46<04:48, 12.54s/it]
 97%|█████████▋| 608/630 [1:48:54<04:01, 10.99s/it]
 97%|█████████▋| 609/630 [1:49:03<03:36, 10.31s/it]
 97%|█████████▋| 610/630 [1:49:15<03:38, 10.91s/it]
 97%|█████████▋| 611/630 [1:49:24<03:15, 10.29s/it]
 97%|█████████▋| 612/630 [1:49:32<02:55,  9.74s/it]
 97%|█████████▋| 613/630 [1:49:40<02:37,  9.25s/it]
 97%|█████████▋| 614/630 [1:49:47<02:15,  8.49s/it]
 98%|█████████▊| 615/630 [1:49:53<01:55,  7.68s/it]
 98%|█████████▊| 616/630 [1:50:07<02:14,  9.62s/it]
 98%|█████████▊| 617/630 [1:50:16<02:01,  9.33s/it]
 98%|█████████▊| 618/630 [1:50:24<01:47,  8.97s/it]
 98%|█████████▊| 619/630 [1:50:32<01:37,  8.90s/it]
 98%|█████████▊| 620/630 [1:50:39<01:21,  8.14s/it]
 99%|█████████▊| 621/630 [1:50:45<01:07,  7.53s/it]
 99%|█████████▊| 622/630 [1:50:58<01:13,  9.21s/it]
 99%|█████████▉| 623/630 [1:51:07<01:03,  9.13s/it]
 99%|█████████▉| 624/630 [1:51:15<00:52,  8.77s/it]
 99%|█████████▉| 625/630 [1:51:24<00:43,  8.75s/it]
 99%|█████████▉| 626/630 [1:51:32<00:34,  8.63s/it]
100%|█████████▉| 627/630 [1:51:38<00:23,  7.81s/it]
100%|█████████▉| 628/630 [1:51:47<00:16,  8.08s/it]
100%|█████████▉| 629/630 [1:51:55<00:08,  8.12s/it]
100%|██████████| 630/630 [1:51:59<00:00,  6.99s/it]2026-05-12 07:11:12 | WARNING | sft.data.io | io.py:87 | [WARN] saved adapter has no LoRA tensors; rebuilding adapter weights from model state.
2026-05-12 07:11:12 | WARNING | sft.data.io | io.py:100 | [WARN] Rewrote /data/liaozijie/fact-checking/outputs/runs/mmr_lambda_sweep/build.retrieval.mmr_lambda-0.7__5385ea65/train/final/adapter_model.safetensors with 392 LoRA tensors collected from the in-memory model.
swanlab: 🏠 View project at https://swanlab.cn/@fenglin/fact-checking-build-train-infer
swanlab: 🚀 View run at https://swanlab.cn/@fenglin/fact-checking-build-train-infer/runs/6d93h5t0darmobv1ir2uy

100%|██████████| 630/630 [1:52:07<00:00, 10.68s/it]
