$ accelerate launch --num_processes=4 --num_machines=1 --mixed_precision=bf16 --use_deepspeed --deepspeed_config_file /data/liaozijie/fact-checking/configs/deepspeed_zero2.json -m sft.trainer --config /data/liaozijie/fact-checking/outputs/runs/mmr_lambda_sweep/build.retrieval.mmr_lambda-0.5__d41d393f/configs/train.resolved.yaml

The following values were not passed to `accelerate launch` and had defaults used instead:
		More than one GPU was found, enabling multi-GPU training.
		If this was unintended please pass in `--num_processes=1`.
	`--dynamo_backend` was set to a value of `'no'`
To avoid this warning pass in values for each of the problematic parameters or run `accelerate config`.
W0512 01:12:36.579000 1062090 site-packages/torch/distributed/run.py:792] 
W0512 01:12:36.579000 1062090 site-packages/torch/distributed/run.py:792] *****************************************
W0512 01:12:36.579000 1062090 site-packages/torch/distributed/run.py:792] Setting OMP_NUM_THREADS environment variable for each process to be 1 in default, to avoid your system being overloaded, please further tune the variable for optimal performance in your application as needed. 
W0512 01:12:36.579000 1062090 site-packages/torch/distributed/run.py:792] *****************************************
[RANK 0] Detected kernel version 4.18.0, which is below the recommended minimum of 5.5.0; this can cause the process to hang. It is recommended to upgrade the kernel to the minimum version or higher.
swanlab: swanlab version 0.7.17 is available!  Upgrade: `pip install -U swanlab`
swanlab: Tracking run with swanlab version 0.7.16
swanlab: Run data will be saved locally in /data/liaozijie/fact-checking/swanlog/run-20260512_011252-zhr3uk8podwqzge5edab2
swanlab: 👋 Hi fenglin,welcome to swanlab!
swanlab: Syncing run mmr_lambda_sweep__build.retrieval.mmr_lambda-0.5 to the cloud
swanlab: 🏠 View project at https://swanlab.cn/@fenglin/fact-checking-build-train-infer
swanlab: 🚀 View run at https://swanlab.cn/@fenglin/fact-checking-build-train-infer/runs/zhr3uk8podwqzge5edab2
2026-05-12 01:12:55 | INFO | __main__ | trainer.py:207 | [INFO] saved resolved config to /data/liaozijie/fact-checking/outputs/runs/mmr_lambda_sweep/build.retrieval.mmr_lambda-0.5__d41d393f/train/config.resolved.yaml
2026-05-12 01:12:55 | INFO | __main__ | stats.py:59 | [PROMPT_STATS] split=train pre_mean=838.20 pre_p95=1127 pre_overflow=0 post_mean=838.20 post_p95=1127 post_overflow=0 truncated=1 trunc_rate=0.0001
2026-05-12 01:12:55 | INFO | __main__ | stats.py:59 | [PROMPT_STATS] split=val pre_mean=855.07 pre_p95=1127 pre_overflow=0 post_mean=855.07 post_p95=1127 post_overflow=0 truncated=0 trunc_rate=0.0000
2026-05-12 01:12:55 | INFO | __main__ | trainer.py:269 | [INFO] prompt statistics saved to /data/liaozijie/fact-checking/outputs/runs/mmr_lambda_sweep/build.retrieval.mmr_lambda-0.5__d41d393f/train/prompt_stats/prompt_stats.json

Loading checkpoint shards:   0%|          | 0/4 [00:00<?, ?it/s]
Loading checkpoint shards:   0%|          | 0/4 [00:00<?, ?it/s]
Loading checkpoint shards:   0%|          | 0/4 [00:00<?, ?it/s]
Loading checkpoint shards:   0%|          | 0/4 [00:00<?, ?it/s]
Loading checkpoint shards: 100%|██████████| 4/4 [00:00<00:00, 103.53it/s]

Loading checkpoint shards: 100%|██████████| 4/4 [00:00<00:00, 113.45it/s]

Loading checkpoint shards: 100%|██████████| 4/4 [00:00<00:00, 107.69it/s]

Loading checkpoint shards: 100%|██████████| 4/4 [00:00<00:00, 102.18it/s]
2026-05-12 01:12:56 | INFO | __main__ | adapters.py:97 | [INFO] LoRA enabled: trainable parameters=40370176 / 7655986688 (0.5273%), r=16, alpha=32
2026-05-12 01:13:18 | INFO | __main__ | trainer.py:359 | [INFO] Optimizer will update LoRA/trainable parameters only.
2026-05-12 01:13:34 | INFO | __main__ | trainer.py:390 | [INFO] dataloader length around accelerator.prepare: before=2516, after=629
2026-05-12 01:13:34 | WARNING | __main__ | trainer.py:396 | [WARN] len(train_dl) changed after accelerator.prepare: before=2516, after=629. This may indicate duplicated sharding/re-partitioning across distributed samplers.
2026-05-12 01:13:34 | INFO | __main__ | trainer.py:413 | [INFO] train progress setup (post-prepare): num_epochs=2, len(train_dl)=629, effective_grad_accum_steps=2, update_steps_per_epoch=315, max_train_steps=630
2026-05-12 01:13:34 | INFO | __main__ | trainer.py:122 | [INFO] logit_adjust enabled: tau=1.000 priors=['0.0807', '0.1945', '0.1601', '0.2074', '0.1937', '0.1636'] letters=[362, 425, 356, 422, 468, 434] prefix=[2476, 25]
2026-05-12 01:13:34 | INFO | __main__ | trainer.py:434 | [INFO] logit_adjust config saved to /data/liaozijie/fact-checking/outputs/runs/mmr_lambda_sweep/build.retrieval.mmr_lambda-0.5__d41d393f/train/logit_adjust.json

  0%|          | 0/630 [00:00<?, ?it/s]
  0%|          | 1/630 [00:15<2:45:55, 15.83s/it]
  0%|          | 2/630 [00:28<2:28:00, 14.14s/it]
  0%|          | 3/630 [00:41<2:21:18, 13.52s/it]
  1%|          | 4/630 [00:52<2:11:29, 12.60s/it]
  1%|          | 5/630 [01:03<2:03:53, 11.89s/it]
  1%|          | 6/630 [01:13<1:56:54, 11.24s/it]
  1%|          | 7/630 [01:29<2:13:06, 12.82s/it]
  1%|▏         | 8/630 [01:43<2:17:02, 13.22s/it]
  1%|▏         | 9/630 [01:57<2:18:52, 13.42s/it]
  2%|▏         | 10/630 [02:08<2:12:14, 12.80s/it]
  2%|▏         | 11/630 [02:19<2:05:43, 12.19s/it]
  2%|▏         | 12/630 [02:29<1:58:34, 11.51s/it]
  2%|▏         | 13/630 [02:42<2:03:04, 11.97s/it]
  2%|▏         | 14/630 [02:57<2:12:50, 12.94s/it]
  2%|▏         | 15/630 [03:12<2:17:35, 13.42s/it]
  3%|▎         | 16/630 [03:23<2:11:00, 12.80s/it]
  3%|▎         | 17/630 [03:35<2:07:54, 12.52s/it]
  3%|▎         | 18/630 [03:46<2:03:06, 12.07s/it]
  3%|▎         | 19/630 [03:59<2:05:46, 12.35s/it]
  3%|▎         | 20/630 [04:15<2:16:28, 13.42s/it]
  3%|▎         | 21/630 [04:28<2:15:02, 13.30s/it]
  3%|▎         | 22/630 [04:40<2:10:39, 12.89s/it]
  4%|▎         | 23/630 [04:51<2:05:20, 12.39s/it]
  4%|▍         | 24/630 [05:02<2:01:03, 11.99s/it]
  4%|▍         | 25/630 [05:12<1:52:59, 11.21s/it]
  4%|▍         | 26/630 [05:26<2:03:33, 12.27s/it]
  4%|▍         | 27/630 [05:42<2:12:55, 13.23s/it]
  4%|▍         | 28/630 [05:53<2:07:14, 12.68s/it]
  5%|▍         | 29/630 [06:05<2:04:14, 12.40s/it]
  5%|▍         | 30/630 [06:16<1:59:37, 11.96s/it]
  5%|▍         | 31/630 [06:26<1:53:04, 11.33s/it]
  5%|▌         | 32/630 [06:39<1:58:46, 11.92s/it]
  5%|▌         | 33/630 [06:53<2:04:55, 12.55s/it]
  5%|▌         | 34/630 [07:06<2:05:56, 12.68s/it]
  6%|▌         | 35/630 [07:18<2:04:05, 12.51s/it]
  6%|▌         | 36/630 [07:29<1:58:58, 12.02s/it]
  6%|▌         | 37/630 [07:38<1:50:40, 11.20s/it]
  6%|▌         | 38/630 [07:52<1:57:24, 11.90s/it]
  6%|▌         | 39/630 [08:07<2:06:59, 12.89s/it]
  6%|▋         | 40/630 [08:20<2:07:22, 12.95s/it]
  7%|▋         | 41/630 [08:33<2:06:59, 12.94s/it]
  7%|▋         | 42/630 [08:45<2:03:59, 12.65s/it]
  7%|▋         | 43/630 [08:56<1:59:07, 12.18s/it]
  7%|▋         | 44/630 [09:09<2:01:03, 12.39s/it]
  7%|▋         | 45/630 [09:25<2:11:15, 13.46s/it]
  7%|▋         | 46/630 [09:38<2:09:34, 13.31s/it]
  7%|▋         | 47/630 [09:50<2:06:09, 12.98s/it]
  8%|▊         | 48/630 [10:03<2:05:31, 12.94s/it]
  8%|▊         | 49/630 [10:14<1:59:21, 12.33s/it]
  8%|▊         | 50/630 [10:22<1:47:50, 11.16s/it]

eval:   0%|          | 0/80 [00:00<?, ?it/s][A/data/liaozijie/conda/accelerate-fc/lib/python3.11/site-packages/transformers/tokenization_utils_base.py:2751: UserWarning: `max_length` is ignored when `padding`=`True` and there is no truncation strategy. To pad to max length, use `padding='max_length'`.
  warnings.warn(
/data/liaozijie/conda/accelerate-fc/lib/python3.11/site-packages/transformers/tokenization_utils_base.py:2751: UserWarning: `max_length` is ignored when `padding`=`True` and there is no truncation strategy. To pad to max length, use `padding='max_length'`.
  warnings.warn(
/data/liaozijie/conda/accelerate-fc/lib/python3.11/site-packages/transformers/tokenization_utils_base.py:2751: UserWarning: `max_length` is ignored when `padding`=`True` and there is no truncation strategy. To pad to max length, use `padding='max_length'`.
  warnings.warn(
/data/liaozijie/conda/accelerate-fc/lib/python3.11/site-packages/transformers/tokenization_utils_base.py:2751: UserWarning: `max_length` is ignored when `padding`=`True` and there is no truncation strategy. To pad to max length, use `padding='max_length'`.
  warnings.warn(
/data/liaozijie/conda/accelerate-fc/lib/python3.11/site-packages/transformers/tokenization_utils_base.py:2751: UserWarning: `max_length` is ignored when `padding`=`True` and there is no truncation strategy. To pad to max length, use `padding='max_length'`.
  warnings.warn(
/data/liaozijie/conda/accelerate-fc/lib/python3.11/site-packages/transformers/tokenization_utils_base.py:2751: UserWarning: `max_length` is ignored when `padding`=`True` and there is no truncation strategy. To pad to max length, use `padding='max_length'`.
  warnings.warn(
/data/liaozijie/conda/accelerate-fc/lib/python3.11/site-packages/transformers/tokenization_utils_base.py:2751: UserWarning: `max_length` is ignored when `padding`=`True` and there is no truncation strategy. To pad to max length, use `padding='max_length'`.
  warnings.warn(
/data/liaozijie/conda/accelerate-fc/lib/python3.11/site-packages/transformers/tokenization_utils_base.py:2751: UserWarning: `max_length` is ignored when `padding`=`True` and there is no truncation strategy. To pad to max length, use `padding='max_length'`.
  warnings.warn(
/data/liaozijie/conda/accelerate-fc/lib/python3.11/site-packages/transformers/tokenization_utils_base.py:2751: UserWarning: `max_length` is ignored when `padding`=`True` and there is no truncation strategy. To pad to max length, use `padding='max_length'`.
  warnings.warn(
/data/liaozijie/conda/accelerate-fc/lib/python3.11/site-packages/transformers/tokenization_utils_base.py:2751: UserWarning: `max_length` is ignored when `padding`=`True` and there is no truncation strategy. To pad to max length, use `padding='max_length'`.
  warnings.warn(
/data/liaozijie/conda/accelerate-fc/lib/python3.11/site-packages/transformers/tokenization_utils_base.py:2751: UserWarning: `max_length` is ignored when `padding`=`True` and there is no truncation strategy. To pad to max length, use `padding='max_length'`.
  warnings.warn(
/data/liaozijie/conda/accelerate-fc/lib/python3.11/site-packages/transformers/tokenization_utils_base.py:2751: UserWarning: `max_length` is ignored when `padding`=`True` and there is no truncation strategy. To pad to max length, use `padding='max_length'`.
  warnings.warn(
/data/liaozijie/conda/accelerate-fc/lib/python3.11/site-packages/transformers/tokenization_utils_base.py:2751: UserWarning: `max_length` is ignored when `padding`=`True` and there is no truncation strategy. To pad to max length, use `padding='max_length'`.
  warnings.warn(
/data/liaozijie/conda/accelerate-fc/lib/python3.11/site-packages/transformers/tokenization_utils_base.py:2751: UserWarning: `max_length` is ignored when `padding`=`True` and there is no truncation strategy. To pad to max length, use `padding='max_length'`.
  warnings.warn(
/data/liaozijie/conda/accelerate-fc/lib/python3.11/site-packages/transformers/tokenization_utils_base.py:2751: UserWarning: `max_length` is ignored when `padding`=`True` and there is no truncation strategy. To pad to max length, use `padding='max_length'`.
  warnings.warn(
/data/liaozijie/conda/accelerate-fc/lib/python3.11/site-packages/transformers/tokenization_utils_base.py:2751: UserWarning: `max_length` is ignored when `padding`=`True` and there is no truncation strategy. To pad to max length, use `padding='max_length'`.
  warnings.warn(


eval:   1%|▏         | 1/80 [00:01<02:28,  1.87s/it][A

eval:   2%|▎         | 2/80 [00:03<02:14,  1.72s/it][A

eval:   4%|▍         | 3/80 [00:04<01:58,  1.54s/it][A

eval:   5%|▌         | 4/80 [00:06<02:06,  1.67s/it][A

eval:   6%|▋         | 5/80 [00:08<01:56,  1.55s/it][A

eval:   8%|▊         | 6/80 [00:09<01:57,  1.59s/it][A

eval:   9%|▉         | 7/80 [00:11<02:03,  1.69s/it][A

eval:  10%|█         | 8/80 [00:13<02:08,  1.78s/it][A

eval:  11%|█▏        | 9/80 [00:14<01:52,  1.58s/it][A

eval:  12%|█▎        | 10/80 [00:16<01:55,  1.65s/it][A

eval:  14%|█▍        | 11/80 [00:19<02:19,  2.02s/it][A

eval:  15%|█▌        | 12/80 [00:20<02:04,  1.83s/it][A

eval:  16%|█▋        | 13/80 [00:22<02:00,  1.80s/it][A

eval:  18%|█▊        | 14/80 [00:23<01:49,  1.66s/it][A

eval:  19%|█▉        | 15/80 [00:25<01:51,  1.72s/it][A

eval:  20%|██        | 16/80 [00:26<01:41,  1.58s/it][A

eval:  21%|██▏       | 17/80 [00:28<01:45,  1.67s/it][A

eval:  22%|██▎       | 18/80 [00:30<01:45,  1.71s/it][A

eval:  24%|██▍       | 19/80 [00:31<01:35,  1.56s/it][A

eval:  25%|██▌       | 20/80 [00:33<01:37,  1.63s/it][A

eval:  26%|██▋       | 21/80 [00:34<01:30,  1.54s/it][A

eval:  28%|██▊       | 22/80 [00:36<01:31,  1.58s/it][A

eval:  29%|██▉       | 23/80 [00:37<01:25,  1.49s/it][A

eval:  30%|███       | 24/80 [00:39<01:28,  1.58s/it][A

eval:  31%|███▏      | 25/80 [00:40<01:19,  1.45s/it][A

eval:  32%|███▎      | 26/80 [00:42<01:22,  1.52s/it][A

eval:  34%|███▍      | 27/80 [00:43<01:17,  1.46s/it][A

eval:  35%|███▌      | 28/80 [00:45<01:21,  1.56s/it][A

eval:  36%|███▋      | 29/80 [00:46<01:14,  1.47s/it][A

eval:  38%|███▊      | 30/80 [00:48<01:17,  1.55s/it][A

eval:  39%|███▉      | 31/80 [00:49<01:12,  1.48s/it][A

eval:  40%|████      | 32/80 [00:51<01:17,  1.61s/it][A

eval:  41%|████▏     | 33/80 [00:53<01:17,  1.65s/it][A

eval:  42%|████▎     | 34/80 [00:54<01:10,  1.52s/it][A

eval:  44%|████▍     | 35/80 [00:56<01:12,  1.60s/it][A

eval:  45%|████▌     | 36/80 [00:57<01:07,  1.53s/it][A

eval:  46%|████▋     | 37/80 [00:59<01:08,  1.60s/it][A

eval:  48%|████▊     | 38/80 [01:00<01:02,  1.49s/it][A

eval:  49%|████▉     | 39/80 [01:02<01:04,  1.56s/it][A

eval:  50%|█████     | 40/80 [01:03<00:57,  1.43s/it][A

eval:  51%|█████▏    | 41/80 [01:06<01:09,  1.79s/it][A

eval:  52%|█████▎    | 42/80 [01:07<01:02,  1.64s/it][A

eval:  54%|█████▍    | 43/80 [01:09<01:04,  1.75s/it][A

eval:  55%|█████▌    | 44/80 [01:11<01:03,  1.75s/it][A

eval:  56%|█████▋    | 45/80 [01:12<00:56,  1.61s/it][A

eval:  57%|█████▊    | 46/80 [01:14<00:56,  1.67s/it][A

eval:  59%|█████▉    | 47/80 [01:15<00:51,  1.55s/it][A

eval:  60%|██████    | 48/80 [01:17<00:52,  1.66s/it][A

eval:  61%|██████▏   | 49/80 [01:19<00:47,  1.53s/it][A

eval:  62%|██████▎   | 50/80 [01:20<00:47,  1.59s/it][A

eval:  64%|██████▍   | 51/80 [01:23<00:55,  1.91s/it][A

eval:  65%|██████▌   | 52/80 [01:24<00:48,  1.75s/it][A

eval:  66%|██████▋   | 53/80 [01:26<00:47,  1.74s/it][A

eval:  68%|██████▊   | 54/80 [01:27<00:41,  1.60s/it][A

eval:  69%|██████▉   | 55/80 [01:29<00:41,  1.65s/it][A

eval:  70%|███████   | 56/80 [01:30<00:36,  1.52s/it][A

eval:  71%|███████▏  | 57/80 [01:32<00:36,  1.59s/it][A

eval:  72%|███████▎  | 58/80 [01:33<00:32,  1.46s/it][A

eval:  74%|███████▍  | 59/80 [01:34<00:29,  1.39s/it][A

eval:  75%|███████▌  | 60/80 [01:36<00:29,  1.47s/it][A

eval:  76%|███████▋  | 61/80 [01:37<00:26,  1.39s/it][A

eval:  78%|███████▊  | 62/80 [01:39<00:24,  1.35s/it][A

eval:  79%|███████▉  | 63/80 [01:40<00:25,  1.49s/it][A

eval:  80%|████████  | 64/80 [01:42<00:22,  1.39s/it][A

eval:  81%|████████▏ | 65/80 [01:43<00:22,  1.52s/it][A

eval:  82%|████████▎ | 66/80 [01:45<00:21,  1.57s/it][A

eval:  84%|████████▍ | 67/80 [01:46<00:19,  1.50s/it][A

eval:  85%|████████▌ | 68/80 [01:48<00:18,  1.58s/it][A

eval:  86%|████████▋ | 69/80 [01:49<00:16,  1.52s/it][A

eval:  88%|████████▊ | 70/80 [01:51<00:15,  1.59s/it][A

eval:  89%|████████▉ | 71/80 [01:53<00:14,  1.67s/it][A

eval:  90%|█████████ | 72/80 [01:54<00:12,  1.56s/it][A

eval:  91%|█████████▏| 73/80 [01:56<00:11,  1.67s/it][A

eval:  92%|█████████▎| 74/80 [01:58<00:10,  1.73s/it][A

eval:  94%|█████████▍| 75/80 [02:00<00:08,  1.75s/it][A

eval:  95%|█████████▌| 76/80 [02:02<00:06,  1.68s/it][A

eval:  96%|█████████▋| 77/80 [02:03<00:05,  1.70s/it][A

eval:  98%|█████████▊| 78/80 [02:05<00:03,  1.75s/it][A

eval:  99%|█████████▉| 79/80 [02:06<00:01,  1.61s/it][A

eval: 100%|██████████| 80/80 [02:08<00:00,  1.65s/it][A

                                                     [A2026-05-12 01:26:05 | INFO | __main__ | eval.py:43 | [EVAL_SAMPLE] idx=0 pred=false gold=barely-true output=Label: B explain=Hartzler said, "We have less Americans working now than in the ‘70s." The statistics Hartzler’s staff said she cited show the employment-population ratio and labor force participation rate was indeed higher in 1979 than in 2015. However,... prompt=<|im_start|>system
You are a careful fact-checking assistant for LIAR-RAW claims. Classify claims using only the claim and retrieved evidence supplied by the user.<|im_end|>
<|im_start|>user
Classify the claim into exactly one LIAR-RAW l...
2026-05-12 01:26:05 | INFO | __main__ | eval.py:43 | [EVAL_SAMPLE] idx=0 pred=pants-fire gold=barely-true output=Label: A explain=Hartzler said, "We have less Americans working now than in the ‘70s." The statistics Hartzler’s staff said she cited show the employment-population ratio and labor force participation rate was indeed higher in 1979 than in 2015. However,... prompt=<|im_start|>system
You are a careful fact-checking assistant for LIAR-RAW claims. Classify claims using only the claim and retrieved evidence supplied by the user.<|im_end|>
<|im_start|>user
Classify the claim into exactly one LIAR-RAW l...
2026-05-12 01:26:05 | INFO | __main__ | eval.py:43 | [EVAL_SAMPLE] idx=1 pred=false gold=pants-fire output=Label: B explain=Ellison used a Koran that once belonged to Thomas Jefferson, borrowing the rare book from the Library of Congress. It goes without saying that Ellison is not Obama. UPDATE: Barack Obama resigned from Trinity United Church of Christ on Ma... prompt=<|im_start|>system
You are a careful fact-checking assistant for LIAR-RAW claims. Classify claims using only the claim and retrieved evidence supplied by the user.<|im_end|>
<|im_start|>user
Classify the claim into exactly one LIAR-RAW l...
2026-05-12 01:26:05 | INFO | __main__ | eval.py:43 | [EVAL_SAMPLE] idx=1 pred=false gold=pants-fire output=Label: B explain=Ellison used a Koran that once belonged to Thomas Jefferson, borrowing the rare book from the Library of Congress. It goes without saying that Ellison is not Obama. UPDATE: Barack Obama resigned from Trinity United Church of Christ on Ma... prompt=<|im_start|>system
You are a careful fact-checking assistant for LIAR-RAW claims. Classify claims using only the claim and retrieved evidence supplied by the user.<|im_end|>
<|im_start|>user
Classify the claim into exactly one LIAR-RAW l...
2026-05-12 01:26:05 | INFO | __main__ | eval.py:43 | [EVAL_SAMPLE] idx=2 pred=mostly-true gold=false output=Label: E explain=However, we have two professors who say the law is silent on political activity -- even if one of them sees an implicit prohibition -- and a plain reading of the law that states no explicit ban. Blumenauer said that "the statute a hundre... prompt=<|im_start|>system
You are a careful fact-checking assistant for LIAR-RAW claims. Classify claims using only the claim and retrieved evidence supplied by the user.<|im_end|>
<|im_start|>user
Classify the claim into exactly one LIAR-RAW l...
2026-05-12 01:26:05 | INFO | __main__ | trainer.py:566 | [eval] step=50 accuracy=0.2313 macro_precision=0.2680 macro_recall=0.2419 macro_f1=0.2100 parse_error_rate=0.0000
2026-05-12 01:26:05 | INFO | __main__ | trainer.py:566 | [eval] per_class:
2026-05-12 01:26:05 | INFO | __main__ | trainer.py:566 |   - barely-true: P=0.2222 R=0.3544 F1=0.2732
2026-05-12 01:26:05 | INFO | __main__ | trainer.py:566 |   - false: P=0.2576 R=0.2605 F1=0.2590
2026-05-12 01:26:05 | INFO | __main__ | trainer.py:566 |   - half-true: P=0.4091 R=0.0366 F1=0.0672
2026-05-12 01:26:05 | INFO | __main__ | trainer.py:566 |   - mostly-true: P=0.2918 R=0.2709 F1=0.2810
2026-05-12 01:26:05 | INFO | __main__ | trainer.py:566 |   - pants-fire: P=0.1546 R=0.4224 F1=0.2263
2026-05-12 01:26:05 | INFO | __main__ | trainer.py:566 |   - true: P=0.2727 R=0.1065 F1=0.1532
2026-05-12 01:26:09 | WARNING | sft.data.io | io.py:87 | [WARN] saved adapter has no LoRA tensors; rebuilding adapter weights from model state.
2026-05-12 01:26:09 | WARNING | sft.data.io | io.py:100 | [WARN] Rewrote /data/liaozijie/fact-checking/outputs/runs/mmr_lambda_sweep/build.retrieval.mmr_lambda-0.5__d41d393f/train/best/adapter_model.safetensors with 392 LoRA tensors collected from the in-memory model.
2026-05-12 01:26:14 | WARNING | sft.data.io | io.py:87 | [WARN] saved adapter has no LoRA tensors; rebuilding adapter weights from model state.
2026-05-12 01:26:14 | WARNING | sft.data.io | io.py:100 | [WARN] Rewrote /data/liaozijie/fact-checking/outputs/runs/mmr_lambda_sweep/build.retrieval.mmr_lambda-0.5__d41d393f/train/checkpoint-50/adapter_model.safetensors with 392 LoRA tensors collected from the in-memory model.

  8%|▊         | 51/630 [12:52<8:28:46, 52.72s/it]
  8%|▊         | 52/630 [13:07<6:38:16, 41.34s/it]
  8%|▊         | 53/630 [13:18<5:10:30, 32.29s/it]
  9%|▊         | 54/630 [13:29<4:08:36, 25.90s/it]
  9%|▊         | 55/630 [13:39<3:22:38, 21.14s/it]
  9%|▉         | 56/630 [13:48<2:48:01, 17.56s/it]
  9%|▉         | 57/630 [14:03<2:39:50, 16.74s/it]
  9%|▉         | 58/630 [14:16<2:29:13, 15.65s/it]
  9%|▉         | 59/630 [14:29<2:21:01, 14.82s/it]
 10%|▉         | 60/630 [14:40<2:09:31, 13.63s/it]
 10%|▉         | 61/630 [14:50<1:59:48, 12.63s/it]
 10%|▉         | 62/630 [14:59<1:49:40, 11.58s/it]
 10%|█         | 63/630 [15:13<1:54:56, 12.16s/it]
 10%|█         | 64/630 [15:28<2:03:16, 13.07s/it]
 10%|█         | 65/630 [15:41<2:03:27, 13.11s/it]
 10%|█         | 66/630 [15:52<1:57:00, 12.45s/it]
 11%|█         | 67/630 [16:03<1:53:01, 12.04s/it]
 11%|█         | 68/630 [16:13<1:46:25, 11.36s/it]
 11%|█         | 69/630 [16:25<1:46:47, 11.42s/it]
 11%|█         | 70/630 [16:37<1:50:25, 11.83s/it]
 11%|█▏        | 71/630 [16:51<1:55:44, 12.42s/it]
 11%|█▏        | 72/630 [17:04<1:57:08, 12.60s/it]
 12%|█▏        | 73/630 [17:15<1:52:07, 12.08s/it]
 12%|█▏        | 74/630 [17:24<1:44:11, 11.24s/it]
 12%|█▏        | 75/630 [17:33<1:37:04, 10.49s/it]
 12%|█▏        | 76/630 [17:47<1:47:09, 11.61s/it]
 12%|█▏        | 77/630 [18:01<1:53:07, 12.27s/it]
 12%|█▏        | 78/630 [18:13<1:51:33, 12.13s/it]
 13%|█▎        | 79/630 [18:24<1:48:29, 11.81s/it]
 13%|█▎        | 80/630 [18:35<1:46:08, 11.58s/it]
 13%|█▎        | 81/630 [18:44<1:39:29, 10.87s/it]
 13%|█▎        | 82/630 [18:59<1:49:53, 12.03s/it]
 13%|█▎        | 83/630 [19:13<1:55:51, 12.71s/it]
 13%|█▎        | 84/630 [19:27<1:59:27, 13.13s/it]
 13%|█▎        | 85/630 [19:40<1:58:03, 13.00s/it]
 14%|█▎        | 86/630 [19:51<1:52:43, 12.43s/it]
 14%|█▍        | 87/630 [20:01<1:45:25, 11.65s/it]
 14%|█▍        | 88/630 [20:13<1:46:13, 11.76s/it]
 14%|█▍        | 89/630 [20:26<1:50:14, 12.23s/it]
 14%|█▍        | 90/630 [20:39<1:51:35, 12.40s/it]
 14%|█▍        | 91/630 [20:51<1:50:44, 12.33s/it]
 15%|█▍        | 92/630 [21:03<1:49:23, 12.20s/it]
 15%|█▍        | 93/630 [21:14<1:46:05, 11.85s/it]
 15%|█▍        | 94/630 [21:26<1:44:38, 11.71s/it]
 15%|█▌        | 95/630 [21:38<1:47:03, 12.01s/it]
 15%|█▌        | 96/630 [21:51<1:48:33, 12.20s/it]
 15%|█▌        | 97/630 [22:04<1:50:49, 12.48s/it]
 16%|█▌        | 98/630 [22:15<1:47:02, 12.07s/it]
 16%|█▌        | 99/630 [22:26<1:43:46, 11.73s/it]
 16%|█▌        | 100/630 [22:36<1:38:07, 11.11s/it]

eval:   0%|          | 0/80 [00:00<?, ?it/s][A

eval:   1%|▏         | 1/80 [00:01<01:44,  1.32s/it][A

eval:   2%|▎         | 2/80 [00:02<01:33,  1.20s/it][A

eval:   4%|▍         | 3/80 [00:04<01:52,  1.46s/it][A

eval:   5%|▌         | 4/80 [00:06<02:02,  1.61s/it][A

eval:   6%|▋         | 5/80 [00:07<01:52,  1.50s/it][A

eval:   8%|▊         | 6/80 [00:08<01:43,  1.40s/it][A

eval:   9%|▉         | 7/80 [00:10<01:52,  1.55s/it][A

eval:  10%|█         | 8/80 [00:12<01:59,  1.67s/it][A

eval:  11%|█▏        | 9/80 [00:14<02:00,  1.69s/it][A

eval:  12%|█▎        | 10/80 [00:15<01:51,  1.60s/it][A

eval:  14%|█▍        | 11/80 [00:18<02:12,  1.93s/it][A

eval:  15%|█▌        | 12/80 [00:19<01:58,  1.74s/it][A

eval:  16%|█▋        | 13/80 [00:21<02:11,  1.96s/it][A

eval:  18%|█▊        | 14/80 [00:23<02:11,  1.99s/it][A

eval:  19%|█▉        | 15/80 [00:25<01:56,  1.79s/it][A

eval:  20%|██        | 16/80 [00:26<01:43,  1.62s/it][A

eval:  21%|██▏       | 17/80 [00:28<01:43,  1.65s/it][A

eval:  22%|██▎       | 18/80 [00:29<01:33,  1.51s/it][A

eval:  24%|██▍       | 19/80 [00:31<01:35,  1.57s/it][A

eval:  25%|██▌       | 20/80 [00:32<01:29,  1.48s/it][A

eval:  26%|██▋       | 21/80 [00:34<01:32,  1.57s/it][A

eval:  28%|██▊       | 22/80 [00:35<01:26,  1.50s/it][A

eval:  29%|██▉       | 23/80 [00:37<01:29,  1.57s/it][A

eval:  30%|███       | 24/80 [00:39<01:31,  1.63s/it][A

eval:  31%|███▏      | 25/80 [00:40<01:21,  1.49s/it][A

eval:  32%|███▎      | 26/80 [00:41<01:15,  1.39s/it][A

eval:  34%|███▍      | 27/80 [00:43<01:20,  1.52s/it][A

eval:  35%|███▌      | 28/80 [00:44<01:16,  1.46s/it][A

eval:  36%|███▋      | 29/80 [00:46<01:19,  1.56s/it][A

eval:  38%|███▊      | 30/80 [00:47<01:13,  1.46s/it][A

eval:  39%|███▉      | 31/80 [00:49<01:16,  1.56s/it][A

eval:  40%|████      | 32/80 [00:51<01:19,  1.66s/it][A

eval:  41%|████▏     | 33/80 [00:52<01:13,  1.56s/it][A

eval:  42%|████▎     | 34/80 [00:54<01:14,  1.63s/it][A

eval:  44%|████▍     | 35/80 [00:56<01:16,  1.70s/it][A

eval:  45%|████▌     | 36/80 [00:58<01:18,  1.77s/it][A

eval:  46%|████▋     | 37/80 [00:59<01:11,  1.65s/it][A

eval:  48%|████▊     | 38/80 [01:01<01:11,  1.69s/it][A

eval:  49%|████▉     | 39/80 [01:03<01:10,  1.71s/it][A

eval:  50%|█████     | 40/80 [01:04<01:02,  1.56s/it][A

eval:  51%|█████▏    | 41/80 [01:06<01:05,  1.69s/it][A

eval:  52%|█████▎    | 42/80 [01:07<00:58,  1.55s/it][A

eval:  54%|█████▍    | 43/80 [01:09<01:02,  1.68s/it][A

eval:  55%|█████▌    | 44/80 [01:11<01:00,  1.68s/it][A

eval:  56%|█████▋    | 45/80 [01:12<00:55,  1.57s/it][A

eval:  57%|█████▊    | 46/80 [01:14<00:54,  1.62s/it][A

eval:  59%|█████▉    | 47/80 [01:15<00:50,  1.54s/it][A

eval:  60%|██████    | 48/80 [01:17<00:52,  1.63s/it][A

eval:  61%|██████▏   | 49/80 [01:19<00:51,  1.67s/it][A

eval:  62%|██████▎   | 50/80 [01:20<00:45,  1.53s/it][A

eval:  64%|██████▍   | 51/80 [01:22<00:47,  1.63s/it][A

eval:  65%|██████▌   | 52/80 [01:24<00:47,  1.71s/it][A

eval:  66%|██████▋   | 53/80 [01:25<00:42,  1.57s/it][A

eval:  68%|██████▊   | 54/80 [01:26<00:37,  1.46s/it][A

eval:  69%|██████▉   | 55/80 [01:28<00:39,  1.57s/it][A

eval:  70%|███████   | 56/80 [01:30<00:38,  1.62s/it][A

eval:  71%|███████▏  | 57/80 [01:31<00:35,  1.56s/it][A

eval:  72%|███████▎  | 58/80 [01:32<00:30,  1.39s/it][A

eval:  74%|███████▍  | 59/80 [01:34<00:32,  1.53s/it][A

eval:  75%|███████▌  | 60/80 [01:36<00:31,  1.58s/it][A

eval:  76%|███████▋  | 61/80 [01:37<00:27,  1.47s/it][A

eval:  78%|███████▊  | 62/80 [01:38<00:25,  1.39s/it][A

eval:  79%|███████▉  | 63/80 [01:40<00:25,  1.52s/it][A

eval:  80%|████████  | 64/80 [01:41<00:22,  1.40s/it][A

eval:  81%|████████▏ | 65/80 [01:43<00:22,  1.52s/it][A

eval:  82%|████████▎ | 66/80 [01:44<00:20,  1.44s/it][A

eval:  84%|████████▍ | 67/80 [01:46<00:20,  1.55s/it][A

eval:  85%|████████▌ | 68/80 [01:47<00:17,  1.45s/it][A

eval:  86%|████████▋ | 69/80 [01:49<00:16,  1.54s/it][A

eval:  88%|████████▊ | 70/80 [01:50<00:14,  1.45s/it][A

eval:  89%|████████▉ | 71/80 [01:52<00:14,  1.57s/it][A

eval:  90%|█████████ | 72/80 [01:54<00:13,  1.65s/it][A

eval:  91%|█████████▏| 73/80 [01:56<00:12,  1.76s/it][A

eval:  92%|█████████▎| 74/80 [01:57<00:09,  1.60s/it][A

eval:  94%|█████████▍| 75/80 [01:59<00:08,  1.73s/it][A

eval:  95%|█████████▌| 76/80 [02:01<00:07,  1.96s/it][A

eval:  96%|█████████▋| 77/80 [02:03<00:05,  1.75s/it][A

eval:  98%|█████████▊| 78/80 [02:05<00:03,  1.80s/it][A

eval:  99%|█████████▉| 79/80 [02:06<00:01,  1.64s/it][A

eval: 100%|██████████| 80/80 [02:08<00:00,  1.68s/it][A

                                                     [A2026-05-12 01:38:18 | INFO | __main__ | eval.py:43 | [EVAL_SAMPLE] idx=0 pred=false gold=barely-true output=Label: B explain=Hartzler said, "We have less Americans working now than in the ‘70s." The statistics Hartzler’s staff said she cited show the employment-population ratio and labor force participation rate was indeed higher in 1979 than in 2015. However,... prompt=<|im_start|>system
You are a careful fact-checking assistant for LIAR-RAW claims. Classify claims using only the claim and retrieved evidence supplied by the user.<|im_end|>
<|im_start|>user
Classify the claim into exactly one LIAR-RAW l...
2026-05-12 01:38:18 | INFO | __main__ | eval.py:43 | [EVAL_SAMPLE] idx=0 pred=false gold=barely-true output=Label: B explain=Hartzler said, "We have less Americans working now than in the ‘70s." The statistics Hartzler’s staff said she cited show the employment-population ratio and labor force participation rate was indeed higher in 1979 than in 2015. However,... prompt=<|im_start|>system
You are a careful fact-checking assistant for LIAR-RAW claims. Classify claims using only the claim and retrieved evidence supplied by the user.<|im_end|>
<|im_start|>user
Classify the claim into exactly one LIAR-RAW l...
2026-05-12 01:38:18 | INFO | __main__ | eval.py:43 | [EVAL_SAMPLE] idx=1 pred=false gold=pants-fire output=Label: B explain=Ellison used a Koran that once belonged to Thomas Jefferson, borrowing the rare book from the Library of Congress. It goes without saying that Ellison is not Obama. UPDATE: Barack Obama resigned from Trinity United Church of Christ on Ma... prompt=<|im_start|>system
You are a careful fact-checking assistant for LIAR-RAW claims. Classify claims using only the claim and retrieved evidence supplied by the user.<|im_end|>
<|im_start|>user
Classify the claim into exactly one LIAR-RAW l...
2026-05-12 01:38:18 | INFO | __main__ | eval.py:43 | [EVAL_SAMPLE] idx=1 pred=false gold=pants-fire output=Label: B explain=Ellison used a Koran that once belonged to Thomas Jefferson, borrowing the rare book from the Library of Congress. It goes without saying that Ellison is not Obama. UPDATE: Barack Obama resigned from Trinity United Church of Christ on Ma... prompt=<|im_start|>system
You are a careful fact-checking assistant for LIAR-RAW claims. Classify claims using only the claim and retrieved evidence supplied by the user.<|im_end|>
<|im_start|>user
Classify the claim into exactly one LIAR-RAW l...
2026-05-12 01:38:18 | INFO | __main__ | eval.py:43 | [EVAL_SAMPLE] idx=2 pred=barely-true gold=false output=Label: C explain=However, we have two professors who say the law is silent on political activity -- even if one of them sees an implicit prohibition -- and a plain reading of the law that states no explicit ban. Blumenauer said that "the statute a hundre... prompt=<|im_start|>system
You are a careful fact-checking assistant for LIAR-RAW claims. Classify claims using only the claim and retrieved evidence supplied by the user.<|im_end|>
<|im_start|>user
Classify the claim into exactly one LIAR-RAW l...
2026-05-12 01:38:18 | INFO | __main__ | trainer.py:566 | [eval] step=100 accuracy=0.2547 macro_precision=0.3265 macro_recall=0.2587 macro_f1=0.2268 parse_error_rate=0.0000
2026-05-12 01:38:18 | INFO | __main__ | trainer.py:566 | [eval] per_class:
2026-05-12 01:38:18 | INFO | __main__ | trainer.py:566 |   - barely-true: P=0.2066 R=0.5570 F1=0.3014
2026-05-12 01:38:18 | INFO | __main__ | trainer.py:566 |   - false: P=0.2848 R=0.3448 F1=0.3120
2026-05-12 01:38:18 | INFO | __main__ | trainer.py:566 |   - half-true: P=0.4074 R=0.0447 F1=0.0806
2026-05-12 01:38:18 | INFO | __main__ | trainer.py:566 |   - mostly-true: P=0.4444 R=0.0478 F1=0.0863
2026-05-12 01:38:18 | INFO | __main__ | trainer.py:566 |   - pants-fire: P=0.3333 R=0.2500 F1=0.2857
2026-05-12 01:38:18 | INFO | __main__ | trainer.py:566 |   - true: P=0.2826 R=0.3077 F1=0.2946
2026-05-12 01:38:22 | WARNING | sft.data.io | io.py:87 | [WARN] saved adapter has no LoRA tensors; rebuilding adapter weights from model state.
2026-05-12 01:38:22 | WARNING | sft.data.io | io.py:100 | [WARN] Rewrote /data/liaozijie/fact-checking/outputs/runs/mmr_lambda_sweep/build.retrieval.mmr_lambda-0.5__d41d393f/train/best/adapter_model.safetensors with 392 LoRA tensors collected from the in-memory model.
2026-05-12 01:38:27 | WARNING | sft.data.io | io.py:87 | [WARN] saved adapter has no LoRA tensors; rebuilding adapter weights from model state.
2026-05-12 01:38:27 | WARNING | sft.data.io | io.py:100 | [WARN] Rewrote /data/liaozijie/fact-checking/outputs/runs/mmr_lambda_sweep/build.retrieval.mmr_lambda-0.5__d41d393f/train/checkpoint-100/adapter_model.safetensors with 392 LoRA tensors collected from the in-memory model.

 16%|█▌        | 101/630 [25:08<7:51:51, 53.52s/it]
 16%|█▌        | 102/630 [25:23<6:08:29, 41.87s/it]
 16%|█▋        | 103/630 [25:35<4:49:37, 32.97s/it]
 17%|█▋        | 104/630 [25:46<3:51:25, 26.40s/it]
 17%|█▋        | 105/630 [25:57<3:09:57, 21.71s/it]
 17%|█▋        | 106/630 [26:06<2:37:12, 18.00s/it]
 17%|█▋        | 107/630 [26:21<2:28:03, 16.99s/it]
 17%|█▋        | 108/630 [26:34<2:18:07, 15.88s/it]
 17%|█▋        | 109/630 [26:47<2:10:14, 15.00s/it]
 17%|█▋        | 110/630 [27:00<2:04:36, 14.38s/it]
 18%|█▊        | 111/630 [27:11<1:55:59, 13.41s/it]
 18%|█▊        | 112/630 [27:21<1:46:40, 12.36s/it]
 18%|█▊        | 113/630 [27:36<1:53:38, 13.19s/it]
 18%|█▊        | 114/630 [27:51<1:58:05, 13.73s/it]
 18%|█▊        | 115/630 [28:05<1:58:14, 13.78s/it]
 18%|█▊        | 116/630 [28:17<1:52:49, 13.17s/it]
 19%|█▊        | 117/630 [28:28<1:47:28, 12.57s/it]
 19%|█▊        | 118/630 [28:38<1:41:03, 11.84s/it]
 19%|█▉        | 119/630 [28:50<1:39:26, 11.68s/it]
 19%|█▉        | 120/630 [29:02<1:41:35, 11.95s/it]
 19%|█▉        | 121/630 [29:15<1:44:24, 12.31s/it]
 19%|█▉        | 122/630 [29:28<1:45:55, 12.51s/it]
 20%|█▉        | 123/630 [29:40<1:43:59, 12.31s/it]
 20%|█▉        | 124/630 [29:51<1:40:01, 11.86s/it]
 20%|█▉        | 125/630 [30:00<1:32:02, 10.93s/it]
 20%|██        | 126/630 [30:13<1:38:42, 11.75s/it]
 20%|██        | 127/630 [30:27<1:43:43, 12.37s/it]
 20%|██        | 128/630 [30:40<1:44:46, 12.52s/it]
 20%|██        | 129/630 [30:52<1:42:30, 12.28s/it]
 21%|██        | 130/630 [31:01<1:35:11, 11.42s/it]
 21%|██        | 131/630 [31:11<1:30:40, 10.90s/it]
 21%|██        | 132/630 [31:26<1:40:13, 12.07s/it]
 21%|██        | 133/630 [31:39<1:43:10, 12.46s/it]
 21%|██▏       | 134/630 [31:51<1:42:13, 12.37s/it]
 21%|██▏       | 135/630 [32:03<1:40:45, 12.21s/it]
 22%|██▏       | 136/630 [32:14<1:37:52, 11.89s/it]
 22%|██▏       | 137/630 [32:24<1:32:53, 11.30s/it]
 22%|██▏       | 138/630 [32:38<1:39:25, 12.12s/it]
 22%|██▏       | 139/630 [32:54<1:48:02, 13.20s/it]
 22%|██▏       | 140/630 [33:06<1:45:20, 12.90s/it]
 22%|██▏       | 141/630 [33:17<1:41:03, 12.40s/it]
 23%|██▎       | 142/630 [33:29<1:39:15, 12.20s/it]
 23%|██▎       | 143/630 [33:39<1:33:24, 11.51s/it]
 23%|██▎       | 144/630 [33:51<1:33:30, 11.54s/it]
 23%|██▎       | 145/630 [34:04<1:37:22, 12.05s/it]
 23%|██▎       | 146/630 [34:17<1:39:31, 12.34s/it]
 23%|██▎       | 147/630 [34:28<1:37:14, 12.08s/it]
 23%|██▎       | 148/630 [34:40<1:36:50, 12.05s/it]
 24%|██▎       | 149/630 [34:51<1:33:37, 11.68s/it]
 24%|██▍       | 150/630 [35:00<1:26:43, 10.84s/it]

eval:   0%|          | 0/80 [00:00<?, ?it/s][A

eval:   1%|▏         | 1/80 [00:01<01:42,  1.30s/it][A

eval:   2%|▎         | 2/80 [00:02<01:29,  1.15s/it][A

eval:   4%|▍         | 3/80 [00:04<01:49,  1.43s/it][A

eval:   5%|▌         | 4/80 [00:06<02:03,  1.62s/it][A

eval:   6%|▋         | 5/80 [00:07<01:51,  1.49s/it][A

eval:   8%|▊         | 6/80 [00:08<01:55,  1.56s/it][A

eval:   9%|▉         | 7/80 [00:10<01:48,  1.48s/it][A

eval:  10%|█         | 8/80 [00:12<01:58,  1.65s/it][A

eval:  11%|█▏        | 9/80 [00:13<01:55,  1.63s/it][A

eval:  12%|█▎        | 10/80 [00:15<01:49,  1.57s/it][A

eval:  14%|█▍        | 11/80 [00:17<02:10,  1.90s/it][A

eval:  15%|█▌        | 12/80 [00:19<01:56,  1.72s/it][A

eval:  16%|█▋        | 13/80 [00:21<01:57,  1.75s/it][A

eval:  18%|█▊        | 14/80 [00:22<01:56,  1.77s/it][A

eval:  19%|█▉        | 15/80 [00:24<01:48,  1.67s/it][A

eval:  20%|██        | 16/80 [00:25<01:45,  1.65s/it][A

eval:  21%|██▏       | 17/80 [00:27<01:38,  1.57s/it][A

eval:  22%|██▎       | 18/80 [00:28<01:37,  1.57s/it][A

eval:  24%|██▍       | 19/80 [00:30<01:30,  1.48s/it][A

eval:  25%|██▌       | 20/80 [00:31<01:33,  1.56s/it][A

eval:  26%|██▋       | 21/80 [00:33<01:27,  1.49s/it][A

eval:  28%|██▊       | 22/80 [00:34<01:31,  1.57s/it][A

eval:  29%|██▉       | 23/80 [00:36<01:25,  1.50s/it][A

eval:  30%|███       | 24/80 [00:38<01:28,  1.59s/it][A

eval:  31%|███▏      | 25/80 [00:39<01:21,  1.49s/it][A

eval:  32%|███▎      | 26/80 [00:41<01:23,  1.55s/it][A

eval:  34%|███▍      | 27/80 [00:42<01:27,  1.65s/it][A

eval:  35%|███▌      | 28/80 [00:44<01:20,  1.55s/it][A

eval:  36%|███▋      | 29/80 [00:46<01:32,  1.82s/it][A

eval:  38%|███▊      | 30/80 [00:47<01:22,  1.65s/it][A

eval:  39%|███▉      | 31/80 [00:49<01:15,  1.55s/it][A

eval:  40%|████      | 32/80 [00:51<01:21,  1.70s/it][A

eval:  41%|████▏     | 33/80 [00:53<01:19,  1.70s/it][A

eval:  42%|████▎     | 34/80 [00:54<01:12,  1.59s/it][A

eval:  44%|████▍     | 35/80 [00:56<01:12,  1.62s/it][A

eval:  45%|████▌     | 36/80 [00:58<01:16,  1.73s/it][A

eval:  46%|████▋     | 37/80 [00:59<01:09,  1.61s/it][A

eval:  48%|████▊     | 38/80 [01:01<01:10,  1.67s/it][A

eval:  49%|████▉     | 39/80 [01:02<01:10,  1.71s/it][A

eval:  50%|█████     | 40/80 [01:04<01:02,  1.56s/it][A

eval:  51%|█████▏    | 41/80 [01:06<01:13,  1.90s/it][A

eval:  52%|█████▎    | 42/80 [01:08<01:03,  1.68s/it][A

eval:  54%|█████▍    | 43/80 [01:10<01:05,  1.78s/it][A

eval:  55%|█████▌    | 44/80 [01:11<00:58,  1.62s/it][A

eval:  56%|█████▋    | 45/80 [01:13<01:05,  1.87s/it][A

eval:  57%|█████▊    | 46/80 [01:15<00:57,  1.69s/it][A

eval:  59%|█████▉    | 47/80 [01:16<00:51,  1.58s/it][A

eval:  60%|██████    | 48/80 [01:18<00:54,  1.69s/it][A

eval:  61%|██████▏   | 49/80 [01:20<00:53,  1.71s/it][A

eval:  62%|██████▎   | 50/80 [01:21<00:47,  1.59s/it][A

eval:  64%|██████▍   | 51/80 [01:23<00:48,  1.67s/it][A

eval:  65%|██████▌   | 52/80 [01:25<00:49,  1.76s/it][A

eval:  66%|██████▋   | 53/80 [01:26<00:47,  1.77s/it][A

eval:  68%|██████▊   | 54/80 [01:28<00:41,  1.61s/it][A

eval:  69%|██████▉   | 55/80 [01:30<00:42,  1.70s/it][A

eval:  70%|███████   | 56/80 [01:31<00:37,  1.57s/it][A

eval:  71%|███████▏  | 57/80 [01:33<00:38,  1.66s/it][A

eval:  72%|███████▎  | 58/80 [01:34<00:36,  1.65s/it][A

eval:  74%|███████▍  | 59/80 [01:36<00:32,  1.55s/it][A

eval:  75%|███████▌  | 60/80 [01:37<00:31,  1.58s/it][A

eval:  76%|███████▋  | 61/80 [01:39<00:28,  1.48s/it][A

eval:  78%|███████▊  | 62/80 [01:40<00:25,  1.40s/it][A

eval:  79%|███████▉  | 63/80 [01:42<00:25,  1.53s/it][A

eval:  80%|████████  | 64/80 [01:43<00:22,  1.42s/it][A

eval:  81%|████████▏ | 65/80 [01:45<00:23,  1.56s/it][A

eval:  82%|████████▎ | 66/80 [01:46<00:22,  1.58s/it][A

eval:  84%|████████▍ | 67/80 [01:48<00:19,  1.54s/it][A

eval:  85%|████████▌ | 68/80 [01:50<00:19,  1.60s/it][A

eval:  86%|████████▋ | 69/80 [01:51<00:16,  1.53s/it][A

eval:  88%|████████▊ | 70/80 [01:53<00:16,  1.60s/it][A

eval:  89%|████████▉ | 71/80 [01:55<00:15,  1.68s/it][A

eval:  90%|█████████ | 72/80 [01:56<00:12,  1.57s/it][A

eval:  91%|█████████▏| 73/80 [01:58<00:11,  1.68s/it][A

eval:  92%|█████████▎| 74/80 [02:00<00:10,  1.71s/it][A

eval:  94%|█████████▍| 75/80 [02:01<00:08,  1.74s/it][A

eval:  95%|█████████▌| 76/80 [02:03<00:06,  1.66s/it][A

eval:  96%|█████████▋| 77/80 [02:05<00:04,  1.67s/it][A

eval:  98%|█████████▊| 78/80 [02:06<00:03,  1.73s/it][A

eval:  99%|█████████▉| 79/80 [02:08<00:01,  1.57s/it][A

eval: 100%|██████████| 80/80 [02:09<00:00,  1.47s/it][A

                                                     [A2026-05-12 01:50:43 | INFO | __main__ | eval.py:43 | [EVAL_SAMPLE] idx=0 pred=false gold=barely-true output=Label: B explain=Hartzler said, "We have less Americans working now than in the ‘70s." The statistics Hartzler’s staff said she cited show the employment-population ratio and labor force participation rate was indeed higher in 1979 than in 2015. However,... prompt=<|im_start|>system
You are a careful fact-checking assistant for LIAR-RAW claims. Classify claims using only the claim and retrieved evidence supplied by the user.<|im_end|>
<|im_start|>user
Classify the claim into exactly one LIAR-RAW l...
2026-05-12 01:50:43 | INFO | __main__ | eval.py:43 | [EVAL_SAMPLE] idx=0 pred=false gold=barely-true output=Label: B explain=Hartzler said, "We have less Americans working now than in the ‘70s." The statistics Hartzler’s staff said she cited show the employment-population ratio and labor force participation rate was indeed higher in 1979 than in 2015. However,... prompt=<|im_start|>system
You are a careful fact-checking assistant for LIAR-RAW claims. Classify claims using only the claim and retrieved evidence supplied by the user.<|im_end|>
<|im_start|>user
Classify the claim into exactly one LIAR-RAW l...
2026-05-12 01:50:43 | INFO | __main__ | eval.py:43 | [EVAL_SAMPLE] idx=1 pred=false gold=pants-fire output=Label: B explain=Ellison used a Koran that once belonged to Thomas Jefferson, borrowing the rare book from the Library of Congress. It goes without saying that Ellison is not Obama. UPDATE: Barack Obama resigned from Trinity United Church of Christ on Ma... prompt=<|im_start|>system
You are a careful fact-checking assistant for LIAR-RAW claims. Classify claims using only the claim and retrieved evidence supplied by the user.<|im_end|>
<|im_start|>user
Classify the claim into exactly one LIAR-RAW l...
2026-05-12 01:50:43 | INFO | __main__ | eval.py:43 | [EVAL_SAMPLE] idx=1 pred=false gold=pants-fire output=Label: B explain=Ellison used a Koran that once belonged to Thomas Jefferson, borrowing the rare book from the Library of Congress. It goes without saying that Ellison is not Obama. UPDATE: Barack Obama resigned from Trinity United Church of Christ on Ma... prompt=<|im_start|>system
You are a careful fact-checking assistant for LIAR-RAW claims. Classify claims using only the claim and retrieved evidence supplied by the user.<|im_end|>
<|im_start|>user
Classify the claim into exactly one LIAR-RAW l...
2026-05-12 01:50:43 | INFO | __main__ | eval.py:43 | [EVAL_SAMPLE] idx=2 pred=mostly-true gold=false output=Label: E explain=However, we have two professors who say the law is silent on political activity -- even if one of them sees an implicit prohibition -- and a plain reading of the law that states no explicit ban. Blumenauer said that "the statute a hundre... prompt=<|im_start|>system
You are a careful fact-checking assistant for LIAR-RAW claims. Classify claims using only the claim and retrieved evidence supplied by the user.<|im_end|>
<|im_start|>user
Classify the claim into exactly one LIAR-RAW l...
2026-05-12 01:50:43 | INFO | __main__ | trainer.py:566 | [eval] step=150 accuracy=0.2648 macro_precision=0.2955 macro_recall=0.2852 macro_f1=0.2568 parse_error_rate=0.0000
2026-05-12 01:50:43 | INFO | __main__ | trainer.py:566 | [eval] per_class:
2026-05-12 01:50:43 | INFO | __main__ | trainer.py:566 |   - barely-true: P=0.2308 R=0.3544 F1=0.2795
2026-05-12 01:50:43 | INFO | __main__ | trainer.py:566 |   - false: P=0.2953 R=0.2874 F1=0.2913
2026-05-12 01:50:43 | INFO | __main__ | trainer.py:566 |   - half-true: P=0.2910 R=0.1585 F1=0.2053
2026-05-12 01:50:43 | INFO | __main__ | trainer.py:566 |   - mostly-true: P=0.4318 R=0.0757 F1=0.1288
2026-05-12 01:50:43 | INFO | __main__ | trainer.py:566 |   - pants-fire: P=0.2877 R=0.3621 F1=0.3206
2026-05-12 01:50:43 | INFO | __main__ | trainer.py:566 |   - true: P=0.2367 R=0.4734 F1=0.3156
2026-05-12 01:50:47 | WARNING | sft.data.io | io.py:87 | [WARN] saved adapter has no LoRA tensors; rebuilding adapter weights from model state.
2026-05-12 01:50:47 | WARNING | sft.data.io | io.py:100 | [WARN] Rewrote /data/liaozijie/fact-checking/outputs/runs/mmr_lambda_sweep/build.retrieval.mmr_lambda-0.5__d41d393f/train/best/adapter_model.safetensors with 392 LoRA tensors collected from the in-memory model.
2026-05-12 01:50:51 | WARNING | sft.data.io | io.py:87 | [WARN] saved adapter has no LoRA tensors; rebuilding adapter weights from model state.
2026-05-12 01:50:51 | WARNING | sft.data.io | io.py:100 | [WARN] Rewrote /data/liaozijie/fact-checking/outputs/runs/mmr_lambda_sweep/build.retrieval.mmr_lambda-0.5__d41d393f/train/checkpoint-150/adapter_model.safetensors with 392 LoRA tensors collected from the in-memory model.

 24%|██▍       | 151/630 [37:29<6:57:30, 52.30s/it]
 24%|██▍       | 152/630 [37:41<5:20:55, 40.28s/it]
 24%|██▍       | 153/630 [37:53<4:12:52, 31.81s/it]
 24%|██▍       | 154/630 [38:05<3:25:11, 25.87s/it]
 25%|██▍       | 155/630 [38:17<2:51:12, 21.63s/it]
 25%|██▍       | 156/630 [38:26<2:21:38, 17.93s/it]
 25%|██▍       | 157/630 [38:41<2:13:40, 16.96s/it]
 25%|██▌       | 158/630 [38:56<2:08:12, 16.30s/it]
 25%|██▌       | 159/630 [39:07<1:56:51, 14.89s/it]
 25%|██▌       | 160/630 [39:20<1:51:27, 14.23s/it]
 26%|██▌       | 161/630 [39:31<1:43:32, 13.25s/it]
 26%|██▌       | 162/630 [39:41<1:35:43, 12.27s/it]
 26%|██▌       | 163/630 [39:53<1:35:07, 12.22s/it]
 26%|██▌       | 164/630 [40:08<1:41:35, 13.08s/it]
 26%|██▌       | 165/630 [40:20<1:39:12, 12.80s/it]
 26%|██▋       | 166/630 [40:33<1:38:56, 12.79s/it]
 27%|██▋       | 167/630 [40:43<1:32:31, 11.99s/it]
 27%|██▋       | 168/630 [40:53<1:27:06, 11.31s/it]
 27%|██▋       | 169/630 [41:06<1:29:56, 11.71s/it]
 27%|██▋       | 170/630 [41:21<1:38:01, 12.79s/it]
 27%|██▋       | 171/630 [41:34<1:38:36, 12.89s/it]
 27%|██▋       | 172/630 [41:46<1:36:57, 12.70s/it]
 27%|██▋       | 173/630 [41:58<1:34:42, 12.43s/it]
 28%|██▊       | 174/630 [42:09<1:31:16, 12.01s/it]
 28%|██▊       | 175/630 [42:17<1:22:26, 10.87s/it]
 28%|██▊       | 176/630 [42:34<1:35:35, 12.63s/it]
 28%|██▊       | 177/630 [42:48<1:38:43, 13.08s/it]
 28%|██▊       | 178/630 [43:01<1:38:40, 13.10s/it]
 28%|██▊       | 179/630 [43:13<1:35:50, 12.75s/it]
 29%|██▊       | 180/630 [43:24<1:31:31, 12.20s/it]
 29%|██▊       | 181/630 [43:34<1:25:46, 11.46s/it]
 29%|██▉       | 182/630 [43:48<1:31:09, 12.21s/it]
 29%|██▉       | 183/630 [44:02<1:35:22, 12.80s/it]
 29%|██▉       | 184/630 [44:14<1:33:49, 12.62s/it]
 29%|██▉       | 185/630 [44:26<1:31:48, 12.38s/it]
 30%|██▉       | 186/630 [44:38<1:29:49, 12.14s/it]
 30%|██▉       | 187/630 [44:47<1:23:03, 11.25s/it]
 30%|██▉       | 188/630 [44:59<1:25:19, 11.58s/it]
 30%|███       | 189/630 [45:14<1:32:13, 12.55s/it]
 30%|███       | 190/630 [45:26<1:31:34, 12.49s/it]
 30%|███       | 191/630 [45:38<1:29:28, 12.23s/it]
 30%|███       | 192/630 [45:49<1:26:18, 11.82s/it]
 31%|███       | 193/630 [45:57<1:18:52, 10.83s/it]
 31%|███       | 194/630 [46:11<1:24:04, 11.57s/it]
 31%|███       | 195/630 [46:24<1:27:42, 12.10s/it]
 31%|███       | 196/630 [46:36<1:27:29, 12.09s/it]
 31%|███▏      | 197/630 [46:47<1:25:32, 11.85s/it]
 31%|███▏      | 198/630 [46:59<1:24:53, 11.79s/it]
 32%|███▏      | 199/630 [47:09<1:20:38, 11.23s/it]
 32%|███▏      | 200/630 [47:16<1:12:09, 10.07s/it]

eval:   0%|          | 0/80 [00:00<?, ?it/s][A

eval:   1%|▏         | 1/80 [00:01<02:11,  1.67s/it][A

eval:   2%|▎         | 2/80 [00:02<01:42,  1.32s/it][A

eval:   4%|▍         | 3/80 [00:03<01:38,  1.28s/it][A

eval:   5%|▌         | 4/80 [00:05<01:55,  1.52s/it][A

eval:   6%|▋         | 5/80 [00:07<01:44,  1.39s/it][A

eval:   8%|▊         | 6/80 [00:08<01:49,  1.48s/it][A

eval:   9%|▉         | 7/80 [00:09<01:42,  1.41s/it][A

eval:  10%|█         | 8/80 [00:12<02:07,  1.77s/it][A

eval:  11%|█▏        | 9/80 [00:13<01:51,  1.57s/it][A

eval:  12%|█▎        | 10/80 [00:14<01:45,  1.51s/it][A

eval:  14%|█▍        | 11/80 [00:17<02:06,  1.84s/it][A

eval:  15%|█▌        | 12/80 [00:18<01:53,  1.68s/it][A

eval:  16%|█▋        | 13/80 [00:21<02:08,  1.91s/it][A

eval:  18%|█▊        | 14/80 [00:22<01:54,  1.74s/it][A

eval:  19%|█▉        | 15/80 [00:24<01:46,  1.63s/it][A

eval:  20%|██        | 16/80 [00:26<01:57,  1.84s/it][A

eval:  21%|██▏       | 17/80 [00:27<01:46,  1.69s/it][A

eval:  22%|██▎       | 18/80 [00:28<01:36,  1.56s/it][A

eval:  24%|██▍       | 19/80 [00:30<01:37,  1.60s/it][A

eval:  25%|██▌       | 20/80 [00:32<01:31,  1.53s/it][A

eval:  26%|██▋       | 21/80 [00:33<01:33,  1.59s/it][A

eval:  28%|██▊       | 22/80 [00:35<01:36,  1.67s/it][A

eval:  29%|██▉       | 23/80 [00:36<01:28,  1.56s/it][A

eval:  30%|███       | 24/80 [00:38<01:32,  1.65s/it][A

eval:  31%|███▏      | 25/80 [00:39<01:23,  1.51s/it][A

eval:  32%|███▎      | 26/80 [00:41<01:24,  1.56s/it][A

eval:  34%|███▍      | 27/80 [00:43<01:19,  1.51s/it][A

eval:  35%|███▌      | 28/80 [00:44<01:22,  1.59s/it][A

eval:  36%|███▋      | 29/80 [00:46<01:15,  1.48s/it][A

eval:  38%|███▊      | 30/80 [00:47<01:17,  1.54s/it][A

eval:  39%|███▉      | 31/80 [00:48<01:11,  1.46s/it][A

eval:  40%|████      | 32/80 [00:50<01:17,  1.61s/it][A

eval:  41%|████▏     | 33/80 [00:52<01:15,  1.61s/it][A

eval:  42%|████▎     | 34/80 [00:53<01:09,  1.52s/it][A

eval:  44%|████▍     | 35/80 [00:55<01:11,  1.59s/it][A

eval:  45%|████▌     | 36/80 [00:57<01:08,  1.55s/it][A

eval:  46%|████▋     | 37/80 [00:58<01:09,  1.63s/it][A

eval:  48%|████▊     | 38/80 [01:00<01:11,  1.70s/it][A

eval:  49%|████▉     | 39/80 [01:02<01:04,  1.57s/it][A

eval:  50%|█████     | 40/80 [01:03<01:04,  1.62s/it][A

eval:  51%|█████▏    | 41/80 [01:06<01:16,  1.95s/it][A

eval:  52%|█████▎    | 42/80 [01:07<01:05,  1.72s/it][A

eval:  54%|█████▍    | 43/80 [01:09<01:06,  1.81s/it][A

eval:  55%|█████▌    | 44/80 [01:10<00:58,  1.63s/it][A

eval:  56%|█████▋    | 45/80 [01:12<00:58,  1.66s/it][A

eval:  57%|█████▊    | 46/80 [01:13<00:51,  1.53s/it][A

eval:  59%|█████▉    | 47/80 [01:15<00:52,  1.58s/it][A

eval:  60%|██████    | 48/80 [01:16<00:48,  1.53s/it][A

eval:  61%|██████▏   | 49/80 [01:18<00:48,  1.57s/it][A

eval:  62%|██████▎   | 50/80 [01:19<00:44,  1.48s/it][A

eval:  64%|██████▍   | 51/80 [01:21<00:46,  1.59s/it][A

eval:  65%|██████▌   | 52/80 [01:24<00:53,  1.91s/it][A

eval:  66%|██████▋   | 53/80 [01:25<00:46,  1.72s/it][A

eval:  68%|██████▊   | 54/80 [01:26<00:41,  1.59s/it][A

eval:  69%|██████▉   | 55/80 [01:28<00:41,  1.66s/it][A

eval:  70%|███████   | 56/80 [01:30<00:36,  1.54s/it][A

eval:  71%|███████▏  | 57/80 [01:32<00:41,  1.82s/it][A

eval:  72%|███████▎  | 58/80 [01:33<00:35,  1.62s/it][A

eval:  74%|███████▍  | 59/80 [01:34<00:32,  1.53s/it][A

eval:  75%|███████▌  | 60/80 [01:36<00:31,  1.59s/it][A

eval:  76%|███████▋  | 61/80 [01:38<00:28,  1.50s/it][A

eval:  78%|███████▊  | 62/80 [01:39<00:28,  1.59s/it][A

eval:  79%|███████▉  | 63/80 [01:41<00:29,  1.72s/it][A

eval:  80%|████████  | 64/80 [01:43<00:25,  1.56s/it][A

eval:  81%|████████▏ | 65/80 [01:44<00:25,  1.68s/it][A

eval:  82%|████████▎ | 66/80 [01:46<00:23,  1.70s/it][A

eval:  84%|████████▍ | 67/80 [01:48<00:20,  1.59s/it][A

eval:  85%|████████▌ | 68/80 [01:49<00:20,  1.67s/it][A

eval:  86%|████████▋ | 69/80 [01:51<00:18,  1.67s/it][A

eval:  88%|████████▊ | 70/80 [01:52<00:15,  1.57s/it][A

eval:  89%|████████▉ | 71/80 [01:54<00:14,  1.62s/it][A

eval:  90%|█████████ | 72/80 [01:56<00:12,  1.56s/it][A

eval:  91%|█████████▏| 73/80 [01:57<00:11,  1.64s/it][A

eval:  92%|█████████▎| 74/80 [01:59<00:10,  1.68s/it][A

eval:  94%|█████████▍| 75/80 [02:01<00:07,  1.58s/it][A

eval:  95%|█████████▌| 76/80 [02:03<00:07,  1.85s/it][A

eval:  96%|█████████▋| 77/80 [02:04<00:05,  1.68s/it][A

eval:  98%|█████████▊| 78/80 [02:06<00:03,  1.56s/it][A

eval:  99%|█████████▉| 79/80 [02:07<00:01,  1.60s/it][A

eval: 100%|██████████| 80/80 [02:08<00:00,  1.48s/it][A

                                                     [A2026-05-12 02:02:59 | INFO | __main__ | eval.py:43 | [EVAL_SAMPLE] idx=0 pred=false gold=barely-true output=Label: B explain=Hartzler said, "We have less Americans working now than in the ‘70s." The statistics Hartzler’s staff said she cited show the employment-population ratio and labor force participation rate was indeed higher in 1979 than in 2015. However,... prompt=<|im_start|>system
You are a careful fact-checking assistant for LIAR-RAW claims. Classify claims using only the claim and retrieved evidence supplied by the user.<|im_end|>
<|im_start|>user
Classify the claim into exactly one LIAR-RAW l...
2026-05-12 02:02:59 | INFO | __main__ | eval.py:43 | [EVAL_SAMPLE] idx=0 pred=false gold=barely-true output=Label: B explain=Hartzler said, "We have less Americans working now than in the ‘70s." The statistics Hartzler’s staff said she cited show the employment-population ratio and labor force participation rate was indeed higher in 1979 than in 2015. However,... prompt=<|im_start|>system
You are a careful fact-checking assistant for LIAR-RAW claims. Classify claims using only the claim and retrieved evidence supplied by the user.<|im_end|>
<|im_start|>user
Classify the claim into exactly one LIAR-RAW l...
2026-05-12 02:02:59 | INFO | __main__ | eval.py:43 | [EVAL_SAMPLE] idx=1 pred=false gold=pants-fire output=Label: B explain=Ellison used a Koran that once belonged to Thomas Jefferson, borrowing the rare book from the Library of Congress. It goes without saying that Ellison is not Obama. UPDATE: Barack Obama resigned from Trinity United Church of Christ on Ma... prompt=<|im_start|>system
You are a careful fact-checking assistant for LIAR-RAW claims. Classify claims using only the claim and retrieved evidence supplied by the user.<|im_end|>
<|im_start|>user
Classify the claim into exactly one LIAR-RAW l...
2026-05-12 02:02:59 | INFO | __main__ | eval.py:43 | [EVAL_SAMPLE] idx=1 pred=false gold=pants-fire output=Label: B explain=Ellison used a Koran that once belonged to Thomas Jefferson, borrowing the rare book from the Library of Congress. It goes without saying that Ellison is not Obama. UPDATE: Barack Obama resigned from Trinity United Church of Christ on Ma... prompt=<|im_start|>system
You are a careful fact-checking assistant for LIAR-RAW claims. Classify claims using only the claim and retrieved evidence supplied by the user.<|im_end|>
<|im_start|>user
Classify the claim into exactly one LIAR-RAW l...
2026-05-12 02:02:59 | INFO | __main__ | eval.py:43 | [EVAL_SAMPLE] idx=2 pred=mostly-true gold=false output=Label: E explain=However, we have two professors who say the law is silent on political activity -- even if one of them sees an implicit prohibition -- and a plain reading of the law that states no explicit ban. Blumenauer said that "the statute a hundre... prompt=<|im_start|>system
You are a careful fact-checking assistant for LIAR-RAW claims. Classify claims using only the claim and retrieved evidence supplied by the user.<|im_end|>
<|im_start|>user
Classify the claim into exactly one LIAR-RAW l...
2026-05-12 02:02:59 | INFO | __main__ | trainer.py:566 | [eval] step=200 accuracy=0.2805 macro_precision=0.3130 macro_recall=0.2986 macro_f1=0.2729 parse_error_rate=0.0000
2026-05-12 02:02:59 | INFO | __main__ | trainer.py:566 | [eval] per_class:
2026-05-12 02:02:59 | INFO | __main__ | trainer.py:566 |   - barely-true: P=0.2526 R=0.3038 F1=0.2759
2026-05-12 02:02:59 | INFO | __main__ | trainer.py:566 |   - false: P=0.2885 R=0.4023 F1=0.3360
2026-05-12 02:02:59 | INFO | __main__ | trainer.py:566 |   - half-true: P=0.2754 R=0.1545 F1=0.1979
2026-05-12 02:02:59 | INFO | __main__ | trainer.py:566 |   - mostly-true: P=0.5102 R=0.0996 F1=0.1667
2026-05-12 02:02:59 | INFO | __main__ | trainer.py:566 |   - pants-fire: P=0.3013 R=0.4052 F1=0.3456
2026-05-12 02:02:59 | INFO | __main__ | trainer.py:566 |   - true: P=0.2500 R=0.4260 F1=0.3151
2026-05-12 02:03:03 | WARNING | sft.data.io | io.py:87 | [WARN] saved adapter has no LoRA tensors; rebuilding adapter weights from model state.
2026-05-12 02:03:03 | WARNING | sft.data.io | io.py:100 | [WARN] Rewrote /data/liaozijie/fact-checking/outputs/runs/mmr_lambda_sweep/build.retrieval.mmr_lambda-0.5__d41d393f/train/best/adapter_model.safetensors with 392 LoRA tensors collected from the in-memory model.
2026-05-12 02:03:08 | WARNING | sft.data.io | io.py:87 | [WARN] saved adapter has no LoRA tensors; rebuilding adapter weights from model state.
2026-05-12 02:03:08 | WARNING | sft.data.io | io.py:100 | [WARN] Rewrote /data/liaozijie/fact-checking/outputs/runs/mmr_lambda_sweep/build.retrieval.mmr_lambda-0.5__d41d393f/train/checkpoint-200/adapter_model.safetensors with 392 LoRA tensors collected from the in-memory model.

 32%|███▏      | 201/630 [49:46<6:11:34, 51.97s/it]
 32%|███▏      | 202/630 [49:59<4:47:09, 40.26s/it]
 32%|███▏      | 203/630 [50:11<3:46:17, 31.80s/it]
 32%|███▏      | 204/630 [50:22<3:01:53, 25.62s/it]
 33%|███▎      | 205/630 [50:33<2:29:50, 21.15s/it]
 33%|███▎      | 206/630 [50:42<2:04:31, 17.62s/it]
 33%|███▎      | 207/630 [50:55<1:54:08, 16.19s/it]
 33%|███▎      | 208/630 [51:09<1:48:30, 15.43s/it]
 33%|███▎      | 209/630 [51:20<1:39:32, 14.19s/it]
 33%|███▎      | 210/630 [51:31<1:32:48, 13.26s/it]
 33%|███▎      | 211/630 [51:42<1:27:15, 12.50s/it]
 34%|███▎      | 212/630 [51:50<1:18:31, 11.27s/it]
 34%|███▍      | 213/630 [52:04<1:23:15, 11.98s/it]
 34%|███▍      | 214/630 [52:15<1:21:28, 11.75s/it]
 34%|███▍      | 215/630 [52:24<1:15:18, 10.89s/it]
 34%|███▍      | 216/630 [52:32<1:08:42,  9.96s/it]
 34%|███▍      | 217/630 [52:40<1:04:52,  9.42s/it]
 35%|███▍      | 218/630 [52:46<58:39,  8.54s/it]  
 35%|███▍      | 219/630 [52:56<1:00:00,  8.76s/it]
 35%|███▍      | 220/630 [53:05<1:01:25,  8.99s/it]
 35%|███▌      | 221/630 [53:14<1:01:03,  8.96s/it]
 35%|███▌      | 222/630 [53:23<1:00:21,  8.88s/it]
 35%|███▌      | 223/630 [53:31<58:53,  8.68s/it]  
 36%|███▌      | 224/630 [53:38<54:24,  8.04s/it]
 36%|███▌      | 225/630 [53:44<50:12,  7.44s/it]
 36%|███▌      | 226/630 [53:54<56:34,  8.40s/it]
 36%|███▌      | 227/630 [54:04<59:35,  8.87s/it]
 36%|███▌      | 228/630 [54:13<59:13,  8.84s/it]
 36%|███▋      | 229/630 [54:20<55:35,  8.32s/it]
 37%|███▋      | 230/630 [54:28<54:54,  8.24s/it]
 37%|███▋      | 231/630 [54:34<50:39,  7.62s/it]
 37%|███▋      | 232/630 [54:46<59:12,  8.92s/it]
 37%|███▋      | 233/630 [54:56<1:00:01,  9.07s/it]
 37%|███▋      | 234/630 [55:04<59:04,  8.95s/it]  
 37%|███▋      | 235/630 [55:12<56:14,  8.54s/it]
 37%|███▋      | 236/630 [55:19<53:45,  8.19s/it]
 38%|███▊      | 237/630 [55:26<50:04,  7.65s/it]
 38%|███▊      | 238/630 [55:35<53:17,  8.16s/it]
 38%|███▊      | 239/630 [55:46<59:22,  9.11s/it]
 38%|███▊      | 240/630 [55:56<59:13,  9.11s/it]
 38%|███▊      | 241/630 [56:04<58:04,  8.96s/it]
 38%|███▊      | 242/630 [56:11<53:46,  8.32s/it]
 39%|███▊      | 243/630 [56:19<53:18,  8.26s/it]
 39%|███▊      | 244/630 [56:28<54:41,  8.50s/it]
 39%|███▉      | 245/630 [56:38<56:34,  8.82s/it]
 39%|███▉      | 246/630 [56:46<56:07,  8.77s/it]
 39%|███▉      | 247/630 [56:54<53:52,  8.44s/it]
 39%|███▉      | 248/630 [57:02<52:06,  8.18s/it]
 40%|███▉      | 249/630 [57:09<50:31,  7.96s/it]
 40%|███▉      | 250/630 [57:15<46:40,  7.37s/it]

eval:   0%|          | 0/80 [00:00<?, ?it/s][A

eval:   1%|▏         | 1/80 [00:01<01:48,  1.38s/it][A

eval:   2%|▎         | 2/80 [00:02<01:15,  1.03it/s][A

eval:   4%|▍         | 3/80 [00:04<01:48,  1.41s/it][A

eval:   5%|▌         | 4/80 [00:05<01:34,  1.25s/it][A

eval:   6%|▋         | 5/80 [00:06<01:50,  1.47s/it][A

eval:   8%|▊         | 6/80 [00:07<01:28,  1.20s/it][A

eval:   9%|▉         | 7/80 [00:08<01:32,  1.27s/it][A

eval:  10%|█         | 8/80 [00:10<01:35,  1.33s/it][A

eval:  11%|█▏        | 9/80 [00:11<01:19,  1.13s/it][A

eval:  12%|█▎        | 10/80 [00:13<01:37,  1.39s/it][A

eval:  14%|█▍        | 11/80 [00:14<01:43,  1.50s/it][A

eval:  15%|█▌        | 12/80 [00:16<01:38,  1.45s/it][A

eval:  16%|█▋        | 13/80 [00:16<01:24,  1.27s/it][A

eval:  18%|█▊        | 14/80 [00:18<01:34,  1.42s/it][A

eval:  19%|█▉        | 15/80 [00:19<01:23,  1.29s/it][A

eval:  20%|██        | 16/80 [00:21<01:22,  1.29s/it][A

eval:  21%|██▏       | 17/80 [00:22<01:23,  1.33s/it][A

eval:  22%|██▎       | 18/80 [00:23<01:10,  1.14s/it][A

eval:  24%|██▍       | 19/80 [00:24<01:22,  1.35s/it][A

eval:  25%|██▌       | 20/80 [00:25<01:11,  1.19s/it][A

eval:  26%|██▋       | 21/80 [00:27<01:13,  1.24s/it][A

eval:  28%|██▊       | 22/80 [00:28<01:13,  1.26s/it][A

eval:  29%|██▉       | 23/80 [00:29<01:13,  1.29s/it][A

eval:  30%|███       | 24/80 [00:31<01:12,  1.29s/it][A

eval:  31%|███▏      | 25/80 [00:31<01:01,  1.11s/it][A

eval:  32%|███▎      | 26/80 [00:33<01:02,  1.15s/it][A

eval:  34%|███▍      | 27/80 [00:34<01:02,  1.19s/it][A

eval:  35%|███▌      | 28/80 [00:35<00:56,  1.08s/it][A

eval:  36%|███▋      | 29/80 [00:36<01:04,  1.27s/it][A

eval:  38%|███▊      | 30/80 [00:37<00:55,  1.12s/it][A

eval:  39%|███▉      | 31/80 [00:39<00:58,  1.19s/it][A

eval:  40%|████      | 32/80 [00:40<01:00,  1.27s/it][A

eval:  41%|████▏     | 33/80 [00:41<00:52,  1.12s/it][A

eval:  42%|████▎     | 34/80 [00:43<01:01,  1.33s/it][A

eval:  44%|████▍     | 35/80 [00:43<00:52,  1.17s/it][A

eval:  45%|████▌     | 36/80 [00:45<01:03,  1.44s/it][A

eval:  46%|████▋     | 37/80 [00:46<00:54,  1.26s/it][A

eval:  48%|████▊     | 38/80 [00:48<00:54,  1.31s/it][A

eval:  49%|████▉     | 39/80 [00:49<00:53,  1.31s/it][A

eval:  50%|█████     | 40/80 [00:50<00:44,  1.12s/it][A

eval:  51%|█████▏    | 41/80 [00:52<00:56,  1.46s/it][A

eval:  52%|█████▎    | 42/80 [00:53<00:47,  1.25s/it][A

eval:  54%|█████▍    | 43/80 [00:55<00:55,  1.51s/it][A

eval:  55%|█████▌    | 44/80 [00:56<00:46,  1.30s/it][A

eval:  56%|█████▋    | 45/80 [00:58<00:52,  1.50s/it][A

eval:  57%|█████▊    | 46/80 [00:58<00:43,  1.28s/it][A

eval:  59%|█████▉    | 47/80 [01:00<00:49,  1.50s/it][A

eval:  60%|██████    | 48/80 [01:01<00:42,  1.34s/it][A

eval:  61%|██████▏   | 49/80 [01:03<00:42,  1.36s/it][A

eval:  62%|██████▎   | 50/80 [01:04<00:40,  1.34s/it][A

eval:  64%|██████▍   | 51/80 [01:05<00:40,  1.38s/it][A

eval:  65%|██████▌   | 52/80 [01:07<00:39,  1.40s/it][A

eval:  66%|██████▋   | 53/80 [01:08<00:32,  1.21s/it][A

eval:  68%|██████▊   | 54/80 [01:10<00:36,  1.40s/it][A

eval:  69%|██████▉   | 55/80 [01:10<00:30,  1.24s/it][A

eval:  70%|███████   | 56/80 [01:12<00:30,  1.27s/it][A

eval:  71%|███████▏  | 57/80 [01:13<00:30,  1.32s/it][A

eval:  72%|███████▎  | 58/80 [01:14<00:28,  1.31s/it][A

eval:  74%|███████▍  | 59/80 [01:16<00:27,  1.30s/it][A

eval:  75%|███████▌  | 60/80 [01:17<00:22,  1.14s/it][A

eval:  76%|███████▋  | 61/80 [01:18<00:25,  1.35s/it][A

eval:  78%|███████▊  | 62/80 [01:19<00:21,  1.17s/it][A

eval:  79%|███████▉  | 63/80 [01:20<00:21,  1.24s/it][A

eval:  80%|████████  | 64/80 [01:22<00:19,  1.22s/it][A

eval:  81%|████████▏ | 65/80 [01:22<00:16,  1.09s/it][A

eval:  82%|████████▎ | 66/80 [01:24<00:16,  1.15s/it][A

eval:  84%|████████▍ | 67/80 [01:25<00:15,  1.18s/it][A

eval:  85%|████████▌ | 68/80 [01:26<00:12,  1.06s/it][A

eval:  86%|████████▋ | 69/80 [01:28<00:14,  1.27s/it][A

eval:  88%|████████▊ | 70/80 [01:28<00:11,  1.13s/it][A

eval:  89%|████████▉ | 71/80 [01:30<00:10,  1.20s/it][A

eval:  90%|█████████ | 72/80 [01:31<00:09,  1.24s/it][A

eval:  91%|█████████▏| 73/80 [01:33<00:10,  1.51s/it][A

eval:  92%|█████████▎| 74/80 [01:34<00:07,  1.30s/it][A

eval:  94%|█████████▍| 75/80 [01:35<00:06,  1.34s/it][A

eval:  95%|█████████▌| 76/80 [01:37<00:05,  1.36s/it][A

eval:  96%|█████████▋| 77/80 [01:38<00:03,  1.20s/it][A

eval:  98%|█████████▊| 78/80 [01:39<00:02,  1.39s/it][A

eval:  99%|█████████▉| 79/80 [01:40<00:01,  1.21s/it][A

eval: 100%|██████████| 80/80 [01:42<00:00,  1.22s/it][A

                                                     [A2026-05-12 02:12:31 | INFO | __main__ | eval.py:43 | [EVAL_SAMPLE] idx=0 pred=false gold=barely-true output=Label: B explain=Hartzler said, "We have less Americans working now than in the ‘70s." The statistics Hartzler’s staff said she cited show the employment-population ratio and labor force participation rate was indeed higher in 1979 than in 2015. However,... prompt=<|im_start|>system
You are a careful fact-checking assistant for LIAR-RAW claims. Classify claims using only the claim and retrieved evidence supplied by the user.<|im_end|>
<|im_start|>user
Classify the claim into exactly one LIAR-RAW l...
2026-05-12 02:12:31 | INFO | __main__ | eval.py:43 | [EVAL_SAMPLE] idx=0 pred=false gold=barely-true output=Label: B explain=Hartzler said, "We have less Americans working now than in the ‘70s." The statistics Hartzler’s staff said she cited show the employment-population ratio and labor force participation rate was indeed higher in 1979 than in 2015. However,... prompt=<|im_start|>system
You are a careful fact-checking assistant for LIAR-RAW claims. Classify claims using only the claim and retrieved evidence supplied by the user.<|im_end|>
<|im_start|>user
Classify the claim into exactly one LIAR-RAW l...
2026-05-12 02:12:31 | INFO | __main__ | eval.py:43 | [EVAL_SAMPLE] idx=1 pred=false gold=pants-fire output=Label: B explain=Ellison used a Koran that once belonged to Thomas Jefferson, borrowing the rare book from the Library of Congress. It goes without saying that Ellison is not Obama. UPDATE: Barack Obama resigned from Trinity United Church of Christ on Ma... prompt=<|im_start|>system
You are a careful fact-checking assistant for LIAR-RAW claims. Classify claims using only the claim and retrieved evidence supplied by the user.<|im_end|>
<|im_start|>user
Classify the claim into exactly one LIAR-RAW l...
2026-05-12 02:12:31 | INFO | __main__ | eval.py:43 | [EVAL_SAMPLE] idx=1 pred=false gold=pants-fire output=Label: B explain=Ellison used a Koran that once belonged to Thomas Jefferson, borrowing the rare book from the Library of Congress. It goes without saying that Ellison is not Obama. UPDATE: Barack Obama resigned from Trinity United Church of Christ on Ma... prompt=<|im_start|>system
You are a careful fact-checking assistant for LIAR-RAW claims. Classify claims using only the claim and retrieved evidence supplied by the user.<|im_end|>
<|im_start|>user
Classify the claim into exactly one LIAR-RAW l...
2026-05-12 02:12:31 | INFO | __main__ | eval.py:43 | [EVAL_SAMPLE] idx=2 pred=mostly-true gold=false output=Label: E explain=However, we have two professors who say the law is silent on political activity -- even if one of them sees an implicit prohibition -- and a plain reading of the law that states no explicit ban. Blumenauer said that "the statute a hundre... prompt=<|im_start|>system
You are a careful fact-checking assistant for LIAR-RAW claims. Classify claims using only the claim and retrieved evidence supplied by the user.<|im_end|>
<|im_start|>user
Classify the claim into exactly one LIAR-RAW l...
2026-05-12 02:12:31 | INFO | __main__ | trainer.py:566 | [eval] step=250 accuracy=0.2852 macro_precision=0.3031 macro_recall=0.2896 macro_f1=0.2770 parse_error_rate=0.0000
2026-05-12 02:12:31 | INFO | __main__ | trainer.py:566 | [eval] per_class:
2026-05-12 02:12:31 | INFO | __main__ | trainer.py:566 |   - barely-true: P=0.2408 R=0.4684 F1=0.3181
2026-05-12 02:12:31 | INFO | __main__ | trainer.py:566 |   - false: P=0.2776 R=0.2797 F1=0.2786
2026-05-12 02:12:31 | INFO | __main__ | trainer.py:566 |   - half-true: P=0.3276 R=0.0772 F1=0.1250
2026-05-12 02:12:31 | INFO | __main__ | trainer.py:566 |   - mostly-true: P=0.3361 R=0.3187 F1=0.3272
2026-05-12 02:12:31 | INFO | __main__ | trainer.py:566 |   - pants-fire: P=0.3448 R=0.3448 F1=0.3448
2026-05-12 02:12:31 | INFO | __main__ | trainer.py:566 |   - true: P=0.2917 R=0.2485 F1=0.2684
2026-05-12 02:12:35 | WARNING | sft.data.io | io.py:87 | [WARN] saved adapter has no LoRA tensors; rebuilding adapter weights from model state.
2026-05-12 02:12:35 | WARNING | sft.data.io | io.py:100 | [WARN] Rewrote /data/liaozijie/fact-checking/outputs/runs/mmr_lambda_sweep/build.retrieval.mmr_lambda-0.5__d41d393f/train/best/adapter_model.safetensors with 392 LoRA tensors collected from the in-memory model.
2026-05-12 02:12:39 | WARNING | sft.data.io | io.py:87 | [WARN] saved adapter has no LoRA tensors; rebuilding adapter weights from model state.
2026-05-12 02:12:39 | WARNING | sft.data.io | io.py:100 | [WARN] Rewrote /data/liaozijie/fact-checking/outputs/runs/mmr_lambda_sweep/build.retrieval.mmr_lambda-0.5__d41d393f/train/checkpoint-250/adapter_model.safetensors with 392 LoRA tensors collected from the in-memory model.

 40%|███▉      | 251/630 [59:17<4:23:42, 41.75s/it]
 40%|████      | 252/630 [59:27<3:23:08, 32.24s/it]
 40%|████      | 253/630 [59:35<2:36:35, 24.92s/it]
 40%|████      | 254/630 [59:43<2:04:51, 19.92s/it]
 40%|████      | 255/630 [59:50<1:39:47, 15.97s/it]
 41%|████      | 256/630 [59:57<1:22:54, 13.30s/it]
 41%|████      | 257/630 [1:00:08<1:18:41, 12.66s/it]
 41%|████      | 258/630 [1:00:17<1:11:45, 11.57s/it]
 41%|████      | 259/630 [1:00:26<1:06:01, 10.68s/it]
 41%|████▏     | 260/630 [1:00:34<1:02:05, 10.07s/it]
 41%|████▏     | 261/630 [1:00:41<56:02,  9.11s/it]  
 42%|████▏     | 262/630 [1:00:49<52:45,  8.60s/it]
 42%|████▏     | 263/630 [1:00:58<53:38,  8.77s/it]
 42%|████▏     | 264/630 [1:01:07<54:49,  8.99s/it]
 42%|████▏     | 265/630 [1:01:16<54:31,  8.96s/it]
 42%|████▏     | 266/630 [1:01:24<52:08,  8.59s/it]
 42%|████▏     | 267/630 [1:01:32<50:06,  8.28s/it]
 43%|████▎     | 268/630 [1:01:38<46:21,  7.68s/it]
 43%|████▎     | 269/630 [1:01:49<52:17,  8.69s/it]
 43%|████▎     | 270/630 [1:01:59<54:13,  9.04s/it]
 43%|████▎     | 271/630 [1:02:08<53:52,  9.00s/it]
 43%|████▎     | 272/630 [1:02:16<53:01,  8.89s/it]
 43%|████▎     | 273/630 [1:02:23<49:37,  8.34s/it]
 43%|████▎     | 274/630 [1:02:31<49:01,  8.26s/it]
 44%|████▎     | 275/630 [1:02:38<45:28,  7.69s/it]
 44%|████▍     | 276/630 [1:02:49<52:04,  8.83s/it]
 44%|████▍     | 277/630 [1:02:58<52:21,  8.90s/it]
 44%|████▍     | 278/630 [1:03:06<50:24,  8.59s/it]
 44%|████▍     | 279/630 [1:03:14<49:08,  8.40s/it]
 44%|████▍     | 280/630 [1:03:21<46:52,  8.03s/it]
 45%|████▍     | 281/630 [1:03:28<44:24,  7.63s/it]
 45%|████▍     | 282/630 [1:03:38<48:20,  8.33s/it]
 45%|████▍     | 283/630 [1:03:47<49:20,  8.53s/it]
 45%|████▌     | 284/630 [1:03:55<48:50,  8.47s/it]
 45%|████▌     | 285/630 [1:04:03<47:17,  8.22s/it]
 45%|████▌     | 286/630 [1:04:10<45:29,  7.94s/it]
 46%|████▌     | 287/630 [1:04:17<42:33,  7.45s/it]
 46%|████▌     | 288/630 [1:04:25<44:34,  7.82s/it]
 46%|████▌     | 289/630 [1:04:35<47:22,  8.34s/it]
 46%|████▌     | 290/630 [1:04:44<48:16,  8.52s/it]
 46%|████▌     | 291/630 [1:04:52<48:09,  8.52s/it]
 46%|████▋     | 292/630 [1:04:59<44:59,  7.99s/it]
 47%|████▋     | 293/630 [1:05:06<43:29,  7.74s/it]
 47%|████▋     | 294/630 [1:05:16<46:23,  8.28s/it]
 47%|████▋     | 295/630 [1:05:24<46:41,  8.36s/it]
 47%|████▋     | 296/630 [1:05:33<47:26,  8.52s/it]
 47%|████▋     | 297/630 [1:05:41<46:14,  8.33s/it]
 47%|████▋     | 298/630 [1:05:49<45:46,  8.27s/it]
 47%|████▋     | 299/630 [1:05:56<42:25,  7.69s/it]
 48%|████▊     | 300/630 [1:06:01<39:06,  7.11s/it]

eval:   0%|          | 0/80 [00:00<?, ?it/s][A

eval:   1%|▏         | 1/80 [00:00<01:07,  1.17it/s][A

eval:   2%|▎         | 2/80 [00:02<01:22,  1.05s/it][A

eval:   4%|▍         | 3/80 [00:03<01:28,  1.15s/it][A

eval:   5%|▌         | 4/80 [00:05<01:56,  1.53s/it][A

eval:   6%|▋         | 5/80 [00:06<01:34,  1.26s/it][A

eval:   8%|▊         | 6/80 [00:06<01:18,  1.06s/it][A

eval:   9%|▉         | 7/80 [00:08<01:35,  1.31s/it][A

eval:  10%|█         | 8/80 [00:09<01:26,  1.21s/it][A

eval:  11%|█▏        | 9/80 [00:10<01:26,  1.22s/it][A

eval:  12%|█▎        | 10/80 [00:12<01:29,  1.28s/it][A

eval:  14%|█▍        | 11/80 [00:14<01:49,  1.59s/it][A

eval:  15%|█▌        | 12/80 [00:15<01:32,  1.36s/it][A

eval:  16%|█▋        | 13/80 [00:16<01:32,  1.37s/it][A

eval:  18%|█▊        | 14/80 [00:18<01:29,  1.35s/it][A

eval:  19%|█▉        | 15/80 [00:19<01:29,  1.38s/it][A

eval:  20%|██        | 16/80 [00:20<01:25,  1.34s/it][A

eval:  21%|██▏       | 17/80 [00:21<01:16,  1.21s/it][A

eval:  22%|██▎       | 18/80 [00:23<01:15,  1.21s/it][A

eval:  24%|██▍       | 19/80 [00:24<01:15,  1.24s/it][A

eval:  25%|██▌       | 20/80 [00:25<01:16,  1.28s/it][A

eval:  26%|██▋       | 21/80 [00:26<01:15,  1.28s/it][A

eval:  28%|██▊       | 22/80 [00:27<01:06,  1.15s/it][A

eval:  29%|██▉       | 23/80 [00:29<01:16,  1.34s/it][A

eval:  30%|███       | 24/80 [00:30<01:06,  1.19s/it][A

eval:  31%|███▏      | 25/80 [00:31<01:05,  1.19s/it][A

eval:  32%|███▎      | 26/80 [00:32<01:04,  1.19s/it][A

eval:  34%|███▍      | 27/80 [00:33<00:57,  1.09s/it][A

eval:  35%|███▌      | 28/80 [00:35<01:01,  1.18s/it][A

eval:  36%|███▋      | 29/80 [00:36<01:00,  1.19s/it][A

eval:  38%|███▊      | 30/80 [00:37<00:53,  1.06s/it][A

eval:  39%|███▉      | 31/80 [00:38<01:01,  1.26s/it][A

eval:  40%|████      | 32/80 [00:39<00:56,  1.18s/it][A

eval:  41%|████▏     | 33/80 [00:41<00:57,  1.22s/it][A

eval:  42%|████▎     | 34/80 [00:42<00:56,  1.23s/it][A

eval:  44%|████▍     | 35/80 [00:43<00:57,  1.27s/it][A

eval:  45%|████▌     | 36/80 [00:45<00:57,  1.30s/it][A

eval:  46%|████▋     | 37/80 [00:45<00:50,  1.17s/it][A

eval:  48%|████▊     | 38/80 [00:47<00:58,  1.40s/it][A

eval:  49%|████▉     | 39/80 [00:48<00:49,  1.22s/it][A

eval:  50%|█████     | 40/80 [00:49<00:49,  1.23s/it][A

eval:  51%|█████▏    | 41/80 [00:51<00:52,  1.36s/it][A

eval:  52%|█████▎    | 42/80 [00:52<00:51,  1.35s/it][A

eval:  54%|█████▍    | 43/80 [00:54<00:52,  1.42s/it][A

eval:  55%|█████▌    | 44/80 [00:55<00:51,  1.42s/it][A

eval:  56%|█████▋    | 45/80 [00:57<00:48,  1.39s/it][A

eval:  57%|█████▊    | 46/80 [00:57<00:41,  1.21s/it][A

eval:  59%|█████▉    | 47/80 [00:59<00:47,  1.43s/it][A

eval:  60%|██████    | 48/80 [01:00<00:41,  1.29s/it][A

eval:  61%|██████▏   | 49/80 [01:02<00:44,  1.45s/it][A

eval:  62%|██████▎   | 50/80 [01:03<00:37,  1.24s/it][A

eval:  64%|██████▍   | 51/80 [01:04<00:37,  1.30s/it][A

eval:  65%|██████▌   | 52/80 [01:06<00:37,  1.33s/it][A

eval:  66%|██████▋   | 53/80 [01:07<00:31,  1.15s/it][A

eval:  68%|██████▊   | 54/80 [01:08<00:34,  1.33s/it][A

eval:  69%|██████▉   | 55/80 [01:09<00:29,  1.19s/it][A

eval:  70%|███████   | 56/80 [01:10<00:29,  1.23s/it][A

eval:  71%|███████▏  | 57/80 [01:12<00:29,  1.27s/it][A

eval:  72%|███████▎  | 58/80 [01:13<00:24,  1.10s/it][A

eval:  74%|███████▍  | 59/80 [01:14<00:27,  1.31s/it][A

eval:  75%|███████▌  | 60/80 [01:15<00:23,  1.15s/it][A

eval:  76%|███████▋  | 61/80 [01:16<00:22,  1.20s/it][A

eval:  78%|███████▊  | 62/80 [01:18<00:21,  1.21s/it][A

eval:  79%|███████▉  | 63/80 [01:19<00:18,  1.11s/it][A

eval:  80%|████████  | 64/80 [01:20<00:20,  1.28s/it][A

eval:  81%|████████▏ | 65/80 [01:21<00:17,  1.14s/it][A

eval:  82%|████████▎ | 66/80 [01:22<00:16,  1.20s/it][A

eval:  84%|████████▍ | 67/80 [01:24<00:15,  1.22s/it][A

eval:  85%|████████▌ | 68/80 [01:24<00:13,  1.09s/it][A

eval:  86%|████████▋ | 69/80 [01:26<00:14,  1.31s/it][A

eval:  88%|████████▊ | 70/80 [01:27<00:11,  1.16s/it][A

eval:  89%|████████▉ | 71/80 [01:28<00:10,  1.20s/it][A

eval:  90%|█████████ | 72/80 [01:30<00:09,  1.25s/it][A

eval:  91%|█████████▏| 73/80 [01:31<00:09,  1.32s/it][A

eval:  92%|█████████▎| 74/80 [01:33<00:07,  1.31s/it][A

eval:  94%|█████████▍| 75/80 [01:33<00:05,  1.19s/it][A

eval:  95%|█████████▌| 76/80 [01:35<00:05,  1.40s/it][A

eval:  96%|█████████▋| 77/80 [01:36<00:03,  1.22s/it][A

eval:  98%|█████████▊| 78/80 [01:37<00:02,  1.25s/it][A

eval:  99%|█████████▉| 79/80 [01:39<00:01,  1.24s/it][A

eval: 100%|██████████| 80/80 [01:39<00:00,  1.07s/it][A

                                                     [A2026-05-12 02:21:15 | INFO | __main__ | eval.py:43 | [EVAL_SAMPLE] idx=0 pred=false gold=barely-true output=Label: B explain=Hartzler said, "We have less Americans working now than in the ‘70s." The statistics Hartzler’s staff said she cited show the employment-population ratio and labor force participation rate was indeed higher in 1979 than in 2015. However,... prompt=<|im_start|>system
You are a careful fact-checking assistant for LIAR-RAW claims. Classify claims using only the claim and retrieved evidence supplied by the user.<|im_end|>
<|im_start|>user
Classify the claim into exactly one LIAR-RAW l...
2026-05-12 02:21:15 | INFO | __main__ | eval.py:43 | [EVAL_SAMPLE] idx=0 pred=false gold=barely-true output=Label: B explain=Hartzler said, "We have less Americans working now than in the ‘70s." The statistics Hartzler’s staff said she cited show the employment-population ratio and labor force participation rate was indeed higher in 1979 than in 2015. However,... prompt=<|im_start|>system
You are a careful fact-checking assistant for LIAR-RAW claims. Classify claims using only the claim and retrieved evidence supplied by the user.<|im_end|>
<|im_start|>user
Classify the claim into exactly one LIAR-RAW l...
2026-05-12 02:21:15 | INFO | __main__ | eval.py:43 | [EVAL_SAMPLE] idx=1 pred=false gold=pants-fire output=Label: B explain=Ellison used a Koran that once belonged to Thomas Jefferson, borrowing the rare book from the Library of Congress. It goes without saying that Ellison is not Obama. UPDATE: Barack Obama resigned from Trinity United Church of Christ on Ma... prompt=<|im_start|>system
You are a careful fact-checking assistant for LIAR-RAW claims. Classify claims using only the claim and retrieved evidence supplied by the user.<|im_end|>
<|im_start|>user
Classify the claim into exactly one LIAR-RAW l...
2026-05-12 02:21:15 | INFO | __main__ | eval.py:43 | [EVAL_SAMPLE] idx=1 pred=false gold=pants-fire output=Label: B explain=Ellison used a Koran that once belonged to Thomas Jefferson, borrowing the rare book from the Library of Congress. It goes without saying that Ellison is not Obama. UPDATE: Barack Obama resigned from Trinity United Church of Christ on Ma... prompt=<|im_start|>system
You are a careful fact-checking assistant for LIAR-RAW claims. Classify claims using only the claim and retrieved evidence supplied by the user.<|im_end|>
<|im_start|>user
Classify the claim into exactly one LIAR-RAW l...
2026-05-12 02:21:15 | INFO | __main__ | eval.py:43 | [EVAL_SAMPLE] idx=2 pred=mostly-true gold=false output=Label: E explain=However, we have two professors who say the law is silent on political activity -- even if one of them sees an implicit prohibition -- and a plain reading of the law that states no explicit ban. Blumenauer said that "the statute a hundre... prompt=<|im_start|>system
You are a careful fact-checking assistant for LIAR-RAW claims. Classify claims using only the claim and retrieved evidence supplied by the user.<|im_end|>
<|im_start|>user
Classify the claim into exactly one LIAR-RAW l...
2026-05-12 02:21:15 | INFO | __main__ | trainer.py:566 | [eval] step=300 accuracy=0.2812 macro_precision=0.2936 macro_recall=0.2901 macro_f1=0.2771 parse_error_rate=0.0000
2026-05-12 02:21:15 | INFO | __main__ | trainer.py:566 | [eval] per_class:
2026-05-12 02:21:15 | INFO | __main__ | trainer.py:566 |   - barely-true: P=0.2265 R=0.3966 F1=0.2883
2026-05-12 02:21:15 | INFO | __main__ | trainer.py:566 |   - false: P=0.2827 R=0.3065 F1=0.2941
2026-05-12 02:21:15 | INFO | __main__ | trainer.py:566 |   - half-true: P=0.2973 R=0.0894 F1=0.1375
2026-05-12 02:21:15 | INFO | __main__ | trainer.py:566 |   - mostly-true: P=0.3486 R=0.3028 F1=0.3241
2026-05-12 02:21:15 | INFO | __main__ | trainer.py:566 |   - pants-fire: P=0.3108 R=0.3966 F1=0.3485
2026-05-12 02:21:15 | INFO | __main__ | trainer.py:566 |   - true: P=0.2958 R=0.2485 F1=0.2701
2026-05-12 02:21:19 | WARNING | sft.data.io | io.py:87 | [WARN] saved adapter has no LoRA tensors; rebuilding adapter weights from model state.
2026-05-12 02:21:19 | WARNING | sft.data.io | io.py:100 | [WARN] Rewrote /data/liaozijie/fact-checking/outputs/runs/mmr_lambda_sweep/build.retrieval.mmr_lambda-0.5__d41d393f/train/best/adapter_model.safetensors with 392 LoRA tensors collected from the in-memory model.
2026-05-12 02:21:23 | WARNING | sft.data.io | io.py:87 | [WARN] saved adapter has no LoRA tensors; rebuilding adapter weights from model state.
2026-05-12 02:21:23 | WARNING | sft.data.io | io.py:100 | [WARN] Rewrote /data/liaozijie/fact-checking/outputs/runs/mmr_lambda_sweep/build.retrieval.mmr_lambda-0.5__d41d393f/train/checkpoint-300/adapter_model.safetensors with 392 LoRA tensors collected from the in-memory model.

 48%|████▊     | 301/630 [1:07:58<3:39:48, 40.09s/it]
 48%|████▊     | 302/630 [1:08:07<2:47:56, 30.72s/it]
 48%|████▊     | 303/630 [1:08:15<2:10:13, 23.89s/it]
 48%|████▊     | 304/630 [1:08:23<1:43:44, 19.09s/it]
 48%|████▊     | 305/630 [1:08:30<1:24:17, 15.56s/it]
 49%|████▊     | 306/630 [1:08:36<1:08:26, 12.67s/it]
 49%|████▊     | 307/630 [1:08:49<1:08:00, 12.63s/it]
 49%|████▉     | 308/630 [1:08:58<1:02:50, 11.71s/it]
 49%|████▉     | 309/630 [1:09:07<58:11, 10.88s/it]  
 49%|████▉     | 310/630 [1:09:15<53:18,  9.99s/it]
 49%|████▉     | 311/630 [1:09:23<49:03,  9.23s/it]
 50%|████▉     | 312/630 [1:09:30<45:55,  8.66s/it]
 50%|████▉     | 313/630 [1:09:39<46:04,  8.72s/it]
 50%|████▉     | 314/630 [1:09:48<46:24,  8.81s/it]
 50%|█████     | 315/630 [1:09:52<39:01,  7.43s/it]
 50%|█████     | 316/630 [1:10:05<47:05,  9.00s/it]
 50%|█████     | 317/630 [1:10:14<47:28,  9.10s/it]
 50%|█████     | 318/630 [1:10:23<46:38,  8.97s/it]
 51%|█████     | 319/630 [1:10:30<44:13,  8.53s/it]
 51%|█████     | 320/630 [1:10:37<41:57,  8.12s/it]
 51%|█████     | 321/630 [1:10:44<38:42,  7.52s/it]
 51%|█████     | 322/630 [1:10:54<43:14,  8.43s/it]
 51%|█████▏    | 323/630 [1:11:04<45:52,  8.97s/it]
 51%|█████▏    | 324/630 [1:11:13<45:36,  8.94s/it]
 52%|█████▏    | 325/630 [1:11:21<43:41,  8.60s/it]
 52%|█████▏    | 326/630 [1:11:29<41:58,  8.28s/it]
 52%|█████▏    | 327/630 [1:11:37<41:45,  8.27s/it]
 52%|█████▏    | 328/630 [1:11:44<40:17,  8.01s/it]
 52%|█████▏    | 329/630 [1:11:55<44:29,  8.87s/it]
 52%|█████▏    | 330/630 [1:12:04<44:53,  8.98s/it]
 53%|█████▎    | 331/630 [1:12:12<42:58,  8.62s/it]
 53%|█████▎    | 332/630 [1:12:20<41:44,  8.40s/it]
 53%|█████▎    | 333/630 [1:12:27<39:49,  8.04s/it]
 53%|█████▎    | 334/630 [1:12:35<39:26,  8.00s/it]
 53%|█████▎    | 335/630 [1:12:46<43:51,  8.92s/it]
 53%|█████▎    | 336/630 [1:12:55<43:54,  8.96s/it]
 53%|█████▎    | 337/630 [1:13:03<42:16,  8.66s/it]
 54%|█████▎    | 338/630 [1:13:11<40:20,  8.29s/it]
 54%|█████▍    | 339/630 [1:13:17<37:55,  7.82s/it]
 54%|█████▍    | 340/630 [1:13:23<35:11,  7.28s/it]
 54%|█████▍    | 341/630 [1:13:35<41:23,  8.59s/it]
 54%|█████▍    | 342/630 [1:13:45<43:09,  8.99s/it]
 54%|█████▍    | 343/630 [1:13:53<41:32,  8.68s/it]
 55%|█████▍    | 344/630 [1:14:01<40:56,  8.59s/it]
 55%|█████▍    | 345/630 [1:14:08<38:27,  8.10s/it]
 55%|█████▍    | 346/630 [1:14:15<36:21,  7.68s/it]
 55%|█████▌    | 347/630 [1:14:25<39:52,  8.45s/it]
 55%|█████▌    | 348/630 [1:14:35<41:32,  8.84s/it]
 55%|█████▌    | 349/630 [1:14:44<41:51,  8.94s/it]swanlab: [2026.05.12 02:28:20] network error, swanlab will resume uploads when the network improves

 56%|█████▌    | 350/630 [1:14:53<41:07,  8.81s/it]

eval:   0%|          | 0/80 [00:00<?, ?it/s][A

eval:   1%|▏         | 1/80 [00:01<01:54,  1.45s/it][A

eval:   2%|▎         | 2/80 [00:02<01:44,  1.34s/it][A

eval:   4%|▍         | 3/80 [00:03<01:24,  1.10s/it][A

eval:   5%|▌         | 4/80 [00:05<01:53,  1.49s/it][A

eval:   6%|▋         | 5/80 [00:06<01:32,  1.23s/it][A

eval:   8%|▊         | 6/80 [00:07<01:31,  1.23s/it][A

eval:   9%|▉         | 7/80 [00:08<01:33,  1.27s/it][A

eval:  10%|█         | 8/80 [00:10<01:36,  1.34s/it][A

eval:  11%|█▏        | 9/80 [00:11<01:31,  1.29s/it][A

eval:  12%|█▎        | 10/80 [00:12<01:21,  1.17s/it][A

eval:  14%|█▍        | 11/80 [00:14<01:43,  1.50s/it][A

eval:  15%|█▌        | 12/80 [00:15<01:28,  1.30s/it][A

eval:  16%|█▋        | 13/80 [00:17<01:37,  1.46s/it][A

eval:  18%|█▊        | 14/80 [00:18<01:23,  1.26s/it][A

eval:  19%|█▉        | 15/80 [00:19<01:26,  1.32s/it][A

eval:  20%|██        | 16/80 [00:20<01:22,  1.29s/it][A

eval:  21%|██▏       | 17/80 [00:22<01:23,  1.33s/it][A

eval:  22%|██▎       | 18/80 [00:23<01:20,  1.29s/it][A

eval:  24%|██▍       | 19/80 [00:24<01:09,  1.13s/it][A

eval:  25%|██▌       | 20/80 [00:25<01:12,  1.20s/it][A

eval:  26%|██▋       | 21/80 [00:27<01:13,  1.24s/it][A

eval:  28%|██▊       | 22/80 [00:28<01:13,  1.27s/it][A

eval:  29%|██▉       | 23/80 [00:29<01:13,  1.30s/it][A

eval:  30%|███       | 24/80 [00:30<01:04,  1.16s/it][A

eval:  31%|███▏      | 25/80 [00:32<01:12,  1.32s/it][A

eval:  32%|███▎      | 26/80 [00:32<01:01,  1.14s/it][A

eval:  34%|███▍      | 27/80 [00:34<01:02,  1.18s/it][A

eval:  35%|███▌      | 28/80 [00:35<01:02,  1.21s/it][A

eval:  36%|███▋      | 29/80 [00:36<00:54,  1.08s/it][A

eval:  38%|███▊      | 30/80 [00:37<00:57,  1.14s/it][A

eval:  39%|███▉      | 31/80 [00:38<00:57,  1.18s/it][A

eval:  40%|████      | 32/80 [00:40<01:00,  1.26s/it][A

eval:  41%|████▏     | 33/80 [00:41<00:59,  1.26s/it][A

eval:  42%|████▎     | 34/80 [00:42<00:51,  1.12s/it][A

eval:  44%|████▍     | 35/80 [00:43<00:52,  1.17s/it][A

eval:  45%|████▌     | 36/80 [00:45<00:54,  1.25s/it][A

eval:  46%|████▋     | 37/80 [00:46<00:55,  1.28s/it][A

eval:  48%|████▊     | 38/80 [00:47<00:54,  1.29s/it][A

eval:  49%|████▉     | 39/80 [00:48<00:46,  1.14s/it][A

eval:  50%|█████     | 40/80 [00:49<00:46,  1.15s/it][A

eval:  51%|█████▏    | 41/80 [00:51<00:50,  1.30s/it][A

eval:  52%|█████▎    | 42/80 [00:52<00:49,  1.31s/it][A

eval:  54%|█████▍    | 43/80 [00:54<00:50,  1.36s/it][A

eval:  55%|█████▌    | 44/80 [00:55<00:48,  1.34s/it][A

eval:  56%|█████▋    | 45/80 [00:56<00:46,  1.33s/it][A

eval:  57%|█████▊    | 46/80 [00:57<00:39,  1.16s/it][A

eval:  59%|█████▉    | 47/80 [00:59<00:44,  1.34s/it][A

eval:  60%|██████    | 48/80 [01:00<00:39,  1.23s/it][A

eval:  61%|██████▏   | 49/80 [01:01<00:38,  1.26s/it][A

eval:  62%|██████▎   | 50/80 [01:02<00:37,  1.24s/it][A

eval:  64%|██████▍   | 51/80 [01:03<00:33,  1.14s/it][A

eval:  65%|██████▌   | 52/80 [01:05<00:38,  1.36s/it][A

eval:  66%|██████▋   | 53/80 [01:06<00:31,  1.18s/it][A

eval:  68%|██████▊   | 54/80 [01:07<00:31,  1.21s/it][A

eval:  69%|██████▉   | 55/80 [01:08<00:31,  1.25s/it][A

eval:  70%|███████   | 56/80 [01:09<00:26,  1.11s/it][A

eval:  71%|███████▏  | 57/80 [01:11<00:31,  1.35s/it][A

eval:  72%|███████▎  | 58/80 [01:12<00:25,  1.15s/it][A

eval:  74%|███████▍  | 59/80 [01:13<00:24,  1.19s/it][A

eval:  75%|███████▌  | 60/80 [01:14<00:24,  1.21s/it][A

eval:  76%|███████▋  | 61/80 [01:15<00:20,  1.07s/it][A

eval:  78%|███████▊  | 62/80 [01:17<00:23,  1.28s/it][A

eval:  79%|███████▉  | 63/80 [01:18<00:19,  1.16s/it][A

eval:  80%|████████  | 64/80 [01:19<00:18,  1.18s/it][A

eval:  81%|████████▏ | 65/80 [01:20<00:18,  1.20s/it][A

eval:  82%|████████▎ | 66/80 [01:21<00:15,  1.08s/it][A

eval:  84%|████████▍ | 67/80 [01:23<00:16,  1.29s/it][A

eval:  85%|████████▌ | 68/80 [01:24<00:13,  1.14s/it][A

eval:  86%|████████▋ | 69/80 [01:26<00:15,  1.40s/it][A

eval:  88%|████████▊ | 70/80 [01:26<00:12,  1.22s/it][A

eval:  89%|████████▉ | 71/80 [01:27<00:09,  1.09s/it][A

eval:  90%|█████████ | 72/80 [01:29<00:10,  1.30s/it][A

eval:  91%|█████████▏| 73/80 [01:30<00:08,  1.19s/it][A

eval:  92%|█████████▎| 74/80 [01:32<00:08,  1.40s/it][A

eval:  94%|█████████▍| 75/80 [01:33<00:06,  1.26s/it][A

eval:  95%|█████████▌| 76/80 [01:35<00:05,  1.49s/it][A

eval:  96%|█████████▋| 77/80 [01:36<00:03,  1.28s/it][A

eval:  98%|█████████▊| 78/80 [01:38<00:03,  1.51s/it][A

eval:  99%|█████████▉| 79/80 [01:38<00:01,  1.28s/it][A

eval: 100%|██████████| 80/80 [01:39<00:00,  1.11s/it][A

                                                     [A2026-05-12 02:30:06 | INFO | __main__ | eval.py:43 | [EVAL_SAMPLE] idx=0 pred=false gold=barely-true output=Label: B explain=Hartzler said, "We have less Americans working now than in the ‘70s." The statistics Hartzler’s staff said she cited show the employment-population ratio and labor force participation rate was indeed higher in 1979 than in 2015. However,... prompt=<|im_start|>system
You are a careful fact-checking assistant for LIAR-RAW claims. Classify claims using only the claim and retrieved evidence supplied by the user.<|im_end|>
<|im_start|>user
Classify the claim into exactly one LIAR-RAW l...
2026-05-12 02:30:06 | INFO | __main__ | eval.py:43 | [EVAL_SAMPLE] idx=0 pred=false gold=barely-true output=Label: B explain=Hartzler said, "We have less Americans working now than in the ‘70s." The statistics Hartzler’s staff said she cited show the employment-population ratio and labor force participation rate was indeed higher in 1979 than in 2015. However,... prompt=<|im_start|>system
You are a careful fact-checking assistant for LIAR-RAW claims. Classify claims using only the claim and retrieved evidence supplied by the user.<|im_end|>
<|im_start|>user
Classify the claim into exactly one LIAR-RAW l...
2026-05-12 02:30:06 | INFO | __main__ | eval.py:43 | [EVAL_SAMPLE] idx=1 pred=false gold=pants-fire output=Label: B explain=Ellison used a Koran that once belonged to Thomas Jefferson, borrowing the rare book from the Library of Congress. It goes without saying that Ellison is not Obama. UPDATE: Barack Obama resigned from Trinity United Church of Christ on Ma... prompt=<|im_start|>system
You are a careful fact-checking assistant for LIAR-RAW claims. Classify claims using only the claim and retrieved evidence supplied by the user.<|im_end|>
<|im_start|>user
Classify the claim into exactly one LIAR-RAW l...
2026-05-12 02:30:06 | INFO | __main__ | eval.py:43 | [EVAL_SAMPLE] idx=1 pred=false gold=pants-fire output=Label: B explain=Ellison used a Koran that once belonged to Thomas Jefferson, borrowing the rare book from the Library of Congress. It goes without saying that Ellison is not Obama. UPDATE: Barack Obama resigned from Trinity United Church of Christ on Ma... prompt=<|im_start|>system
You are a careful fact-checking assistant for LIAR-RAW claims. Classify claims using only the claim and retrieved evidence supplied by the user.<|im_end|>
<|im_start|>user
Classify the claim into exactly one LIAR-RAW l...
2026-05-12 02:30:06 | INFO | __main__ | eval.py:43 | [EVAL_SAMPLE] idx=2 pred=mostly-true gold=false output=Label: E explain=However, we have two professors who say the law is silent on political activity -- even if one of them sees an implicit prohibition -- and a plain reading of the law that states no explicit ban. Blumenauer said that "the statute a hundre... prompt=<|im_start|>system
You are a careful fact-checking assistant for LIAR-RAW claims. Classify claims using only the claim and retrieved evidence supplied by the user.<|im_end|>
<|im_start|>user
Classify the claim into exactly one LIAR-RAW l...
2026-05-12 02:30:06 | INFO | __main__ | trainer.py:566 | [eval] step=350 accuracy=0.2953 macro_precision=0.3103 macro_recall=0.3041 macro_f1=0.2912 parse_error_rate=0.0000
2026-05-12 02:30:06 | INFO | __main__ | trainer.py:566 | [eval] per_class:
2026-05-12 02:30:06 | INFO | __main__ | trainer.py:566 |   - barely-true: P=0.2368 R=0.4177 F1=0.3023
2026-05-12 02:30:06 | INFO | __main__ | trainer.py:566 |   - false: P=0.2954 R=0.3180 F1=0.3063
2026-05-12 02:30:06 | INFO | __main__ | trainer.py:566 |   - half-true: P=0.3333 R=0.1057 F1=0.1605
2026-05-12 02:30:06 | INFO | __main__ | trainer.py:566 |   - mostly-true: P=0.3816 R=0.3147 F1=0.3450
2026-05-12 02:30:06 | INFO | __main__ | trainer.py:566 |   - pants-fire: P=0.3179 R=0.4138 F1=0.3596
2026-05-12 02:30:06 | INFO | __main__ | trainer.py:566 |   - true: P=0.2966 R=0.2544 F1=0.2739
2026-05-12 02:30:10 | WARNING | sft.data.io | io.py:87 | [WARN] saved adapter has no LoRA tensors; rebuilding adapter weights from model state.
2026-05-12 02:30:10 | WARNING | sft.data.io | io.py:100 | [WARN] Rewrote /data/liaozijie/fact-checking/outputs/runs/mmr_lambda_sweep/build.retrieval.mmr_lambda-0.5__d41d393f/train/best/adapter_model.safetensors with 392 LoRA tensors collected from the in-memory model.
2026-05-12 02:30:14 | WARNING | sft.data.io | io.py:87 | [WARN] saved adapter has no LoRA tensors; rebuilding adapter weights from model state.
2026-05-12 02:30:15 | WARNING | sft.data.io | io.py:100 | [WARN] Rewrote /data/liaozijie/fact-checking/outputs/runs/mmr_lambda_sweep/build.retrieval.mmr_lambda-0.5__d41d393f/train/checkpoint-350/adapter_model.safetensors with 392 LoRA tensors collected from the in-memory model.

 56%|█████▌    | 351/630 [1:16:47<3:07:40, 40.36s/it]
 56%|█████▌    | 352/630 [1:16:53<2:20:01, 30.22s/it]
 56%|█████▌    | 353/630 [1:17:00<1:47:38, 23.31s/it]
 56%|█████▌    | 354/630 [1:17:09<1:27:20, 18.99s/it]
 56%|█████▋    | 355/630 [1:17:18<1:13:01, 15.93s/it]
 57%|█████▋    | 356/630 [1:17:26<1:01:38, 13.50s/it]
 57%|█████▋    | 357/630 [1:17:34<54:09, 11.90s/it]  
 57%|█████▋    | 358/630 [1:17:40<45:38, 10.07s/it]
 57%|█████▋    | 359/630 [1:17:48<43:17,  9.58s/it]
 57%|█████▋    | 360/630 [1:17:57<42:24,  9.42s/it]
 57%|█████▋    | 361/630 [1:18:06<40:43,  9.08s/it]
 57%|█████▋    | 362/630 [1:18:14<39:38,  8.88s/it]
 58%|█████▊    | 363/630 [1:18:21<36:23,  8.18s/it]
 58%|█████▊    | 364/630 [1:18:27<33:53,  7.64s/it]
 58%|█████▊    | 365/630 [1:18:35<33:53,  7.68s/it]
 58%|█████▊    | 366/630 [1:18:47<40:08,  9.12s/it]
 58%|█████▊    | 367/630 [1:18:57<41:07,  9.38s/it]
 58%|█████▊    | 368/630 [1:19:06<40:07,  9.19s/it]
 59%|█████▊    | 369/630 [1:19:14<38:40,  8.89s/it]
 59%|█████▊    | 370/630 [1:19:21<35:24,  8.17s/it]
 59%|█████▉    | 371/630 [1:19:27<32:55,  7.63s/it]
 59%|█████▉    | 372/630 [1:19:38<36:47,  8.56s/it]
 59%|█████▉    | 373/630 [1:19:46<36:29,  8.52s/it]
 59%|█████▉    | 374/630 [1:19:55<36:53,  8.65s/it]
 60%|█████▉    | 375/630 [1:20:03<35:18,  8.31s/it]
 60%|█████▉    | 376/630 [1:20:09<32:57,  7.79s/it]
 60%|█████▉    | 377/630 [1:20:16<31:39,  7.51s/it]
 60%|██████    | 378/630 [1:20:24<32:07,  7.65s/it]
 60%|██████    | 379/630 [1:20:34<35:08,  8.40s/it]
 60%|██████    | 380/630 [1:20:43<35:36,  8.55s/it]
 60%|██████    | 381/630 [1:20:51<34:51,  8.40s/it]
 61%|██████    | 382/630 [1:20:59<34:38,  8.38s/it]
 61%|██████    | 383/630 [1:21:06<32:17,  7.84s/it]
 61%|██████    | 384/630 [1:21:16<34:30,  8.42s/it]
 61%|██████    | 385/630 [1:21:26<36:51,  9.03s/it]
 61%|██████▏   | 386/630 [1:21:35<36:37,  9.00s/it]
 61%|██████▏   | 387/630 [1:21:43<35:10,  8.69s/it]
 62%|██████▏   | 388/630 [1:21:51<33:44,  8.37s/it]
 62%|██████▏   | 389/630 [1:21:57<31:29,  7.84s/it]
 62%|██████▏   | 390/630 [1:22:03<29:09,  7.29s/it]
 62%|██████▏   | 391/630 [1:22:15<34:01,  8.54s/it]
 62%|██████▏   | 392/630 [1:22:24<34:40,  8.74s/it]
 62%|██████▏   | 393/630 [1:22:33<34:29,  8.73s/it]
 63%|██████▎   | 394/630 [1:22:41<33:44,  8.58s/it]
 63%|██████▎   | 395/630 [1:22:48<31:16,  7.98s/it]
 63%|██████▎   | 396/630 [1:22:54<28:48,  7.39s/it]
 63%|██████▎   | 397/630 [1:23:05<33:21,  8.59s/it]
 63%|██████▎   | 398/630 [1:23:14<33:57,  8.78s/it]
 63%|██████▎   | 399/630 [1:23:22<32:50,  8.53s/it]
 63%|██████▎   | 400/630 [1:23:30<31:50,  8.31s/it]

eval:   0%|          | 0/80 [00:00<?, ?it/s][A

eval:   1%|▏         | 1/80 [00:01<01:48,  1.37s/it][A

eval:   2%|▎         | 2/80 [00:02<01:36,  1.24s/it][A

eval:   4%|▍         | 3/80 [00:03<01:20,  1.04s/it][A

eval:   5%|▌         | 4/80 [00:05<01:46,  1.41s/it][A

eval:   6%|▋         | 5/80 [00:06<01:28,  1.18s/it][A

eval:   8%|▊         | 6/80 [00:07<01:28,  1.19s/it][A

eval:   9%|▉         | 7/80 [00:08<01:30,  1.24s/it][A

eval:  10%|█         | 8/80 [00:10<01:34,  1.31s/it][A

eval:  11%|█▏        | 9/80 [00:11<01:29,  1.26s/it][A

eval:  12%|█▎        | 10/80 [00:12<01:20,  1.15s/it][A

eval:  14%|█▍        | 11/80 [00:14<01:44,  1.51s/it][A

eval:  15%|█▌        | 12/80 [00:15<01:28,  1.31s/it][A

eval:  16%|█▋        | 13/80 [00:17<01:39,  1.49s/it][A

eval:  18%|█▊        | 14/80 [00:18<01:24,  1.29s/it][A

eval:  19%|█▉        | 15/80 [00:19<01:36,  1.49s/it][A

eval:  20%|██        | 16/80 [00:20<01:21,  1.27s/it][A

eval:  21%|██▏       | 17/80 [00:22<01:34,  1.50s/it][A

eval:  22%|██▎       | 18/80 [00:23<01:18,  1.26s/it][A

eval:  24%|██▍       | 19/80 [00:24<01:07,  1.11s/it][A

eval:  25%|██▌       | 20/80 [00:26<01:19,  1.33s/it][A

eval:  26%|██▋       | 21/80 [00:26<01:09,  1.18s/it][A

eval:  28%|██▊       | 22/80 [00:28<01:11,  1.24s/it][A

eval:  29%|██▉       | 23/80 [00:29<01:12,  1.26s/it][A

eval:  30%|███       | 24/80 [00:30<01:12,  1.29s/it][A

eval:  31%|███▏      | 25/80 [00:32<01:10,  1.28s/it][A

eval:  32%|███▎      | 26/80 [00:32<00:59,  1.10s/it][A

eval:  34%|███▍      | 27/80 [00:34<01:02,  1.18s/it][A

eval:  35%|███▌      | 28/80 [00:35<01:03,  1.23s/it][A

eval:  36%|███▋      | 29/80 [00:36<00:55,  1.09s/it][A

eval:  38%|███▊      | 30/80 [00:38<01:03,  1.28s/it][A

eval:  39%|███▉      | 31/80 [00:38<00:55,  1.13s/it][A

eval:  40%|████      | 32/80 [00:40<00:59,  1.24s/it][A

eval:  41%|████▏     | 33/80 [00:41<00:57,  1.23s/it][A

eval:  42%|████▎     | 34/80 [00:42<00:50,  1.09s/it][A

eval:  44%|████▍     | 35/80 [00:44<00:58,  1.29s/it][A

eval:  45%|████▌     | 36/80 [00:45<00:51,  1.18s/it][A

eval:  46%|████▋     | 37/80 [00:46<00:53,  1.24s/it][A

eval:  48%|████▊     | 38/80 [00:47<00:51,  1.24s/it][A

eval:  49%|████▉     | 39/80 [00:48<00:45,  1.10s/it][A

eval:  50%|█████     | 40/80 [00:50<00:50,  1.27s/it][A

eval:  51%|█████▏    | 41/80 [00:51<00:47,  1.23s/it][A

eval:  52%|█████▎    | 42/80 [00:52<00:52,  1.38s/it][A

eval:  54%|█████▍    | 43/80 [00:53<00:46,  1.27s/it][A

eval:  55%|█████▌    | 44/80 [00:55<00:45,  1.27s/it][A

eval:  56%|█████▋    | 45/80 [00:56<00:44,  1.27s/it][A

eval:  57%|█████▊    | 46/80 [00:57<00:38,  1.12s/it][A

eval:  59%|█████▉    | 47/80 [00:59<00:43,  1.31s/it][A

eval:  60%|██████    | 48/80 [00:59<00:38,  1.20s/it][A

eval:  61%|██████▏   | 49/80 [01:01<00:38,  1.23s/it][A

eval:  62%|██████▎   | 50/80 [01:02<00:36,  1.21s/it][A

eval:  64%|██████▍   | 51/80 [01:03<00:32,  1.12s/it][A

eval:  65%|██████▌   | 52/80 [01:05<00:37,  1.33s/it][A

eval:  66%|██████▋   | 53/80 [01:05<00:31,  1.16s/it][A

eval:  68%|██████▊   | 54/80 [01:07<00:30,  1.19s/it][A

eval:  69%|██████▉   | 55/80 [01:08<00:30,  1.22s/it][A

eval:  70%|███████   | 56/80 [01:09<00:26,  1.09s/it][A

eval:  71%|███████▏  | 57/80 [01:11<00:30,  1.34s/it][A

eval:  72%|███████▎  | 58/80 [01:11<00:25,  1.14s/it][A

eval:  74%|███████▍  | 59/80 [01:13<00:24,  1.19s/it][A

eval:  75%|███████▌  | 60/80 [01:14<00:24,  1.20s/it][A

eval:  76%|███████▋  | 61/80 [01:15<00:20,  1.07s/it][A

eval:  78%|███████▊  | 62/80 [01:16<00:20,  1.12s/it][A

eval:  79%|███████▉  | 63/80 [01:17<00:20,  1.18s/it][A

eval:  80%|████████  | 64/80 [01:18<00:16,  1.03s/it][A

eval:  81%|████████▏ | 65/80 [01:20<00:18,  1.24s/it][A

eval:  82%|████████▎ | 66/80 [01:20<00:15,  1.10s/it][A

eval:  84%|████████▍ | 67/80 [01:22<00:15,  1.18s/it][A

eval:  85%|████████▌ | 68/80 [01:23<00:14,  1.22s/it][A

eval:  86%|████████▋ | 69/80 [01:24<00:12,  1.10s/it][A

eval:  88%|████████▊ | 70/80 [01:26<00:13,  1.33s/it][A

eval:  89%|████████▉ | 71/80 [01:27<00:10,  1.17s/it][A

eval:  90%|█████████ | 72/80 [01:29<00:11,  1.41s/it][A

eval:  91%|█████████▏| 73/80 [01:29<00:08,  1.27s/it][A

eval:  92%|█████████▎| 74/80 [01:31<00:07,  1.30s/it][A

eval:  94%|█████████▍| 75/80 [01:32<00:06,  1.34s/it][A

eval:  95%|█████████▌| 76/80 [01:34<00:06,  1.57s/it][A

eval:  96%|█████████▋| 77/80 [01:35<00:04,  1.35s/it][A

eval:  98%|█████████▊| 78/80 [01:37<00:02,  1.35s/it][A

eval:  99%|█████████▉| 79/80 [01:38<00:01,  1.32s/it][A

eval: 100%|██████████| 80/80 [01:38<00:00,  1.13s/it][A

                                                     [A2026-05-12 02:38:43 | INFO | __main__ | eval.py:43 | [EVAL_SAMPLE] idx=0 pred=false gold=barely-true output=Label: B explain=Hartzler said, "We have less Americans working now than in the ‘70s." The statistics Hartzler’s staff said she cited show the employment-population ratio and labor force participation rate was indeed higher in 1979 than in 2015. However,... prompt=<|im_start|>system
You are a careful fact-checking assistant for LIAR-RAW claims. Classify claims using only the claim and retrieved evidence supplied by the user.<|im_end|>
<|im_start|>user
Classify the claim into exactly one LIAR-RAW l...
2026-05-12 02:38:43 | INFO | __main__ | eval.py:43 | [EVAL_SAMPLE] idx=0 pred=false gold=barely-true output=Label: B explain=Hartzler said, "We have less Americans working now than in the ‘70s." The statistics Hartzler’s staff said she cited show the employment-population ratio and labor force participation rate was indeed higher in 1979 than in 2015. However,... prompt=<|im_start|>system
You are a careful fact-checking assistant for LIAR-RAW claims. Classify claims using only the claim and retrieved evidence supplied by the user.<|im_end|>
<|im_start|>user
Classify the claim into exactly one LIAR-RAW l...
2026-05-12 02:38:43 | INFO | __main__ | eval.py:43 | [EVAL_SAMPLE] idx=1 pred=false gold=pants-fire output=Label: B explain=Ellison used a Koran that once belonged to Thomas Jefferson, borrowing the rare book from the Library of Congress. It goes without saying that Ellison is not Obama. UPDATE: Barack Obama resigned from Trinity United Church of Christ on Ma... prompt=<|im_start|>system
You are a careful fact-checking assistant for LIAR-RAW claims. Classify claims using only the claim and retrieved evidence supplied by the user.<|im_end|>
<|im_start|>user
Classify the claim into exactly one LIAR-RAW l...
2026-05-12 02:38:43 | INFO | __main__ | eval.py:43 | [EVAL_SAMPLE] idx=1 pred=false gold=pants-fire output=Label: B explain=Ellison used a Koran that once belonged to Thomas Jefferson, borrowing the rare book from the Library of Congress. It goes without saying that Ellison is not Obama. UPDATE: Barack Obama resigned from Trinity United Church of Christ on Ma... prompt=<|im_start|>system
You are a careful fact-checking assistant for LIAR-RAW claims. Classify claims using only the claim and retrieved evidence supplied by the user.<|im_end|>
<|im_start|>user
Classify the claim into exactly one LIAR-RAW l...
2026-05-12 02:38:43 | INFO | __main__ | eval.py:43 | [EVAL_SAMPLE] idx=2 pred=mostly-true gold=false output=Label: E explain=However, we have two professors who say the law is silent on political activity -- even if one of them sees an implicit prohibition -- and a plain reading of the law that states no explicit ban. Blumenauer said that "the statute a hundre... prompt=<|im_start|>system
You are a careful fact-checking assistant for LIAR-RAW claims. Classify claims using only the claim and retrieved evidence supplied by the user.<|im_end|>
<|im_start|>user
Classify the claim into exactly one LIAR-RAW l...
2026-05-12 02:38:43 | INFO | __main__ | trainer.py:566 | [eval] step=400 accuracy=0.2750 macro_precision=0.3116 macro_recall=0.2887 macro_f1=0.2632 parse_error_rate=0.0000
2026-05-12 02:38:43 | INFO | __main__ | trainer.py:566 | [eval] per_class:
2026-05-12 02:38:43 | INFO | __main__ | trainer.py:566 |   - barely-true: P=0.2202 R=0.5148 F1=0.3085
2026-05-12 02:38:43 | INFO | __main__ | trainer.py:566 |   - false: P=0.3113 R=0.3065 F1=0.3089
2026-05-12 02:38:43 | INFO | __main__ | trainer.py:566 |   - half-true: P=0.3725 R=0.0772 F1=0.1279
2026-05-12 02:38:43 | INFO | __main__ | trainer.py:566 |   - mostly-true: P=0.3905 R=0.1633 F1=0.2303
2026-05-12 02:38:43 | INFO | __main__ | trainer.py:566 |   - pants-fire: P=0.2881 R=0.4397 F1=0.3481
2026-05-12 02:38:43 | INFO | __main__ | trainer.py:566 |   - true: P=0.2868 R=0.2308 F1=0.2557
2026-05-12 02:38:48 | WARNING | sft.data.io | io.py:87 | [WARN] saved adapter has no LoRA tensors; rebuilding adapter weights from model state.
2026-05-12 02:38:48 | WARNING | sft.data.io | io.py:100 | [WARN] Rewrote /data/liaozijie/fact-checking/outputs/runs/mmr_lambda_sweep/build.retrieval.mmr_lambda-0.5__d41d393f/train/checkpoint-400/adapter_model.safetensors with 392 LoRA tensors collected from the in-memory model.

 64%|██████▎   | 401/630 [1:25:20<2:28:40, 38.95s/it]
 64%|██████▍   | 402/630 [1:25:27<1:50:51, 29.17s/it]
 64%|██████▍   | 403/630 [1:25:35<1:27:09, 23.04s/it]
 64%|██████▍   | 404/630 [1:25:45<1:11:02, 18.86s/it]
 64%|██████▍   | 405/630 [1:25:53<59:09, 15.78s/it]  
 64%|██████▍   | 406/630 [1:26:00<49:02, 13.14s/it]
 65%|██████▍   | 407/630 [1:26:08<42:56, 11.55s/it]
 65%|██████▍   | 408/630 [1:26:14<36:55,  9.98s/it]
 65%|██████▍   | 409/630 [1:26:23<35:09,  9.54s/it]
 65%|██████▌   | 410/630 [1:26:32<34:55,  9.52s/it]
 65%|██████▌   | 411/630 [1:26:41<33:52,  9.28s/it]
 65%|██████▌   | 412/630 [1:26:48<31:18,  8.62s/it]
 66%|██████▌   | 413/630 [1:26:56<30:35,  8.46s/it]
 66%|██████▌   | 414/630 [1:27:03<28:26,  7.90s/it]
 66%|██████▌   | 415/630 [1:27:09<26:02,  7.27s/it]
 66%|██████▌   | 416/630 [1:27:20<30:41,  8.60s/it]
 66%|██████▌   | 417/630 [1:27:30<31:43,  8.94s/it]
 66%|██████▋   | 418/630 [1:27:39<32:00,  9.06s/it]
 67%|██████▋   | 419/630 [1:27:47<30:49,  8.76s/it]
 67%|██████▋   | 420/630 [1:27:54<28:25,  8.12s/it]
 67%|██████▋   | 421/630 [1:28:00<26:03,  7.48s/it]
 67%|██████▋   | 422/630 [1:28:11<29:24,  8.48s/it]
 67%|██████▋   | 423/630 [1:28:19<29:07,  8.44s/it]
 67%|██████▋   | 424/630 [1:28:27<28:26,  8.28s/it]
 67%|██████▋   | 425/630 [1:28:35<28:25,  8.32s/it]
 68%|██████▊   | 426/630 [1:28:42<26:35,  7.82s/it]
 68%|██████▊   | 427/630 [1:28:49<25:33,  7.55s/it]
 68%|██████▊   | 428/630 [1:28:57<26:03,  7.74s/it]
 68%|██████▊   | 429/630 [1:29:08<29:11,  8.71s/it]
 68%|██████▊   | 430/630 [1:29:17<29:07,  8.74s/it]
 68%|██████▊   | 431/630 [1:29:24<27:25,  8.27s/it]
 69%|██████▊   | 432/630 [1:29:33<27:38,  8.38s/it]
 69%|██████▊   | 433/630 [1:29:40<26:18,  8.01s/it]
 69%|██████▉   | 434/630 [1:29:49<27:05,  8.29s/it]
 69%|██████▉   | 435/630 [1:29:59<29:05,  8.95s/it]
 69%|██████▉   | 436/630 [1:30:08<28:56,  8.95s/it]
 69%|██████▉   | 437/630 [1:30:16<27:43,  8.62s/it]
 70%|██████▉   | 438/630 [1:30:24<26:49,  8.38s/it]
 70%|██████▉   | 439/630 [1:30:31<25:31,  8.02s/it]
 70%|██████▉   | 440/630 [1:30:37<23:22,  7.38s/it]
 70%|███████   | 441/630 [1:30:47<25:33,  8.11s/it]
 70%|███████   | 442/630 [1:30:56<26:38,  8.50s/it]
 70%|███████   | 443/630 [1:31:04<26:01,  8.35s/it]
 70%|███████   | 444/630 [1:31:11<24:32,  7.92s/it]
 71%|███████   | 445/630 [1:31:19<24:15,  7.87s/it]
 71%|███████   | 446/630 [1:31:25<22:41,  7.40s/it]
 71%|███████   | 447/630 [1:31:37<26:34,  8.71s/it]
 71%|███████   | 448/630 [1:31:47<27:14,  8.98s/it]
 71%|███████▏  | 449/630 [1:31:56<27:04,  8.97s/it]
 71%|███████▏  | 450/630 [1:32:05<26:53,  8.96s/it]

eval:   0%|          | 0/80 [00:00<?, ?it/s][A

eval:   1%|▏         | 1/80 [00:02<02:48,  2.13s/it][A

eval:   2%|▎         | 2/80 [00:02<01:39,  1.28s/it][A

eval:   4%|▍         | 3/80 [00:03<01:21,  1.06s/it][A

eval:   5%|▌         | 4/80 [00:05<01:52,  1.48s/it][A

eval:   6%|▋         | 5/80 [00:06<01:31,  1.22s/it][A

eval:   8%|▊         | 6/80 [00:07<01:29,  1.22s/it][A

eval:   9%|▉         | 7/80 [00:09<01:31,  1.25s/it][A

eval:  10%|█         | 8/80 [00:11<01:50,  1.54s/it][A

eval:  11%|█▏        | 9/80 [00:11<01:30,  1.27s/it][A

eval:  12%|█▎        | 10/80 [00:13<01:31,  1.31s/it][A

eval:  14%|█▍        | 11/80 [00:14<01:39,  1.44s/it][A

eval:  15%|█▌        | 12/80 [00:16<01:34,  1.39s/it][A

eval:  16%|█▋        | 13/80 [00:17<01:31,  1.37s/it][A

eval:  18%|█▊        | 14/80 [00:18<01:19,  1.20s/it][A

eval:  19%|█▉        | 15/80 [00:20<01:31,  1.40s/it][A

eval:  20%|██        | 16/80 [00:21<01:17,  1.20s/it][A

eval:  21%|██▏       | 17/80 [00:23<01:31,  1.46s/it][A

eval:  22%|██▎       | 18/80 [00:23<01:16,  1.23s/it][A

eval:  24%|██▍       | 19/80 [00:24<01:06,  1.09s/it][A

eval:  25%|██▌       | 20/80 [00:26<01:18,  1.32s/it][A

eval:  26%|██▋       | 21/80 [00:27<01:08,  1.17s/it][A

eval:  28%|██▊       | 22/80 [00:28<01:12,  1.24s/it][A

eval:  29%|██▉       | 23/80 [00:29<01:12,  1.27s/it][A

eval:  30%|███       | 24/80 [00:31<01:12,  1.30s/it][A

eval:  31%|███▏      | 25/80 [00:32<01:10,  1.28s/it][A

eval:  32%|███▎      | 26/80 [00:33<00:59,  1.11s/it][A

eval:  34%|███▍      | 27/80 [00:34<01:03,  1.20s/it][A

eval:  35%|███▌      | 28/80 [00:35<01:04,  1.24s/it][A

eval:  36%|███▋      | 29/80 [00:36<00:55,  1.10s/it][A

eval:  38%|███▊      | 30/80 [00:38<01:04,  1.29s/it][A

eval:  39%|███▉      | 31/80 [00:39<00:55,  1.14s/it][A

eval:  40%|████      | 32/80 [00:41<01:07,  1.41s/it][A

eval:  41%|████▏     | 33/80 [00:42<00:57,  1.22s/it][A

eval:  42%|████▎     | 34/80 [00:44<01:06,  1.45s/it][A

eval:  44%|████▍     | 35/80 [00:44<00:56,  1.25s/it][A

eval:  45%|████▌     | 36/80 [00:46<00:57,  1.30s/it][A

eval:  46%|████▋     | 37/80 [00:47<00:55,  1.28s/it][A

eval:  48%|████▊     | 38/80 [00:48<00:47,  1.14s/it][A

eval:  49%|████▉     | 39/80 [00:49<00:48,  1.19s/it][A

eval:  50%|█████     | 40/80 [00:50<00:47,  1.19s/it][A

eval:  51%|█████▏    | 41/80 [00:52<00:51,  1.32s/it][A

eval:  52%|█████▎    | 42/80 [00:53<00:49,  1.29s/it][A

eval:  54%|█████▍    | 43/80 [00:54<00:44,  1.21s/it][A

eval:  55%|█████▌    | 44/80 [00:56<00:48,  1.36s/it][A

eval:  56%|█████▋    | 45/80 [00:57<00:41,  1.20s/it][A

eval:  57%|█████▊    | 46/80 [00:58<00:41,  1.21s/it][A

eval:  59%|█████▉    | 47/80 [00:59<00:40,  1.22s/it][A

eval:  60%|██████    | 48/80 [01:00<00:36,  1.14s/it][A

eval:  61%|██████▏   | 49/80 [01:02<00:40,  1.31s/it][A

eval:  62%|██████▎   | 50/80 [01:03<00:34,  1.14s/it][A

eval:  64%|██████▍   | 51/80 [01:04<00:35,  1.21s/it][A

eval:  65%|██████▌   | 52/80 [01:05<00:34,  1.24s/it][A

eval:  66%|██████▋   | 53/80 [01:06<00:29,  1.10s/it][A

eval:  68%|██████▊   | 54/80 [01:08<00:32,  1.26s/it][A

eval:  69%|██████▉   | 55/80 [01:09<00:28,  1.14s/it][A

eval:  70%|███████   | 56/80 [01:10<00:27,  1.16s/it][A

eval:  71%|███████▏  | 57/80 [01:11<00:27,  1.21s/it][A

eval:  72%|███████▎  | 58/80 [01:12<00:23,  1.05s/it][A

eval:  74%|███████▍  | 59/80 [01:13<00:23,  1.12s/it][A

eval:  75%|███████▌  | 60/80 [01:14<00:23,  1.16s/it][A

eval:  76%|███████▋  | 61/80 [01:15<00:19,  1.04s/it][A

eval:  78%|███████▊  | 62/80 [01:17<00:22,  1.26s/it][A

eval:  79%|███████▉  | 63/80 [01:18<00:19,  1.14s/it][A

eval:  80%|████████  | 64/80 [01:19<00:18,  1.18s/it][A

eval:  81%|████████▏ | 65/80 [01:20<00:18,  1.22s/it][A

eval:  82%|████████▎ | 66/80 [01:21<00:15,  1.09s/it][A

eval:  84%|████████▍ | 67/80 [01:23<00:17,  1.31s/it][A

eval:  85%|████████▌ | 68/80 [01:24<00:13,  1.15s/it][A

eval:  86%|████████▋ | 69/80 [01:25<00:13,  1.21s/it][A

eval:  88%|████████▊ | 70/80 [01:26<00:12,  1.22s/it][A

eval:  89%|████████▉ | 71/80 [01:27<00:09,  1.09s/it][A

eval:  90%|█████████ | 72/80 [01:29<00:10,  1.32s/it][A

eval:  91%|█████████▏| 73/80 [01:30<00:08,  1.21s/it][A

eval:  92%|█████████▎| 74/80 [01:32<00:08,  1.41s/it][A

eval:  94%|█████████▍| 75/80 [01:33<00:06,  1.26s/it][A

eval:  95%|█████████▌| 76/80 [01:34<00:05,  1.34s/it][A

eval:  96%|█████████▋| 77/80 [01:36<00:03,  1.32s/it][A

eval:  98%|█████████▊| 78/80 [01:37<00:02,  1.34s/it][A

eval:  99%|█████████▉| 79/80 [01:38<00:01,  1.30s/it][A

eval: 100%|██████████| 80/80 [01:39<00:00,  1.12s/it][A

                                                     [A2026-05-12 02:47:18 | INFO | __main__ | eval.py:43 | [EVAL_SAMPLE] idx=0 pred=false gold=barely-true output=Label: B explain=Hartzler said, "We have less Americans working now than in the ‘70s." The statistics Hartzler’s staff said she cited show the employment-population ratio and labor force participation rate was indeed higher in 1979 than in 2015. However,... prompt=<|im_start|>system
You are a careful fact-checking assistant for LIAR-RAW claims. Classify claims using only the claim and retrieved evidence supplied by the user.<|im_end|>
<|im_start|>user
Classify the claim into exactly one LIAR-RAW l...
2026-05-12 02:47:18 | INFO | __main__ | eval.py:43 | [EVAL_SAMPLE] idx=0 pred=false gold=barely-true output=Label: B explain=Hartzler said, "We have less Americans working now than in the ‘70s." The statistics Hartzler’s staff said she cited show the employment-population ratio and labor force participation rate was indeed higher in 1979 than in 2015. However,... prompt=<|im_start|>system
You are a careful fact-checking assistant for LIAR-RAW claims. Classify claims using only the claim and retrieved evidence supplied by the user.<|im_end|>
<|im_start|>user
Classify the claim into exactly one LIAR-RAW l...
2026-05-12 02:47:18 | INFO | __main__ | eval.py:43 | [EVAL_SAMPLE] idx=1 pred=false gold=pants-fire output=Label: B explain=Ellison used a Koran that once belonged to Thomas Jefferson, borrowing the rare book from the Library of Congress. It goes without saying that Ellison is not Obama. UPDATE: Barack Obama resigned from Trinity United Church of Christ on Ma... prompt=<|im_start|>system
You are a careful fact-checking assistant for LIAR-RAW claims. Classify claims using only the claim and retrieved evidence supplied by the user.<|im_end|>
<|im_start|>user
Classify the claim into exactly one LIAR-RAW l...
2026-05-12 02:47:18 | INFO | __main__ | eval.py:43 | [EVAL_SAMPLE] idx=1 pred=false gold=pants-fire output=Label: B explain=Ellison used a Koran that once belonged to Thomas Jefferson, borrowing the rare book from the Library of Congress. It goes without saying that Ellison is not Obama. UPDATE: Barack Obama resigned from Trinity United Church of Christ on Ma... prompt=<|im_start|>system
You are a careful fact-checking assistant for LIAR-RAW claims. Classify claims using only the claim and retrieved evidence supplied by the user.<|im_end|>
<|im_start|>user
Classify the claim into exactly one LIAR-RAW l...
2026-05-12 02:47:18 | INFO | __main__ | eval.py:43 | [EVAL_SAMPLE] idx=2 pred=mostly-true gold=false output=Label: E explain=However, we have two professors who say the law is silent on political activity -- even if one of them sees an implicit prohibition -- and a plain reading of the law that states no explicit ban. Blumenauer said that "the statute a hundre... prompt=<|im_start|>system
You are a careful fact-checking assistant for LIAR-RAW claims. Classify claims using only the claim and retrieved evidence supplied by the user.<|im_end|>
<|im_start|>user
Classify the claim into exactly one LIAR-RAW l...
2026-05-12 02:47:18 | INFO | __main__ | trainer.py:566 | [eval] step=450 accuracy=0.2930 macro_precision=0.3009 macro_recall=0.3033 macro_f1=0.2921 parse_error_rate=0.0000
2026-05-12 02:47:18 | INFO | __main__ | trainer.py:566 | [eval] per_class:
2026-05-12 02:47:18 | INFO | __main__ | trainer.py:566 |   - barely-true: P=0.2420 R=0.3502 F1=0.2862
2026-05-12 02:47:18 | INFO | __main__ | trainer.py:566 |   - false: P=0.2936 R=0.3870 F1=0.3339
2026-05-12 02:47:18 | INFO | __main__ | trainer.py:566 |   - half-true: P=0.2623 R=0.1301 F1=0.1739
2026-05-12 02:47:18 | INFO | __main__ | trainer.py:566 |   - mostly-true: P=0.3721 R=0.2550 F1=0.3026
2026-05-12 02:47:18 | INFO | __main__ | trainer.py:566 |   - pants-fire: P=0.3205 R=0.4310 F1=0.3676
2026-05-12 02:47:18 | INFO | __main__ | trainer.py:566 |   - true: P=0.3147 R=0.2663 F1=0.2885
2026-05-12 02:47:22 | WARNING | sft.data.io | io.py:87 | [WARN] saved adapter has no LoRA tensors; rebuilding adapter weights from model state.
2026-05-12 02:47:22 | WARNING | sft.data.io | io.py:100 | [WARN] Rewrote /data/liaozijie/fact-checking/outputs/runs/mmr_lambda_sweep/build.retrieval.mmr_lambda-0.5__d41d393f/train/best/adapter_model.safetensors with 392 LoRA tensors collected from the in-memory model.
2026-05-12 02:47:26 | WARNING | sft.data.io | io.py:87 | [WARN] saved adapter has no LoRA tensors; rebuilding adapter weights from model state.
2026-05-12 02:47:26 | WARNING | sft.data.io | io.py:100 | [WARN] Rewrote /data/liaozijie/fact-checking/outputs/runs/mmr_lambda_sweep/build.retrieval.mmr_lambda-0.5__d41d393f/train/checkpoint-450/adapter_model.safetensors with 392 LoRA tensors collected from the in-memory model.

 72%|███████▏  | 451/630 [1:33:58<2:00:31, 40.40s/it]
 72%|███████▏  | 452/630 [1:34:05<1:29:44, 30.25s/it]
 72%|███████▏  | 453/630 [1:34:13<1:09:46, 23.65s/it]
 72%|███████▏  | 454/630 [1:34:22<56:21, 19.21s/it]  
 72%|███████▏  | 455/630 [1:34:31<47:09, 16.17s/it]
 72%|███████▏  | 456/630 [1:34:38<38:49, 13.39s/it]
 73%|███████▎  | 457/630 [1:34:46<34:08, 11.84s/it]
 73%|███████▎  | 458/630 [1:34:52<28:52, 10.07s/it]
 73%|███████▎  | 459/630 [1:35:00<26:54,  9.44s/it]
 73%|███████▎  | 460/630 [1:35:10<27:08,  9.58s/it]
 73%|███████▎  | 461/630 [1:35:19<26:06,  9.27s/it]
 73%|███████▎  | 462/630 [1:35:26<24:39,  8.81s/it]
 73%|███████▎  | 463/630 [1:35:33<22:56,  8.25s/it]
 74%|███████▎  | 464/630 [1:35:40<21:30,  7.78s/it]
 74%|███████▍  | 465/630 [1:35:46<19:38,  7.14s/it]
 74%|███████▍  | 466/630 [1:35:57<23:07,  8.46s/it]
 74%|███████▍  | 467/630 [1:36:06<23:41,  8.72s/it]
 74%|███████▍  | 468/630 [1:36:15<23:24,  8.67s/it]
 74%|███████▍  | 469/630 [1:36:22<21:45,  8.11s/it]
 75%|███████▍  | 470/630 [1:36:29<20:59,  7.87s/it]
 75%|███████▍  | 471/630 [1:36:35<19:22,  7.31s/it]
 75%|███████▍  | 472/630 [1:36:47<22:28,  8.54s/it]
 75%|███████▌  | 473/630 [1:36:55<21:59,  8.41s/it]
 75%|███████▌  | 474/630 [1:37:03<21:51,  8.41s/it]
 75%|███████▌  | 475/630 [1:37:10<20:44,  8.03s/it]
 76%|███████▌  | 476/630 [1:37:17<19:56,  7.77s/it]
 76%|███████▌  | 477/630 [1:37:24<18:59,  7.45s/it]
 76%|███████▌  | 478/630 [1:37:33<20:13,  7.99s/it]
 76%|███████▌  | 479/630 [1:37:43<21:03,  8.37s/it]
 76%|███████▌  | 480/630 [1:37:51<21:22,  8.55s/it]
 76%|███████▋  | 481/630 [1:37:58<19:56,  8.03s/it]
 77%|███████▋  | 482/630 [1:38:05<18:43,  7.59s/it]
 77%|███████▋  | 483/630 [1:38:10<17:00,  6.94s/it]
 77%|███████▋  | 484/630 [1:38:19<17:52,  7.35s/it]
 77%|███████▋  | 485/630 [1:38:29<19:48,  8.19s/it]
 77%|███████▋  | 486/630 [1:38:36<19:03,  7.94s/it]
 77%|███████▋  | 487/630 [1:38:45<19:38,  8.24s/it]
 77%|███████▋  | 488/630 [1:38:53<19:15,  8.14s/it]
 78%|███████▊  | 489/630 [1:38:59<17:58,  7.65s/it]
 78%|███████▊  | 490/630 [1:39:05<16:29,  7.07s/it]
 78%|███████▊  | 491/630 [1:39:15<18:22,  7.93s/it]
 78%|███████▊  | 492/630 [1:39:24<18:57,  8.24s/it]
 78%|███████▊  | 493/630 [1:39:33<19:06,  8.37s/it]
 78%|███████▊  | 494/630 [1:39:41<18:55,  8.35s/it]
 79%|███████▊  | 495/630 [1:39:48<17:52,  7.95s/it]
 79%|███████▊  | 496/630 [1:39:55<17:04,  7.64s/it]
 79%|███████▉  | 497/630 [1:40:06<19:10,  8.65s/it]
 79%|███████▉  | 498/630 [1:40:16<19:48,  9.00s/it]
 79%|███████▉  | 499/630 [1:40:24<18:56,  8.68s/it]
 79%|███████▉  | 500/630 [1:40:32<18:31,  8.55s/it]

eval:   0%|          | 0/80 [00:00<?, ?it/s][A

eval:   1%|▏         | 1/80 [00:00<01:07,  1.17it/s][A

eval:   2%|▎         | 2/80 [00:02<01:26,  1.11s/it][A

eval:   4%|▍         | 3/80 [00:03<01:34,  1.23s/it][A

eval:   5%|▌         | 4/80 [00:05<01:42,  1.35s/it][A

eval:   6%|▋         | 5/80 [00:06<01:38,  1.31s/it][A

eval:   8%|▊         | 6/80 [00:06<01:21,  1.10s/it][A

eval:   9%|▉         | 7/80 [00:08<01:39,  1.36s/it][A

eval:  10%|█         | 8/80 [00:09<01:29,  1.24s/it][A

eval:  11%|█▏        | 9/80 [00:11<01:28,  1.24s/it][A

eval:  12%|█▎        | 10/80 [00:12<01:31,  1.30s/it][A

eval:  14%|█▍        | 11/80 [00:14<01:52,  1.63s/it][A

eval:  15%|█▌        | 12/80 [00:15<01:34,  1.39s/it][A

eval:  16%|█▋        | 13/80 [00:17<01:35,  1.42s/it][A

eval:  18%|█▊        | 14/80 [00:18<01:32,  1.39s/it][A

eval:  19%|█▉        | 15/80 [00:20<01:44,  1.61s/it][A

eval:  20%|██        | 16/80 [00:21<01:26,  1.35s/it][A

eval:  21%|██▏       | 17/80 [00:22<01:26,  1.38s/it][A

eval:  22%|██▎       | 18/80 [00:24<01:21,  1.31s/it][A

eval:  24%|██▍       | 19/80 [00:24<01:10,  1.15s/it][A

eval:  25%|██▌       | 20/80 [00:26<01:13,  1.22s/it][A

eval:  26%|██▋       | 21/80 [00:27<01:13,  1.25s/it][A

eval:  28%|██▊       | 22/80 [00:28<01:15,  1.29s/it][A

eval:  29%|██▉       | 23/80 [00:30<01:12,  1.28s/it][A

eval:  30%|███       | 24/80 [00:31<01:04,  1.15s/it][A

eval:  31%|███▏      | 25/80 [00:32<01:05,  1.19s/it][A

eval:  32%|███▎      | 26/80 [00:33<01:04,  1.19s/it][A

eval:  34%|███▍      | 27/80 [00:34<01:06,  1.25s/it][A

eval:  35%|███▌      | 28/80 [00:36<01:05,  1.26s/it][A

eval:  36%|███▋      | 29/80 [00:36<00:56,  1.11s/it][A

eval:  38%|███▊      | 30/80 [00:38<00:57,  1.16s/it][A

eval:  39%|███▉      | 31/80 [00:39<00:58,  1.19s/it][A

eval:  40%|████      | 32/80 [00:40<01:01,  1.28s/it][A

eval:  41%|████▏     | 33/80 [00:42<00:58,  1.26s/it][A

eval:  42%|████▎     | 34/80 [00:42<00:51,  1.11s/it][A

eval:  44%|████▍     | 35/80 [00:44<00:53,  1.18s/it][A

eval:  45%|████▌     | 36/80 [00:45<00:54,  1.24s/it][A

eval:  46%|████▋     | 37/80 [00:46<00:54,  1.27s/it][A

eval:  48%|████▊     | 38/80 [00:48<00:53,  1.27s/it][A

eval:  49%|████▉     | 39/80 [00:49<00:46,  1.13s/it][A

eval:  50%|█████     | 40/80 [00:50<00:45,  1.14s/it][A

eval:  51%|█████▏    | 41/80 [00:51<00:49,  1.26s/it][A

eval:  52%|█████▎    | 42/80 [00:53<00:48,  1.27s/it][A

eval:  54%|█████▍    | 43/80 [00:54<00:49,  1.33s/it][A

eval:  55%|█████▌    | 44/80 [00:55<00:42,  1.17s/it][A

eval:  56%|█████▋    | 45/80 [00:57<00:47,  1.34s/it][A

eval:  57%|█████▊    | 46/80 [00:57<00:39,  1.17s/it][A

eval:  59%|█████▉    | 47/80 [00:59<00:40,  1.22s/it][A

eval:  60%|██████    | 48/80 [01:00<00:41,  1.30s/it][A

eval:  61%|██████▏   | 49/80 [01:01<00:40,  1.31s/it][A

eval:  62%|██████▎   | 50/80 [01:03<00:38,  1.29s/it][A

eval:  64%|██████▍   | 51/80 [01:04<00:34,  1.18s/it][A

eval:  65%|██████▌   | 52/80 [01:06<00:38,  1.39s/it][A

eval:  66%|██████▋   | 53/80 [01:06<00:32,  1.20s/it][A

eval:  68%|██████▊   | 54/80 [01:08<00:31,  1.22s/it][A

eval:  69%|██████▉   | 55/80 [01:09<00:31,  1.24s/it][A

eval:  70%|███████   | 56/80 [01:10<00:26,  1.10s/it][A

eval:  71%|███████▏  | 57/80 [01:12<00:31,  1.36s/it][A

eval:  72%|███████▎  | 58/80 [01:12<00:25,  1.16s/it][A

eval:  74%|███████▍  | 59/80 [01:14<00:25,  1.21s/it][A

eval:  75%|███████▌  | 60/80 [01:15<00:24,  1.22s/it][A

eval:  76%|███████▋  | 61/80 [01:16<00:20,  1.08s/it][A

eval:  78%|███████▊  | 62/80 [01:17<00:23,  1.31s/it][A

eval:  79%|███████▉  | 63/80 [01:18<00:19,  1.17s/it][A

eval:  80%|████████  | 64/80 [01:20<00:19,  1.19s/it][A

eval:  81%|████████▏ | 65/80 [01:21<00:18,  1.22s/it][A

eval:  82%|████████▎ | 66/80 [01:22<00:15,  1.09s/it][A

eval:  84%|████████▍ | 67/80 [01:23<00:17,  1.31s/it][A

eval:  85%|████████▌ | 68/80 [01:24<00:13,  1.16s/it][A

eval:  86%|████████▋ | 69/80 [01:26<00:15,  1.41s/it][A

eval:  88%|████████▊ | 70/80 [01:27<00:12,  1.23s/it][A

eval:  89%|████████▉ | 71/80 [01:28<00:11,  1.27s/it][A

eval:  90%|█████████ | 72/80 [01:30<00:10,  1.26s/it][A

eval:  91%|█████████▏| 73/80 [01:31<00:08,  1.17s/it][A

eval:  92%|█████████▎| 74/80 [01:32<00:08,  1.36s/it][A

eval:  94%|█████████▍| 75/80 [01:33<00:06,  1.22s/it][A

eval:  95%|█████████▌| 76/80 [01:35<00:05,  1.30s/it][A

eval:  96%|█████████▋| 77/80 [01:36<00:03,  1.29s/it][A

eval:  98%|█████████▊| 78/80 [01:37<00:02,  1.30s/it][A

eval:  99%|█████████▉| 79/80 [01:39<00:01,  1.27s/it][A

eval: 100%|██████████| 80/80 [01:39<00:00,  1.10s/it][A

                                                     [A2026-05-12 02:55:46 | INFO | __main__ | eval.py:43 | [EVAL_SAMPLE] idx=0 pred=false gold=barely-true output=Label: B explain=Hartzler said, "We have less Americans working now than in the ‘70s." The statistics Hartzler’s staff said she cited show the employment-population ratio and labor force participation rate was indeed higher in 1979 than in 2015. However,... prompt=<|im_start|>system
You are a careful fact-checking assistant for LIAR-RAW claims. Classify claims using only the claim and retrieved evidence supplied by the user.<|im_end|>
<|im_start|>user
Classify the claim into exactly one LIAR-RAW l...
2026-05-12 02:55:46 | INFO | __main__ | eval.py:43 | [EVAL_SAMPLE] idx=0 pred=false gold=barely-true output=Label: B explain=Hartzler said, "We have less Americans working now than in the ‘70s." The statistics Hartzler’s staff said she cited show the employment-population ratio and labor force participation rate was indeed higher in 1979 than in 2015. However,... prompt=<|im_start|>system
You are a careful fact-checking assistant for LIAR-RAW claims. Classify claims using only the claim and retrieved evidence supplied by the user.<|im_end|>
<|im_start|>user
Classify the claim into exactly one LIAR-RAW l...
2026-05-12 02:55:46 | INFO | __main__ | eval.py:43 | [EVAL_SAMPLE] idx=1 pred=false gold=pants-fire output=Label: B explain=Ellison used a Koran that once belonged to Thomas Jefferson, borrowing the rare book from the Library of Congress. It goes without saying that Ellison is not Obama. UPDATE: Barack Obama resigned from Trinity United Church of Christ on Ma... prompt=<|im_start|>system
You are a careful fact-checking assistant for LIAR-RAW claims. Classify claims using only the claim and retrieved evidence supplied by the user.<|im_end|>
<|im_start|>user
Classify the claim into exactly one LIAR-RAW l...
2026-05-12 02:55:46 | INFO | __main__ | eval.py:43 | [EVAL_SAMPLE] idx=1 pred=false gold=pants-fire output=Label: B explain=Ellison used a Koran that once belonged to Thomas Jefferson, borrowing the rare book from the Library of Congress. It goes without saying that Ellison is not Obama. UPDATE: Barack Obama resigned from Trinity United Church of Christ on Ma... prompt=<|im_start|>system
You are a careful fact-checking assistant for LIAR-RAW claims. Classify claims using only the claim and retrieved evidence supplied by the user.<|im_end|>
<|im_start|>user
Classify the claim into exactly one LIAR-RAW l...
2026-05-12 02:55:46 | INFO | __main__ | eval.py:43 | [EVAL_SAMPLE] idx=2 pred=mostly-true gold=false output=Label: E explain=However, we have two professors who say the law is silent on political activity -- even if one of them sees an implicit prohibition -- and a plain reading of the law that states no explicit ban. Blumenauer said that "the statute a hundre... prompt=<|im_start|>system
You are a careful fact-checking assistant for LIAR-RAW claims. Classify claims using only the claim and retrieved evidence supplied by the user.<|im_end|>
<|im_start|>user
Classify the claim into exactly one LIAR-RAW l...
2026-05-12 02:55:46 | INFO | __main__ | trainer.py:566 | [eval] step=500 accuracy=0.2938 macro_precision=0.3021 macro_recall=0.3079 macro_f1=0.2988 parse_error_rate=0.0000
2026-05-12 02:55:46 | INFO | __main__ | trainer.py:566 | [eval] per_class:
2026-05-12 02:55:46 | INFO | __main__ | trainer.py:566 |   - barely-true: P=0.2478 R=0.3544 F1=0.2917
2026-05-12 02:55:46 | INFO | __main__ | trainer.py:566 |   - false: P=0.2906 R=0.2950 F1=0.2928
2026-05-12 02:55:46 | INFO | __main__ | trainer.py:566 |   - half-true: P=0.3028 R=0.1748 F1=0.2216
2026-05-12 02:55:46 | INFO | __main__ | trainer.py:566 |   - mostly-true: P=0.3401 R=0.2669 F1=0.2991
2026-05-12 02:55:46 | INFO | __main__ | trainer.py:566 |   - pants-fire: P=0.3448 R=0.4310 F1=0.3831
2026-05-12 02:55:46 | INFO | __main__ | trainer.py:566 |   - true: P=0.2865 R=0.3254 F1=0.3047
2026-05-12 02:55:50 | WARNING | sft.data.io | io.py:87 | [WARN] saved adapter has no LoRA tensors; rebuilding adapter weights from model state.
2026-05-12 02:55:50 | WARNING | sft.data.io | io.py:100 | [WARN] Rewrote /data/liaozijie/fact-checking/outputs/runs/mmr_lambda_sweep/build.retrieval.mmr_lambda-0.5__d41d393f/train/best/adapter_model.safetensors with 392 LoRA tensors collected from the in-memory model.
2026-05-12 02:55:54 | WARNING | sft.data.io | io.py:87 | [WARN] saved adapter has no LoRA tensors; rebuilding adapter weights from model state.
2026-05-12 02:55:54 | WARNING | sft.data.io | io.py:100 | [WARN] Rewrote /data/liaozijie/fact-checking/outputs/runs/mmr_lambda_sweep/build.retrieval.mmr_lambda-0.5__d41d393f/train/checkpoint-500/adapter_model.safetensors with 392 LoRA tensors collected from the in-memory model.

 80%|███████▉  | 501/630 [1:42:26<1:26:30, 40.24s/it]
 80%|███████▉  | 502/630 [1:42:32<1:03:55, 29.97s/it]
 80%|███████▉  | 503/630 [1:42:41<49:50, 23.55s/it]  
 80%|████████  | 504/630 [1:42:51<40:53, 19.47s/it]
 80%|████████  | 505/630 [1:43:00<33:56, 16.29s/it]
 80%|████████  | 506/630 [1:43:08<28:45, 13.91s/it]
 80%|████████  | 507/630 [1:43:15<24:13, 11.82s/it]
 81%|████████  | 508/630 [1:43:22<21:12, 10.43s/it]
 81%|████████  | 509/630 [1:43:32<20:30, 10.17s/it]
 81%|████████  | 510/630 [1:43:41<19:58,  9.99s/it]
 81%|████████  | 511/630 [1:43:50<19:12,  9.69s/it]
 81%|████████▏ | 512/630 [1:43:58<18:00,  9.16s/it]
 81%|████████▏ | 513/630 [1:44:06<16:55,  8.68s/it]
 82%|████████▏ | 514/630 [1:44:12<15:31,  8.03s/it]
 82%|████████▏ | 515/630 [1:44:18<14:12,  7.42s/it]
 82%|████████▏ | 516/630 [1:44:30<16:18,  8.59s/it]
 82%|████████▏ | 517/630 [1:44:38<16:20,  8.68s/it]
 82%|████████▏ | 518/630 [1:44:46<15:44,  8.43s/it]
 82%|████████▏ | 519/630 [1:44:54<15:06,  8.16s/it]
 83%|████████▎ | 520/630 [1:45:02<15:02,  8.20s/it]
 83%|████████▎ | 521/630 [1:45:08<13:48,  7.60s/it]
 83%|████████▎ | 522/630 [1:45:20<15:55,  8.85s/it]
 83%|████████▎ | 523/630 [1:45:29<16:01,  8.99s/it]
 83%|████████▎ | 524/630 [1:45:38<15:42,  8.89s/it]
 83%|████████▎ | 525/630 [1:45:45<14:41,  8.40s/it]
 83%|████████▎ | 526/630 [1:45:53<14:13,  8.21s/it]
 84%|████████▎ | 527/630 [1:45:59<13:04,  7.62s/it]
 84%|████████▍ | 528/630 [1:46:09<14:02,  8.26s/it]
 84%|████████▍ | 529/630 [1:46:20<15:23,  9.15s/it]
 84%|████████▍ | 530/630 [1:46:28<14:40,  8.80s/it]
 84%|████████▍ | 531/630 [1:46:36<13:58,  8.47s/it]
 84%|████████▍ | 532/630 [1:46:44<13:41,  8.38s/it]
 85%|████████▍ | 533/630 [1:46:50<12:33,  7.77s/it]
 85%|████████▍ | 534/630 [1:46:59<12:42,  7.94s/it]
 85%|████████▍ | 535/630 [1:47:08<13:10,  8.32s/it]
 85%|████████▌ | 536/630 [1:47:16<12:57,  8.28s/it]
 85%|████████▌ | 537/630 [1:47:24<12:32,  8.09s/it]
 85%|████████▌ | 538/630 [1:47:32<12:39,  8.26s/it]
 86%|████████▌ | 539/630 [1:47:39<11:53,  7.84s/it]
 86%|████████▌ | 540/630 [1:47:45<10:53,  7.26s/it]
 86%|████████▌ | 541/630 [1:47:56<12:25,  8.38s/it]
 86%|████████▌ | 542/630 [1:48:05<12:33,  8.56s/it]
 86%|████████▌ | 543/630 [1:48:13<12:09,  8.38s/it]
 86%|████████▋ | 544/630 [1:48:19<10:58,  7.65s/it]
 87%|████████▋ | 545/630 [1:48:26<10:23,  7.33s/it]
 87%|████████▋ | 546/630 [1:48:31<09:30,  6.79s/it]
 87%|████████▋ | 547/630 [1:48:42<11:01,  7.97s/it]
 87%|████████▋ | 548/630 [1:48:51<11:22,  8.32s/it]
 87%|████████▋ | 549/630 [1:48:59<11:04,  8.21s/it]
 87%|████████▋ | 550/630 [1:49:07<10:49,  8.12s/it]

eval:   0%|          | 0/80 [00:00<?, ?it/s][A

eval:   1%|▏         | 1/80 [00:01<01:49,  1.39s/it][A

eval:   2%|▎         | 2/80 [00:02<01:38,  1.26s/it][A

eval:   4%|▍         | 3/80 [00:03<01:20,  1.05s/it][A

eval:   5%|▌         | 4/80 [00:05<01:50,  1.45s/it][A

eval:   6%|▋         | 5/80 [00:06<01:30,  1.21s/it][A

eval:   8%|▊         | 6/80 [00:07<01:28,  1.20s/it][A

eval:   9%|▉         | 7/80 [00:08<01:30,  1.24s/it][A

eval:  10%|█         | 8/80 [00:10<01:48,  1.50s/it][A

eval:  11%|█▏        | 9/80 [00:11<01:28,  1.24s/it][A

eval:  12%|█▎        | 10/80 [00:12<01:19,  1.14s/it][A

eval:  14%|█▍        | 11/80 [00:14<01:40,  1.46s/it][A

eval:  15%|█▌        | 12/80 [00:15<01:26,  1.27s/it][A

eval:  16%|█▋        | 13/80 [00:17<01:35,  1.42s/it][A

eval:  18%|█▊        | 14/80 [00:17<01:21,  1.24s/it][A

eval:  19%|█▉        | 15/80 [00:19<01:33,  1.44s/it][A

eval:  20%|██        | 16/80 [00:20<01:18,  1.23s/it][A

eval:  21%|██▏       | 17/80 [00:22<01:33,  1.49s/it][A

eval:  22%|██▎       | 18/80 [00:23<01:17,  1.25s/it][A

eval:  24%|██▍       | 19/80 [00:24<01:07,  1.11s/it][A

eval:  25%|██▌       | 20/80 [00:25<01:17,  1.30s/it][A

eval:  26%|██▋       | 21/80 [00:26<01:08,  1.15s/it][A

eval:  28%|██▊       | 22/80 [00:28<01:09,  1.20s/it][A

eval:  29%|██▉       | 23/80 [00:29<01:09,  1.22s/it][A

eval:  30%|███       | 24/80 [00:30<01:02,  1.11s/it][A

eval:  31%|███▏      | 25/80 [00:31<01:01,  1.12s/it][A

eval:  32%|███▎      | 26/80 [00:32<01:01,  1.13s/it][A

eval:  34%|███▍      | 27/80 [00:33<00:55,  1.04s/it][A

eval:  35%|███▌      | 28/80 [00:35<01:06,  1.27s/it][A

eval:  36%|███▋      | 29/80 [00:35<00:57,  1.12s/it][A

eval:  38%|███▊      | 30/80 [00:37<00:58,  1.16s/it][A

eval:  39%|███▉      | 31/80 [00:38<00:58,  1.19s/it][A

eval:  40%|████      | 32/80 [00:39<00:53,  1.12s/it][A

eval:  41%|████▏     | 33/80 [00:40<00:59,  1.28s/it][A

eval:  42%|████▎     | 34/80 [00:41<00:51,  1.13s/it][A

eval:  44%|████▍     | 35/80 [00:43<00:52,  1.17s/it][A

eval:  45%|████▌     | 36/80 [00:44<00:54,  1.23s/it][A

eval:  46%|████▋     | 37/80 [00:45<00:47,  1.11s/it][A

eval:  48%|████▊     | 38/80 [00:46<00:53,  1.28s/it][A

eval:  49%|████▉     | 39/80 [00:47<00:46,  1.14s/it][A

eval:  50%|█████     | 40/80 [00:48<00:45,  1.14s/it][A

eval:  51%|█████▏    | 41/80 [00:50<00:50,  1.29s/it][A

eval:  52%|█████▎    | 42/80 [00:51<00:42,  1.13s/it][A

eval:  54%|█████▍    | 43/80 [00:53<00:51,  1.39s/it][A

eval:  55%|█████▌    | 44/80 [00:54<00:43,  1.21s/it][A

eval:  56%|█████▋    | 45/80 [00:55<00:43,  1.23s/it][A

eval:  57%|█████▊    | 46/80 [00:56<00:42,  1.24s/it][A

eval:  59%|█████▉    | 47/80 [00:57<00:42,  1.28s/it][A

eval:  60%|██████    | 48/80 [00:59<00:42,  1.34s/it][A

eval:  61%|██████▏   | 49/80 [01:00<00:36,  1.18s/it][A

eval:  62%|██████▎   | 50/80 [01:02<00:40,  1.36s/it][A

eval:  64%|██████▍   | 51/80 [01:02<00:35,  1.22s/it][A

eval:  65%|██████▌   | 52/80 [01:04<00:35,  1.28s/it][A

eval:  66%|██████▋   | 53/80 [01:05<00:33,  1.26s/it][A

eval:  68%|██████▊   | 54/80 [01:06<00:28,  1.11s/it][A

eval:  69%|██████▉   | 55/80 [01:08<00:33,  1.34s/it][A

eval:  70%|███████   | 56/80 [01:08<00:28,  1.17s/it][A

eval:  71%|███████▏  | 57/80 [01:10<00:28,  1.23s/it][A

eval:  72%|███████▎  | 58/80 [01:11<00:26,  1.19s/it][A

eval:  74%|███████▍  | 59/80 [01:12<00:22,  1.06s/it][A

eval:  75%|███████▌  | 60/80 [01:13<00:25,  1.26s/it][A

eval:  76%|███████▋  | 61/80 [01:14<00:20,  1.10s/it][A

eval:  78%|███████▊  | 62/80 [01:15<00:20,  1.13s/it][A

eval:  79%|███████▉  | 63/80 [01:17<00:20,  1.18s/it][A

eval:  80%|████████  | 64/80 [01:17<00:16,  1.03s/it][A

eval:  81%|████████▏ | 65/80 [01:19<00:16,  1.11s/it][A

eval:  82%|████████▎ | 66/80 [01:20<00:16,  1.15s/it][A

eval:  84%|████████▍ | 67/80 [01:21<00:13,  1.04s/it][A

eval:  85%|████████▌ | 68/80 [01:22<00:15,  1.25s/it][A

eval:  86%|████████▋ | 69/80 [01:23<00:12,  1.12s/it][A

eval:  88%|████████▊ | 70/80 [01:25<00:11,  1.19s/it][A

eval:  89%|████████▉ | 71/80 [01:26<00:10,  1.21s/it][A

eval:  90%|█████████ | 72/80 [01:27<00:08,  1.10s/it][A

eval:  91%|█████████▏| 73/80 [01:29<00:09,  1.35s/it][A

eval:  92%|█████████▎| 74/80 [01:29<00:07,  1.19s/it][A

eval:  94%|█████████▍| 75/80 [01:31<00:06,  1.25s/it][A

eval:  95%|█████████▌| 76/80 [01:32<00:05,  1.29s/it][A

eval:  96%|█████████▋| 77/80 [01:34<00:04,  1.50s/it][A

eval:  98%|█████████▊| 78/80 [01:35<00:02,  1.30s/it][A

eval:  99%|█████████▉| 79/80 [01:36<00:01,  1.14s/it][A

eval: 100%|██████████| 80/80 [01:38<00:00,  1.32s/it][A

                                                     [A2026-05-12 03:04:19 | INFO | __main__ | eval.py:43 | [EVAL_SAMPLE] idx=0 pred=half-true gold=barely-true output=Label: D explain=Hartzler said, "We have less Americans working now than in the ‘70s." The statistics Hartzler’s staff said she cited show the employment-population ratio and labor force participation rate was indeed higher in 1979 than in 2015. However,... prompt=<|im_start|>system
You are a careful fact-checking assistant for LIAR-RAW claims. Classify claims using only the claim and retrieved evidence supplied by the user.<|im_end|>
<|im_start|>user
Classify the claim into exactly one LIAR-RAW l...
2026-05-12 03:04:19 | INFO | __main__ | eval.py:43 | [EVAL_SAMPLE] idx=0 pred=mostly-true gold=barely-true output=Label: E explain=Hartzler said, "We have less Americans working now than in the ‘70s." The statistics Hartzler’s staff said she cited show the employment-population ratio and labor force participation rate was indeed higher in 1979 than in 2015. However,... prompt=<|im_start|>system
You are a careful fact-checking assistant for LIAR-RAW claims. Classify claims using only the claim and retrieved evidence supplied by the user.<|im_end|>
<|im_start|>user
Classify the claim into exactly one LIAR-RAW l...
2026-05-12 03:04:19 | INFO | __main__ | eval.py:43 | [EVAL_SAMPLE] idx=1 pred=false gold=pants-fire output=Label: B explain=Ellison used a Koran that once belonged to Thomas Jefferson, borrowing the rare book from the Library of Congress. It goes without saying that Ellison is not Obama. UPDATE: Barack Obama resigned from Trinity United Church of Christ on Ma... prompt=<|im_start|>system
You are a careful fact-checking assistant for LIAR-RAW claims. Classify claims using only the claim and retrieved evidence supplied by the user.<|im_end|>
<|im_start|>user
Classify the claim into exactly one LIAR-RAW l...
2026-05-12 03:04:19 | INFO | __main__ | eval.py:43 | [EVAL_SAMPLE] idx=1 pred=barely-true gold=pants-fire output=Label: C explain=Ellison used a Koran that once belonged to Thomas Jefferson, borrowing the rare book from the Library of Congress. It goes without saying that Ellison is not Obama. UPDATE: Barack Obama resigned from Trinity United Church of Christ on Ma... prompt=<|im_start|>system
You are a careful fact-checking assistant for LIAR-RAW claims. Classify claims using only the claim and retrieved evidence supplied by the user.<|im_end|>
<|im_start|>user
Classify the claim into exactly one LIAR-RAW l...
2026-05-12 03:04:19 | INFO | __main__ | eval.py:43 | [EVAL_SAMPLE] idx=2 pred=true gold=false output=Label: F explain=However, we have two professors who say the law is silent on political activity -- even if one of them sees an implicit prohibition -- and a plain reading of the law that states no explicit ban. Blumenauer said that "the statute a hundre... prompt=<|im_start|>system
You are a careful fact-checking assistant for LIAR-RAW claims. Classify claims using only the claim and retrieved evidence supplied by the user.<|im_end|>
<|im_start|>user
Classify the claim into exactly one LIAR-RAW l...
2026-05-12 03:04:19 | INFO | __main__ | trainer.py:566 | [eval] step=550 accuracy=0.2828 macro_precision=0.3063 macro_recall=0.3094 macro_f1=0.2749 parse_error_rate=0.0000
2026-05-12 03:04:19 | INFO | __main__ | trainer.py:566 | [eval] per_class:
2026-05-12 03:04:19 | INFO | __main__ | trainer.py:566 |   - barely-true: P=0.2323 R=0.4557 F1=0.3077
2026-05-12 03:04:19 | INFO | __main__ | trainer.py:566 |   - false: P=0.3371 R=0.1149 F1=0.1714
2026-05-12 03:04:19 | INFO | __main__ | trainer.py:566 |   - half-true: P=0.3521 R=0.1016 F1=0.1577
2026-05-12 03:04:19 | INFO | __main__ | trainer.py:566 |   - mostly-true: P=0.3505 R=0.2988 F1=0.3226
2026-05-12 03:04:19 | INFO | __main__ | trainer.py:566 |   - pants-fire: P=0.2947 R=0.4828 F1=0.3660
2026-05-12 03:04:19 | INFO | __main__ | trainer.py:566 |   - true: P=0.2709 R=0.4024 F1=0.3238
2026-05-12 03:04:23 | WARNING | sft.data.io | io.py:87 | [WARN] saved adapter has no LoRA tensors; rebuilding adapter weights from model state.
2026-05-12 03:04:23 | WARNING | sft.data.io | io.py:100 | [WARN] Rewrote /data/liaozijie/fact-checking/outputs/runs/mmr_lambda_sweep/build.retrieval.mmr_lambda-0.5__d41d393f/train/checkpoint-550/adapter_model.safetensors with 392 LoRA tensors collected from the in-memory model.

 87%|████████▋ | 551/630 [1:50:55<50:07, 38.07s/it]
 88%|████████▊ | 552/630 [1:51:02<37:19, 28.71s/it]
 88%|████████▊ | 553/630 [1:51:10<28:49, 22.46s/it]
 88%|████████▊ | 554/630 [1:51:19<23:30, 18.56s/it]
 88%|████████▊ | 555/630 [1:51:29<19:52, 15.90s/it]
 88%|████████▊ | 556/630 [1:51:37<16:41, 13.54s/it]
 88%|████████▊ | 557/630 [1:51:45<14:31, 11.93s/it]
 89%|████████▊ | 558/630 [1:51:51<12:04, 10.07s/it]
 89%|████████▊ | 559/630 [1:51:59<11:10,  9.44s/it]
 89%|████████▉ | 560/630 [1:52:09<11:07,  9.54s/it]
 89%|████████▉ | 561/630 [1:52:17<10:33,  9.19s/it]
 89%|████████▉ | 562/630 [1:52:24<09:33,  8.44s/it]
 89%|████████▉ | 563/630 [1:52:30<08:47,  7.87s/it]
 90%|████████▉ | 564/630 [1:52:37<08:18,  7.56s/it]
 90%|████████▉ | 565/630 [1:52:42<07:28,  6.90s/it]
 90%|████████▉ | 566/630 [1:52:53<08:38,  8.10s/it]
 90%|█████████ | 567/630 [1:53:02<08:49,  8.41s/it]
 90%|█████████ | 568/630 [1:53:10<08:32,  8.27s/it]
 90%|█████████ | 569/630 [1:53:18<08:17,  8.16s/it]
 90%|█████████ | 570/630 [1:53:26<08:06,  8.10s/it]
 91%|█████████ | 571/630 [1:53:32<07:26,  7.56s/it]
 91%|█████████ | 572/630 [1:53:44<08:29,  8.79s/it]
 91%|█████████ | 573/630 [1:53:54<08:38,  9.09s/it]
 91%|█████████ | 574/630 [1:54:03<08:26,  9.04s/it]
 91%|█████████▏| 575/630 [1:54:11<08:05,  8.82s/it]
 91%|█████████▏| 576/630 [1:54:18<07:18,  8.11s/it]
 92%|█████████▏| 577/630 [1:54:24<06:40,  7.55s/it]
 92%|█████████▏| 578/630 [1:54:32<06:49,  7.87s/it]
 92%|█████████▏| 579/630 [1:54:42<07:00,  8.24s/it]
 92%|█████████▏| 580/630 [1:54:50<06:59,  8.39s/it]
 92%|█████████▏| 581/630 [1:54:58<06:41,  8.19s/it]
 92%|█████████▏| 582/630 [1:55:06<06:24,  8.01s/it]
 93%|█████████▎| 583/630 [1:55:12<05:55,  7.57s/it]
 93%|█████████▎| 584/630 [1:55:22<06:16,  8.19s/it]
 93%|█████████▎| 585/630 [1:55:31<06:26,  8.59s/it]
 93%|█████████▎| 586/630 [1:55:40<06:22,  8.70s/it]
 93%|█████████▎| 587/630 [1:55:48<06:04,  8.47s/it]
 93%|█████████▎| 588/630 [1:55:56<05:51,  8.37s/it]
 93%|█████████▎| 589/630 [1:56:03<05:20,  7.82s/it]
 94%|█████████▎| 590/630 [1:56:09<04:54,  7.37s/it]
 94%|█████████▍| 591/630 [1:56:20<05:31,  8.51s/it]
 94%|█████████▍| 592/630 [1:56:29<05:27,  8.63s/it]
 94%|█████████▍| 593/630 [1:56:37<05:09,  8.38s/it]
 94%|█████████▍| 594/630 [1:56:45<04:53,  8.14s/it]
 94%|█████████▍| 595/630 [1:56:52<04:36,  7.89s/it]
 95%|█████████▍| 596/630 [1:56:58<04:10,  7.38s/it]
 95%|█████████▍| 597/630 [1:57:09<04:38,  8.43s/it]
 95%|█████████▍| 598/630 [1:57:19<04:45,  8.93s/it]
 95%|█████████▌| 599/630 [1:57:28<04:36,  8.90s/it]
 95%|█████████▌| 600/630 [1:57:36<04:16,  8.54s/it]

eval:   0%|          | 0/80 [00:00<?, ?it/s][A

eval:   1%|▏         | 1/80 [00:01<01:51,  1.41s/it][A

eval:   2%|▎         | 2/80 [00:02<01:40,  1.29s/it][A

eval:   4%|▍         | 3/80 [00:03<01:22,  1.07s/it][A

eval:   5%|▌         | 4/80 [00:05<01:49,  1.44s/it][A

eval:   6%|▋         | 5/80 [00:06<01:29,  1.20s/it][A

eval:   8%|▊         | 6/80 [00:07<01:30,  1.22s/it][A

eval:   9%|▉         | 7/80 [00:08<01:31,  1.26s/it][A

eval:  10%|█         | 8/80 [00:10<01:35,  1.33s/it][A

eval:  11%|█▏        | 9/80 [00:11<01:30,  1.27s/it][A

eval:  12%|█▎        | 10/80 [00:12<01:21,  1.16s/it][A

eval:  14%|█▍        | 11/80 [00:14<01:45,  1.53s/it][A

eval:  15%|█▌        | 12/80 [00:15<01:29,  1.32s/it][A

eval:  16%|█▋        | 13/80 [00:17<01:40,  1.50s/it][A

eval:  18%|█▊        | 14/80 [00:18<01:25,  1.30s/it][A

eval:  19%|█▉        | 15/80 [00:20<01:35,  1.47s/it][A

eval:  20%|██        | 16/80 [00:20<01:20,  1.26s/it][A

eval:  21%|██▏       | 17/80 [00:23<01:34,  1.50s/it][A

eval:  22%|██▎       | 18/80 [00:23<01:18,  1.26s/it][A

eval:  24%|██▍       | 19/80 [00:24<01:07,  1.11s/it][A

eval:  25%|██▌       | 20/80 [00:26<01:20,  1.35s/it][A

eval:  26%|██▋       | 21/80 [00:27<01:10,  1.19s/it][A

eval:  28%|██▊       | 22/80 [00:28<01:12,  1.25s/it][A

eval:  29%|██▉       | 23/80 [00:29<01:12,  1.28s/it][A

eval:  30%|███       | 24/80 [00:31<01:12,  1.29s/it][A

eval:  31%|███▏      | 25/80 [00:32<01:09,  1.26s/it][A

eval:  32%|███▎      | 26/80 [00:33<00:58,  1.09s/it][A

eval:  34%|███▍      | 27/80 [00:34<01:02,  1.18s/it][A

eval:  35%|███▌      | 28/80 [00:35<01:02,  1.20s/it][A

eval:  36%|███▋      | 29/80 [00:36<00:54,  1.07s/it][A

eval:  38%|███▊      | 30/80 [00:38<01:04,  1.28s/it][A

eval:  39%|███▉      | 31/80 [00:39<00:55,  1.14s/it][A

eval:  40%|████      | 32/80 [00:40<00:59,  1.25s/it][A

eval:  41%|████▏     | 33/80 [00:41<00:57,  1.22s/it][A

eval:  42%|████▎     | 34/80 [00:42<00:50,  1.09s/it][A

eval:  44%|████▍     | 35/80 [00:44<00:58,  1.31s/it][A

eval:  45%|████▌     | 36/80 [00:45<00:52,  1.19s/it][A

eval:  46%|████▋     | 37/80 [00:46<00:53,  1.25s/it][A

eval:  48%|████▊     | 38/80 [00:47<00:52,  1.26s/it][A

eval:  49%|████▉     | 39/80 [00:49<00:52,  1.28s/it][A

eval:  50%|█████     | 40/80 [00:50<00:49,  1.23s/it][A

eval:  51%|█████▏    | 41/80 [00:51<00:46,  1.20s/it][A

eval:  52%|█████▎    | 42/80 [00:53<00:51,  1.36s/it][A

eval:  54%|█████▍    | 43/80 [00:54<00:46,  1.25s/it][A

eval:  55%|█████▌    | 44/80 [00:55<00:45,  1.28s/it][A

eval:  56%|█████▋    | 45/80 [00:56<00:44,  1.26s/it][A

eval:  57%|█████▊    | 46/80 [00:57<00:37,  1.12s/it][A

eval:  59%|█████▉    | 47/80 [00:59<00:43,  1.32s/it][A

eval:  60%|██████    | 48/80 [01:00<00:38,  1.22s/it][A

eval:  61%|██████▏   | 49/80 [01:02<00:43,  1.41s/it][A

eval:  62%|██████▎   | 50/80 [01:02<00:36,  1.21s/it][A

eval:  64%|██████▍   | 51/80 [01:05<00:43,  1.49s/it][A

eval:  65%|██████▌   | 52/80 [01:06<00:36,  1.32s/it][A

eval:  66%|██████▋   | 53/80 [01:07<00:35,  1.33s/it][A

eval:  68%|██████▊   | 54/80 [01:08<00:33,  1.29s/it][A

eval:  69%|██████▉   | 55/80 [01:09<00:29,  1.16s/it][A

eval:  70%|███████   | 56/80 [01:11<00:32,  1.36s/it][A

eval:  71%|███████▏  | 57/80 [01:12<00:28,  1.22s/it][A

eval:  72%|███████▎  | 58/80 [01:13<00:27,  1.24s/it][A

eval:  74%|███████▍  | 59/80 [01:14<00:26,  1.25s/it][A

eval:  75%|███████▌  | 60/80 [01:15<00:22,  1.11s/it][A

eval:  76%|███████▋  | 61/80 [01:17<00:24,  1.30s/it][A

eval:  78%|███████▊  | 62/80 [01:18<00:20,  1.14s/it][A

eval:  79%|███████▉  | 63/80 [01:20<00:24,  1.41s/it][A

eval:  80%|████████  | 64/80 [01:20<00:19,  1.19s/it][A

eval:  81%|████████▏ | 65/80 [01:21<00:16,  1.07s/it][A

eval:  82%|████████▎ | 66/80 [01:23<00:17,  1.28s/it][A

eval:  84%|████████▍ | 67/80 [01:24<00:14,  1.13s/it][A

eval:  85%|████████▌ | 68/80 [01:26<00:16,  1.38s/it][A

eval:  86%|████████▋ | 69/80 [01:26<00:13,  1.21s/it][A

eval:  88%|████████▊ | 70/80 [01:27<00:10,  1.08s/it][A

eval:  89%|████████▉ | 71/80 [01:29<00:11,  1.30s/it][A

eval:  90%|█████████ | 72/80 [01:30<00:09,  1.16s/it][A

eval:  91%|█████████▏| 73/80 [01:32<00:09,  1.39s/it][A

eval:  92%|█████████▎| 74/80 [01:33<00:07,  1.22s/it][A

eval:  94%|█████████▍| 75/80 [01:35<00:07,  1.47s/it][A

eval:  95%|█████████▌| 76/80 [01:36<00:05,  1.32s/it][A

eval:  96%|█████████▋| 77/80 [01:37<00:04,  1.35s/it][A

eval:  98%|█████████▊| 78/80 [01:38<00:02,  1.35s/it][A

eval:  99%|█████████▉| 79/80 [01:39<00:01,  1.17s/it][A

eval: 100%|██████████| 80/80 [01:41<00:00,  1.35s/it][A

                                                     [A2026-05-12 03:12:51 | INFO | __main__ | eval.py:43 | [EVAL_SAMPLE] idx=0 pred=half-true gold=barely-true output=Label: D explain=Hartzler said, "We have less Americans working now than in the ‘70s." The statistics Hartzler’s staff said she cited show the employment-population ratio and labor force participation rate was indeed higher in 1979 than in 2015. However,... prompt=<|im_start|>system
You are a careful fact-checking assistant for LIAR-RAW claims. Classify claims using only the claim and retrieved evidence supplied by the user.<|im_end|>
<|im_start|>user
Classify the claim into exactly one LIAR-RAW l...
2026-05-12 03:12:51 | INFO | __main__ | eval.py:43 | [EVAL_SAMPLE] idx=0 pred=half-true gold=barely-true output=Label: D explain=Hartzler said, "We have less Americans working now than in the ‘70s." The statistics Hartzler’s staff said she cited show the employment-population ratio and labor force participation rate was indeed higher in 1979 than in 2015. However,... prompt=<|im_start|>system
You are a careful fact-checking assistant for LIAR-RAW claims. Classify claims using only the claim and retrieved evidence supplied by the user.<|im_end|>
<|im_start|>user
Classify the claim into exactly one LIAR-RAW l...
2026-05-12 03:12:51 | INFO | __main__ | eval.py:43 | [EVAL_SAMPLE] idx=1 pred=false gold=pants-fire output=Label: B explain=Ellison used a Koran that once belonged to Thomas Jefferson, borrowing the rare book from the Library of Congress. It goes without saying that Ellison is not Obama. UPDATE: Barack Obama resigned from Trinity United Church of Christ on Ma... prompt=<|im_start|>system
You are a careful fact-checking assistant for LIAR-RAW claims. Classify claims using only the claim and retrieved evidence supplied by the user.<|im_end|>
<|im_start|>user
Classify the claim into exactly one LIAR-RAW l...
2026-05-12 03:12:51 | INFO | __main__ | eval.py:43 | [EVAL_SAMPLE] idx=1 pred=false gold=pants-fire output=Label: B explain=Ellison used a Koran that once belonged to Thomas Jefferson, borrowing the rare book from the Library of Congress. It goes without saying that Ellison is not Obama. UPDATE: Barack Obama resigned from Trinity United Church of Christ on Ma... prompt=<|im_start|>system
You are a careful fact-checking assistant for LIAR-RAW claims. Classify claims using only the claim and retrieved evidence supplied by the user.<|im_end|>
<|im_start|>user
Classify the claim into exactly one LIAR-RAW l...
2026-05-12 03:12:51 | INFO | __main__ | eval.py:43 | [EVAL_SAMPLE] idx=2 pred=half-true gold=false output=Label: D explain=However, we have two professors who say the law is silent on political activity -- even if one of them sees an implicit prohibition -- and a plain reading of the law that states no explicit ban. Blumenauer said that "the statute a hundre... prompt=<|im_start|>system
You are a careful fact-checking assistant for LIAR-RAW claims. Classify claims using only the claim and retrieved evidence supplied by the user.<|im_end|>
<|im_start|>user
Classify the claim into exactly one LIAR-RAW l...
2026-05-12 03:12:51 | INFO | __main__ | trainer.py:566 | [eval] step=600 accuracy=0.2953 macro_precision=0.3070 macro_recall=0.3007 macro_f1=0.2863 parse_error_rate=0.0000
2026-05-12 03:12:51 | INFO | __main__ | trainer.py:566 | [eval] per_class:
2026-05-12 03:12:51 | INFO | __main__ | trainer.py:566 |   - barely-true: P=0.2654 R=0.3460 F1=0.3004
2026-05-12 03:12:51 | INFO | __main__ | trainer.py:566 |   - false: P=0.3010 R=0.2261 F1=0.2582
2026-05-12 03:12:51 | INFO | __main__ | trainer.py:566 |   - half-true: P=0.2479 R=0.3537 F1=0.2915
2026-05-12 03:12:51 | INFO | __main__ | trainer.py:566 |   - mostly-true: P=0.3487 R=0.3307 F1=0.3395
2026-05-12 03:12:51 | INFO | __main__ | trainer.py:566 |   - pants-fire: P=0.3733 R=0.4828 F1=0.4211
2026-05-12 03:12:51 | INFO | __main__ | trainer.py:566 |   - true: P=0.3056 R=0.0651 F1=0.1073
2026-05-12 03:12:55 | WARNING | sft.data.io | io.py:87 | [WARN] saved adapter has no LoRA tensors; rebuilding adapter weights from model state.
2026-05-12 03:12:55 | WARNING | sft.data.io | io.py:100 | [WARN] Rewrote /data/liaozijie/fact-checking/outputs/runs/mmr_lambda_sweep/build.retrieval.mmr_lambda-0.5__d41d393f/train/checkpoint-600/adapter_model.safetensors with 392 LoRA tensors collected from the in-memory model.

 95%|█████████▌| 601/630 [1:59:27<19:02, 39.41s/it]
 96%|█████████▌| 602/630 [1:59:33<13:44, 29.44s/it]
 96%|█████████▌| 603/630 [1:59:42<10:27, 23.26s/it]
 96%|█████████▌| 604/630 [1:59:52<08:22, 19.35s/it]
 96%|█████████▌| 605/630 [2:00:01<06:44, 16.20s/it]
 96%|█████████▌| 606/630 [2:00:09<05:29, 13.74s/it]
 96%|█████████▋| 607/630 [2:00:17<04:36, 12.03s/it]
 97%|█████████▋| 608/630 [2:00:24<03:47, 10.34s/it]
 97%|█████████▋| 609/630 [2:00:35<03:41, 10.55s/it]
 97%|█████████▋| 610/630 [2:00:44<03:25, 10.26s/it]
 97%|█████████▋| 611/630 [2:00:52<03:02,  9.59s/it]
 97%|█████████▋| 612/630 [2:01:00<02:42,  9.02s/it]
 97%|█████████▋| 613/630 [2:01:08<02:30,  8.87s/it]
 97%|█████████▋| 614/630 [2:01:15<02:10,  8.17s/it]
 98%|█████████▊| 615/630 [2:01:21<01:52,  7.49s/it]
 98%|█████████▊| 616/630 [2:01:34<02:09,  9.23s/it]
 98%|█████████▊| 617/630 [2:01:44<02:02,  9.45s/it]
 98%|█████████▊| 618/630 [2:01:52<01:47,  9.00s/it]
 98%|█████████▊| 619/630 [2:02:00<01:34,  8.60s/it]
 98%|█████████▊| 620/630 [2:02:07<01:22,  8.25s/it]
 99%|█████████▊| 621/630 [2:02:14<01:10,  7.81s/it]
 99%|█████████▊| 622/630 [2:02:26<01:12,  9.02s/it]
 99%|█████████▉| 623/630 [2:02:35<01:04,  9.15s/it]
 99%|█████████▉| 624/630 [2:02:44<00:54,  9.09s/it]
 99%|█████████▉| 625/630 [2:02:53<00:44,  8.92s/it]
 99%|█████████▉| 626/630 [2:03:00<00:33,  8.33s/it]
100%|█████████▉| 627/630 [2:03:06<00:23,  7.76s/it]
100%|█████████▉| 628/630 [2:03:14<00:15,  7.81s/it]
100%|█████████▉| 629/630 [2:03:21<00:07,  7.60s/it]
100%|██████████| 630/630 [2:03:26<00:00,  6.74s/it]2026-05-12 03:17:04 | WARNING | sft.data.io | io.py:87 | [WARN] saved adapter has no LoRA tensors; rebuilding adapter weights from model state.
2026-05-12 03:17:04 | WARNING | sft.data.io | io.py:100 | [WARN] Rewrote /data/liaozijie/fact-checking/outputs/runs/mmr_lambda_sweep/build.retrieval.mmr_lambda-0.5__d41d393f/train/final/adapter_model.safetensors with 392 LoRA tensors collected from the in-memory model.
swanlab: 🏠 View project at https://swanlab.cn/@fenglin/fact-checking-build-train-infer
swanlab: 🚀 View run at https://swanlab.cn/@fenglin/fact-checking-build-train-infer/runs/zhr3uk8podwqzge5edab2

100%|██████████| 630/630 [2:03:32<00:00, 11.77s/it]
