$ accelerate launch --num_processes=4 --num_machines=1 --mixed_precision=bf16 --use_deepspeed --deepspeed_config_file /data/liaozijie/fact-checking/configs/deepspeed_zero2.json -m sft.trainer --config /data/liaozijie/fact-checking/outputs/runs/mmr_lambda_sweep/build.retrieval.mmr_lambda-0.6__0545e6f3/configs/train.resolved.yaml

The following values were not passed to `accelerate launch` and had defaults used instead:
		More than one GPU was found, enabling multi-GPU training.
		If this was unintended please pass in `--num_processes=1`.
	`--dynamo_backend` was set to a value of `'no'`
To avoid this warning pass in values for each of the problematic parameters or run `accelerate config`.
W0512 03:21:25.316000 1186611 site-packages/torch/distributed/run.py:792] 
W0512 03:21:25.316000 1186611 site-packages/torch/distributed/run.py:792] *****************************************
W0512 03:21:25.316000 1186611 site-packages/torch/distributed/run.py:792] Setting OMP_NUM_THREADS environment variable for each process to be 1 in default, to avoid your system being overloaded, please further tune the variable for optimal performance in your application as needed. 
W0512 03:21:25.316000 1186611 site-packages/torch/distributed/run.py:792] *****************************************
[RANK 0] Detected kernel version 4.18.0, which is below the recommended minimum of 5.5.0; this can cause the process to hang. It is recommended to upgrade the kernel to the minimum version or higher.
swanlab: swanlab version 0.7.17 is available!  Upgrade: `pip install -U swanlab`
swanlab: Tracking run with swanlab version 0.7.16
swanlab: Run data will be saved locally in /data/liaozijie/fact-checking/swanlog/run-20260512_032141-xai0g5ekl9t1o5kk6zlzd
swanlab: 👋 Hi fenglin,welcome to swanlab!
swanlab: Syncing run mmr_lambda_sweep__build.retrieval.mmr_lambda-0.6 to the cloud
swanlab: 🏠 View project at https://swanlab.cn/@fenglin/fact-checking-build-train-infer
swanlab: 🚀 View run at https://swanlab.cn/@fenglin/fact-checking-build-train-infer/runs/xai0g5ekl9t1o5kk6zlzd
2026-05-12 03:21:44 | INFO | __main__ | trainer.py:207 | [INFO] saved resolved config to /data/liaozijie/fact-checking/outputs/runs/mmr_lambda_sweep/build.retrieval.mmr_lambda-0.6__0545e6f3/train/config.resolved.yaml
2026-05-12 03:21:44 | INFO | __main__ | stats.py:59 | [PROMPT_STATS] split=train pre_mean=843.41 pre_p95=1146 pre_overflow=0 post_mean=843.41 post_p95=1146 post_overflow=0 truncated=1 trunc_rate=0.0001
2026-05-12 03:21:44 | INFO | __main__ | stats.py:59 | [PROMPT_STATS] split=val pre_mean=860.08 pre_p95=1135 pre_overflow=0 post_mean=860.08 post_p95=1135 post_overflow=0 truncated=0 trunc_rate=0.0000
2026-05-12 03:21:44 | INFO | __main__ | trainer.py:269 | [INFO] prompt statistics saved to /data/liaozijie/fact-checking/outputs/runs/mmr_lambda_sweep/build.retrieval.mmr_lambda-0.6__0545e6f3/train/prompt_stats/prompt_stats.json

Loading checkpoint shards:   0%|          | 0/4 [00:00<?, ?it/s]
Loading checkpoint shards:   0%|          | 0/4 [00:00<?, ?it/s]
Loading checkpoint shards:   0%|          | 0/4 [00:00<?, ?it/s]
Loading checkpoint shards:   0%|          | 0/4 [00:00<?, ?it/s]
Loading checkpoint shards: 100%|██████████| 4/4 [00:00<00:00, 95.65it/s]

Loading checkpoint shards: 100%|██████████| 4/4 [00:00<00:00, 111.09it/s]

Loading checkpoint shards: 100%|██████████| 4/4 [00:00<00:00, 107.79it/s]

Loading checkpoint shards: 100%|██████████| 4/4 [00:00<00:00, 110.78it/s]
2026-05-12 03:21:45 | INFO | __main__ | adapters.py:97 | [INFO] LoRA enabled: trainable parameters=40370176 / 7655986688 (0.5273%), r=16, alpha=32
2026-05-12 03:22:08 | INFO | __main__ | trainer.py:359 | [INFO] Optimizer will update LoRA/trainable parameters only.
2026-05-12 03:22:18 | INFO | __main__ | trainer.py:390 | [INFO] dataloader length around accelerator.prepare: before=2516, after=629
2026-05-12 03:22:18 | WARNING | __main__ | trainer.py:396 | [WARN] len(train_dl) changed after accelerator.prepare: before=2516, after=629. This may indicate duplicated sharding/re-partitioning across distributed samplers.
2026-05-12 03:22:18 | INFO | __main__ | trainer.py:413 | [INFO] train progress setup (post-prepare): num_epochs=2, len(train_dl)=629, effective_grad_accum_steps=2, update_steps_per_epoch=315, max_train_steps=630
2026-05-12 03:22:18 | INFO | __main__ | trainer.py:122 | [INFO] logit_adjust enabled: tau=1.000 priors=['0.0807', '0.1945', '0.1601', '0.2074', '0.1937', '0.1636'] letters=[362, 425, 356, 422, 468, 434] prefix=[2476, 25]
2026-05-12 03:22:18 | INFO | __main__ | trainer.py:434 | [INFO] logit_adjust config saved to /data/liaozijie/fact-checking/outputs/runs/mmr_lambda_sweep/build.retrieval.mmr_lambda-0.6__0545e6f3/train/logit_adjust.json

  0%|          | 0/630 [00:00<?, ?it/s]
  0%|          | 1/630 [00:14<2:29:53, 14.30s/it]
  0%|          | 2/630 [00:23<1:57:51, 11.26s/it]
  0%|          | 3/630 [00:31<1:40:38,  9.63s/it]
  1%|          | 4/630 [00:39<1:36:27,  9.24s/it]
  1%|          | 5/630 [00:47<1:31:45,  8.81s/it]
  1%|          | 6/630 [00:54<1:23:34,  8.04s/it]
  1%|          | 7/630 [01:04<1:31:45,  8.84s/it]
  1%|▏         | 8/630 [01:15<1:36:14,  9.28s/it]
  1%|▏         | 9/630 [01:23<1:32:17,  8.92s/it]
  2%|▏         | 10/630 [01:31<1:28:54,  8.60s/it]
  2%|▏         | 11/630 [01:38<1:26:02,  8.34s/it]
  2%|▏         | 12/630 [01:46<1:23:20,  8.09s/it]
  2%|▏         | 13/630 [01:55<1:25:06,  8.28s/it]
  2%|▏         | 14/630 [02:04<1:27:55,  8.56s/it]
  2%|▏         | 15/630 [02:12<1:27:43,  8.56s/it]
  3%|▎         | 16/630 [02:21<1:29:11,  8.72s/it]
  3%|▎         | 17/630 [02:29<1:24:51,  8.31s/it]
  3%|▎         | 18/630 [02:36<1:22:37,  8.10s/it]
  3%|▎         | 19/630 [02:46<1:26:19,  8.48s/it]
  3%|▎         | 20/630 [02:56<1:31:05,  8.96s/it]
  3%|▎         | 21/630 [03:05<1:32:19,  9.10s/it]
  3%|▎         | 22/630 [03:14<1:30:15,  8.91s/it]
  4%|▎         | 23/630 [03:21<1:23:54,  8.29s/it]
  4%|▍         | 24/630 [03:28<1:22:03,  8.12s/it]
  4%|▍         | 25/630 [03:34<1:15:32,  7.49s/it]
  4%|▍         | 26/630 [03:45<1:24:08,  8.36s/it]
  4%|▍         | 27/630 [03:54<1:26:10,  8.58s/it]
  4%|▍         | 28/630 [04:03<1:27:10,  8.69s/it]
  5%|▍         | 29/630 [04:10<1:22:30,  8.24s/it]
  5%|▍         | 30/630 [04:19<1:24:01,  8.40s/it]
  5%|▍         | 31/630 [04:25<1:18:33,  7.87s/it]
  5%|▌         | 32/630 [04:37<1:30:18,  9.06s/it]
  5%|▌         | 33/630 [04:48<1:34:59,  9.55s/it]
  5%|▌         | 34/630 [04:55<1:28:47,  8.94s/it]
  6%|▌         | 35/630 [05:04<1:26:45,  8.75s/it]
  6%|▌         | 36/630 [05:11<1:21:27,  8.23s/it]
  6%|▌         | 37/630 [05:18<1:18:31,  7.95s/it]
  6%|▌         | 38/630 [05:29<1:26:19,  8.75s/it]
  6%|▌         | 39/630 [05:38<1:28:49,  9.02s/it]
  6%|▋         | 40/630 [05:48<1:29:34,  9.11s/it]
  7%|▋         | 41/630 [05:57<1:29:09,  9.08s/it]
  7%|▋         | 42/630 [06:04<1:25:12,  8.69s/it]
  7%|▋         | 43/630 [06:12<1:21:06,  8.29s/it]
  7%|▋         | 44/630 [06:21<1:22:24,  8.44s/it]
  7%|▋         | 45/630 [06:30<1:26:05,  8.83s/it]
  7%|▋         | 46/630 [06:40<1:27:26,  8.98s/it]
  7%|▋         | 47/630 [06:48<1:24:47,  8.73s/it]
  8%|▊         | 48/630 [06:55<1:21:27,  8.40s/it]
  8%|▊         | 49/630 [07:04<1:21:49,  8.45s/it]
  8%|▊         | 50/630 [07:09<1:11:58,  7.45s/it]

eval:   0%|          | 0/80 [00:00<?, ?it/s][A/data/liaozijie/conda/accelerate-fc/lib/python3.11/site-packages/transformers/tokenization_utils_base.py:2751: UserWarning: `max_length` is ignored when `padding`=`True` and there is no truncation strategy. To pad to max length, use `padding='max_length'`.
  warnings.warn(
/data/liaozijie/conda/accelerate-fc/lib/python3.11/site-packages/transformers/tokenization_utils_base.py:2751: UserWarning: `max_length` is ignored when `padding`=`True` and there is no truncation strategy. To pad to max length, use `padding='max_length'`.
  warnings.warn(
/data/liaozijie/conda/accelerate-fc/lib/python3.11/site-packages/transformers/tokenization_utils_base.py:2751: UserWarning: `max_length` is ignored when `padding`=`True` and there is no truncation strategy. To pad to max length, use `padding='max_length'`.
  warnings.warn(
/data/liaozijie/conda/accelerate-fc/lib/python3.11/site-packages/transformers/tokenization_utils_base.py:2751: UserWarning: `max_length` is ignored when `padding`=`True` and there is no truncation strategy. To pad to max length, use `padding='max_length'`.
  warnings.warn(
/data/liaozijie/conda/accelerate-fc/lib/python3.11/site-packages/transformers/tokenization_utils_base.py:2751: UserWarning: `max_length` is ignored when `padding`=`True` and there is no truncation strategy. To pad to max length, use `padding='max_length'`.
  warnings.warn(
/data/liaozijie/conda/accelerate-fc/lib/python3.11/site-packages/transformers/tokenization_utils_base.py:2751: UserWarning: `max_length` is ignored when `padding`=`True` and there is no truncation strategy. To pad to max length, use `padding='max_length'`.
  warnings.warn(
/data/liaozijie/conda/accelerate-fc/lib/python3.11/site-packages/transformers/tokenization_utils_base.py:2751: UserWarning: `max_length` is ignored when `padding`=`True` and there is no truncation strategy. To pad to max length, use `padding='max_length'`.
  warnings.warn(
/data/liaozijie/conda/accelerate-fc/lib/python3.11/site-packages/transformers/tokenization_utils_base.py:2751: UserWarning: `max_length` is ignored when `padding`=`True` and there is no truncation strategy. To pad to max length, use `padding='max_length'`.
  warnings.warn(
/data/liaozijie/conda/accelerate-fc/lib/python3.11/site-packages/transformers/tokenization_utils_base.py:2751: UserWarning: `max_length` is ignored when `padding`=`True` and there is no truncation strategy. To pad to max length, use `padding='max_length'`.
  warnings.warn(
/data/liaozijie/conda/accelerate-fc/lib/python3.11/site-packages/transformers/tokenization_utils_base.py:2751: UserWarning: `max_length` is ignored when `padding`=`True` and there is no truncation strategy. To pad to max length, use `padding='max_length'`.
  warnings.warn(
/data/liaozijie/conda/accelerate-fc/lib/python3.11/site-packages/transformers/tokenization_utils_base.py:2751: UserWarning: `max_length` is ignored when `padding`=`True` and there is no truncation strategy. To pad to max length, use `padding='max_length'`.
  warnings.warn(
/data/liaozijie/conda/accelerate-fc/lib/python3.11/site-packages/transformers/tokenization_utils_base.py:2751: UserWarning: `max_length` is ignored when `padding`=`True` and there is no truncation strategy. To pad to max length, use `padding='max_length'`.
  warnings.warn(
/data/liaozijie/conda/accelerate-fc/lib/python3.11/site-packages/transformers/tokenization_utils_base.py:2751: UserWarning: `max_length` is ignored when `padding`=`True` and there is no truncation strategy. To pad to max length, use `padding='max_length'`.
  warnings.warn(
/data/liaozijie/conda/accelerate-fc/lib/python3.11/site-packages/transformers/tokenization_utils_base.py:2751: UserWarning: `max_length` is ignored when `padding`=`True` and there is no truncation strategy. To pad to max length, use `padding='max_length'`.
  warnings.warn(
/data/liaozijie/conda/accelerate-fc/lib/python3.11/site-packages/transformers/tokenization_utils_base.py:2751: UserWarning: `max_length` is ignored when `padding`=`True` and there is no truncation strategy. To pad to max length, use `padding='max_length'`.
  warnings.warn(
/data/liaozijie/conda/accelerate-fc/lib/python3.11/site-packages/transformers/tokenization_utils_base.py:2751: UserWarning: `max_length` is ignored when `padding`=`True` and there is no truncation strategy. To pad to max length, use `padding='max_length'`.
  warnings.warn(


eval:   1%|▏         | 1/80 [00:01<02:15,  1.71s/it][A

eval:   2%|▎         | 2/80 [00:02<01:47,  1.38s/it][A

eval:   4%|▍         | 3/80 [00:03<01:26,  1.12s/it][A

eval:   5%|▌         | 4/80 [00:04<01:22,  1.09s/it][A

eval:   6%|▋         | 5/80 [00:05<01:25,  1.15s/it][A

eval:   8%|▊         | 6/80 [00:06<01:12,  1.01it/s][A

eval:   9%|▉         | 7/80 [00:07<01:15,  1.03s/it][A

eval:  10%|█         | 8/80 [00:09<01:24,  1.17s/it][A

eval:  11%|█▏        | 9/80 [00:09<01:12,  1.02s/it][A

eval:  12%|█▎        | 10/80 [00:11<01:31,  1.31s/it][A

eval:  14%|█▍        | 11/80 [00:13<01:39,  1.45s/it][A

eval:  15%|█▌        | 12/80 [00:15<01:38,  1.45s/it][A

eval:  16%|█▋        | 13/80 [00:15<01:24,  1.26s/it][A

eval:  18%|█▊        | 14/80 [00:17<01:36,  1.46s/it][A

eval:  19%|█▉        | 15/80 [00:18<01:25,  1.31s/it][A

eval:  20%|██        | 16/80 [00:20<01:34,  1.48s/it][A

eval:  21%|██▏       | 17/80 [00:21<01:22,  1.31s/it][A

eval:  22%|██▎       | 18/80 [00:22<01:21,  1.32s/it][A

eval:  24%|██▍       | 19/80 [00:24<01:22,  1.35s/it][A

eval:  25%|██▌       | 20/80 [00:25<01:25,  1.42s/it][A

eval:  26%|██▋       | 21/80 [00:27<01:22,  1.41s/it][A

eval:  28%|██▊       | 22/80 [00:28<01:22,  1.42s/it][A

eval:  29%|██▉       | 23/80 [00:30<01:21,  1.44s/it][A

eval:  30%|███       | 24/80 [00:32<01:34,  1.68s/it][A

eval:  31%|███▏      | 25/80 [00:33<01:16,  1.38s/it][A

eval:  32%|███▎      | 26/80 [00:33<01:03,  1.18s/it][A

eval:  34%|███▍      | 27/80 [00:36<01:21,  1.53s/it][A

eval:  35%|███▌      | 28/80 [00:37<01:17,  1.50s/it][A

eval:  36%|███▋      | 29/80 [00:39<01:14,  1.46s/it][A

eval:  38%|███▊      | 30/80 [00:39<01:02,  1.24s/it][A

eval:  39%|███▉      | 31/80 [00:41<01:11,  1.45s/it][A

eval:  40%|████      | 32/80 [00:42<01:03,  1.31s/it][A

eval:  41%|████▏     | 33/80 [00:43<00:54,  1.16s/it][A

eval:  42%|████▎     | 34/80 [00:44<00:52,  1.15s/it][A

eval:  44%|████▍     | 35/80 [00:45<00:49,  1.10s/it][A

eval:  45%|████▌     | 36/80 [00:46<00:45,  1.04s/it][A

eval:  46%|████▋     | 37/80 [00:47<00:46,  1.07s/it][A

eval:  48%|████▊     | 38/80 [00:48<00:46,  1.11s/it][A

eval:  49%|████▉     | 39/80 [00:49<00:41,  1.02s/it][A

eval:  50%|█████     | 40/80 [00:50<00:41,  1.03s/it][A

eval:  51%|█████▏    | 41/80 [00:52<00:47,  1.22s/it][A

eval:  52%|█████▎    | 42/80 [00:53<00:47,  1.25s/it][A

eval:  54%|█████▍    | 43/80 [00:55<00:49,  1.33s/it][A

eval:  55%|█████▌    | 44/80 [00:56<00:47,  1.33s/it][A

eval:  56%|█████▋    | 45/80 [00:57<00:46,  1.34s/it][A

eval:  57%|█████▊    | 46/80 [00:58<00:39,  1.17s/it][A

eval:  59%|█████▉    | 47/80 [01:00<00:46,  1.40s/it][A

eval:  60%|██████    | 48/80 [01:01<00:40,  1.28s/it][A

eval:  61%|██████▏   | 49/80 [01:03<00:46,  1.51s/it][A

eval:  62%|██████▎   | 50/80 [01:04<00:38,  1.29s/it][A

eval:  64%|██████▍   | 51/80 [01:06<00:45,  1.57s/it][A

eval:  65%|██████▌   | 52/80 [01:07<00:38,  1.37s/it][A

eval:  66%|██████▋   | 53/80 [01:09<00:42,  1.57s/it][A

eval:  68%|██████▊   | 54/80 [01:10<00:34,  1.34s/it][A

eval:  69%|██████▉   | 55/80 [01:11<00:29,  1.19s/it][A

eval:  70%|███████   | 56/80 [01:12<00:25,  1.07s/it][A

eval:  71%|███████▏  | 57/80 [01:12<00:23,  1.01s/it][A

eval:  72%|███████▎  | 58/80 [01:13<00:21,  1.04it/s][A

eval:  74%|███████▍  | 59/80 [01:14<00:18,  1.11it/s][A

eval:  75%|███████▌  | 60/80 [01:15<00:18,  1.07it/s][A

eval:  76%|███████▋  | 61/80 [01:16<00:18,  1.04it/s][A

eval:  78%|███████▊  | 62/80 [01:17<00:16,  1.09it/s][A

eval:  79%|███████▉  | 63/80 [01:18<00:17,  1.06s/it][A

eval:  80%|████████  | 64/80 [01:19<00:17,  1.08s/it][A

eval:  81%|████████▏ | 65/80 [01:20<00:14,  1.01it/s][A

eval:  82%|████████▎ | 66/80 [01:21<00:14,  1.07s/it][A

eval:  84%|████████▍ | 67/80 [01:23<00:14,  1.14s/it][A

eval:  85%|████████▌ | 68/80 [01:24<00:14,  1.17s/it][A

eval:  86%|████████▋ | 69/80 [01:25<00:13,  1.23s/it][A

eval:  88%|████████▊ | 70/80 [01:26<00:11,  1.11s/it][A

eval:  89%|████████▉ | 71/80 [01:28<00:12,  1.36s/it][A

eval:  90%|█████████ | 72/80 [01:29<00:09,  1.19s/it][A

eval:  91%|█████████▏| 73/80 [01:30<00:08,  1.24s/it][A

eval:  92%|█████████▎| 74/80 [01:32<00:07,  1.31s/it][A

eval:  94%|█████████▍| 75/80 [01:33<00:06,  1.37s/it][A

eval:  95%|█████████▌| 76/80 [01:35<00:05,  1.41s/it][A

eval:  96%|█████████▋| 77/80 [01:36<00:04,  1.42s/it][A

eval:  98%|█████████▊| 78/80 [01:37<00:02,  1.22s/it][A

eval:  99%|█████████▉| 79/80 [01:38<00:01,  1.10s/it][A

eval: 100%|██████████| 80/80 [01:39<00:00,  1.19s/it][A

                                                     [A2026-05-12 03:31:07 | INFO | __main__ | eval.py:43 | [EVAL_SAMPLE] idx=0 pred=barely-true gold=barely-true output=Label: C explain=Hartzler said, "We have less Americans working now than in the ‘70s." The statistics Hartzler’s staff said she cited show the employment-population ratio and labor force participation rate was indeed higher in 1979 than in 2015. However,... prompt=<|im_start|>system
You are a careful fact-checking assistant for LIAR-RAW claims. Classify claims using only the claim and retrieved evidence supplied by the user.<|im_end|>
<|im_start|>user
Classify the claim into exactly one LIAR-RAW l...
2026-05-12 03:31:07 | INFO | __main__ | eval.py:43 | [EVAL_SAMPLE] idx=0 pred=pants-fire gold=barely-true output=Label: A explain=Hartzler said, "We have less Americans working now than in the ‘70s." The statistics Hartzler’s staff said she cited show the employment-population ratio and labor force participation rate was indeed higher in 1979 than in 2015. However,... prompt=<|im_start|>system
You are a careful fact-checking assistant for LIAR-RAW claims. Classify claims using only the claim and retrieved evidence supplied by the user.<|im_end|>
<|im_start|>user
Classify the claim into exactly one LIAR-RAW l...
2026-05-12 03:31:07 | INFO | __main__ | eval.py:43 | [EVAL_SAMPLE] idx=1 pred=false gold=pants-fire output=Label: B explain=Ellison used a Koran that once belonged to Thomas Jefferson, borrowing the rare book from the Library of Congress. It goes without saying that Ellison is not Obama. UPDATE: Barack Obama resigned from Trinity United Church of Christ on Ma... prompt=<|im_start|>system
You are a careful fact-checking assistant for LIAR-RAW claims. Classify claims using only the claim and retrieved evidence supplied by the user.<|im_end|>
<|im_start|>user
Classify the claim into exactly one LIAR-RAW l...
2026-05-12 03:31:07 | INFO | __main__ | eval.py:43 | [EVAL_SAMPLE] idx=1 pred=false gold=pants-fire output=Label: B explain=Ellison used a Koran that once belonged to Thomas Jefferson, borrowing the rare book from the Library of Congress. It goes without saying that Ellison is not Obama. UPDATE: Barack Obama resigned from Trinity United Church of Christ on Ma... prompt=<|im_start|>system
You are a careful fact-checking assistant for LIAR-RAW claims. Classify claims using only the claim and retrieved evidence supplied by the user.<|im_end|>
<|im_start|>user
Classify the claim into exactly one LIAR-RAW l...
2026-05-12 03:31:07 | INFO | __main__ | eval.py:43 | [EVAL_SAMPLE] idx=2 pred=mostly-true gold=false output=Label: E explain=However, we have two professors who say the law is silent on political activity -- even if one of them sees an implicit prohibition -- and a plain reading of the law that states no explicit ban. Blumenauer said that "the statute a hundre... prompt=<|im_start|>system
You are a careful fact-checking assistant for LIAR-RAW claims. Classify claims using only the claim and retrieved evidence supplied by the user.<|im_end|>
<|im_start|>user
Classify the claim into exactly one LIAR-RAW l...
2026-05-12 03:31:07 | INFO | __main__ | trainer.py:566 | [eval] step=50 accuracy=0.2250 macro_precision=0.2546 macro_recall=0.2415 macro_f1=0.1923 parse_error_rate=0.0000
2026-05-12 03:31:07 | INFO | __main__ | trainer.py:566 | [eval] per_class:
2026-05-12 03:31:07 | INFO | __main__ | trainer.py:566 |   - barely-true: P=0.2376 R=0.4852 F1=0.3190
2026-05-12 03:31:07 | INFO | __main__ | trainer.py:566 |   - false: P=0.2479 R=0.1111 F1=0.1534
2026-05-12 03:31:07 | INFO | __main__ | trainer.py:566 |   - half-true: P=0.2963 R=0.0325 F1=0.0586
2026-05-12 03:31:07 | INFO | __main__ | trainer.py:566 |   - mostly-true: P=0.3026 R=0.2749 F1=0.2881
2026-05-12 03:31:07 | INFO | __main__ | trainer.py:566 |   - pants-fire: P=0.1432 R=0.4741 F1=0.2200
2026-05-12 03:31:07 | INFO | __main__ | trainer.py:566 |   - true: P=0.3000 R=0.0710 F1=0.1148
2026-05-12 03:31:11 | WARNING | sft.data.io | io.py:87 | [WARN] saved adapter has no LoRA tensors; rebuilding adapter weights from model state.
2026-05-12 03:31:11 | WARNING | sft.data.io | io.py:100 | [WARN] Rewrote /data/liaozijie/fact-checking/outputs/runs/mmr_lambda_sweep/build.retrieval.mmr_lambda-0.6__0545e6f3/train/best/adapter_model.safetensors with 392 LoRA tensors collected from the in-memory model.
2026-05-12 03:31:15 | WARNING | sft.data.io | io.py:87 | [WARN] saved adapter has no LoRA tensors; rebuilding adapter weights from model state.
2026-05-12 03:31:15 | WARNING | sft.data.io | io.py:100 | [WARN] Rewrote /data/liaozijie/fact-checking/outputs/runs/mmr_lambda_sweep/build.retrieval.mmr_lambda-0.6__0545e6f3/train/checkpoint-50/adapter_model.safetensors with 392 LoRA tensors collected from the in-memory model.

  8%|▊         | 51/630 [09:08<6:35:12, 40.95s/it]
  8%|▊         | 52/630 [09:17<5:00:55, 31.24s/it]
  8%|▊         | 53/630 [09:26<3:56:01, 24.54s/it]
  9%|▊         | 54/630 [09:34<3:08:11, 19.60s/it]
  9%|▊         | 55/630 [09:41<2:33:27, 16.01s/it]
  9%|▉         | 56/630 [09:49<2:07:55, 13.37s/it]
  9%|▉         | 57/630 [09:58<1:56:24, 12.19s/it]
  9%|▉         | 58/630 [10:07<1:47:53, 11.32s/it]
  9%|▉         | 59/630 [10:16<1:39:11, 10.42s/it]
 10%|▉         | 60/630 [10:24<1:32:37,  9.75s/it]
 10%|▉         | 61/630 [10:31<1:24:45,  8.94s/it]
 10%|▉         | 62/630 [10:38<1:20:09,  8.47s/it]
 10%|█         | 63/630 [10:47<1:21:12,  8.59s/it]
 10%|█         | 64/630 [10:57<1:23:48,  8.88s/it]
 10%|█         | 65/630 [11:06<1:25:41,  9.10s/it]
 10%|█         | 66/630 [11:14<1:22:47,  8.81s/it]
 11%|█         | 67/630 [11:22<1:18:47,  8.40s/it]
 11%|█         | 68/630 [11:29<1:16:28,  8.17s/it]
 11%|█         | 69/630 [11:38<1:17:43,  8.31s/it]
 11%|█         | 70/630 [11:49<1:26:04,  9.22s/it]
 11%|█▏        | 71/630 [11:59<1:26:09,  9.25s/it]
 11%|█▏        | 72/630 [12:07<1:22:44,  8.90s/it]
 12%|█▏        | 73/630 [12:15<1:21:45,  8.81s/it]
 12%|█▏        | 74/630 [12:22<1:14:46,  8.07s/it]
 12%|█▏        | 75/630 [12:28<1:09:49,  7.55s/it]
 12%|█▏        | 76/630 [12:41<1:23:15,  9.02s/it]
 12%|█▏        | 77/630 [12:51<1:26:46,  9.42s/it]
 12%|█▏        | 78/630 [13:00<1:25:53,  9.34s/it]
 13%|█▎        | 79/630 [13:08<1:21:40,  8.89s/it]
 13%|█▎        | 80/630 [13:15<1:15:52,  8.28s/it]
 13%|█▎        | 81/630 [13:21<1:11:22,  7.80s/it]
 13%|█▎        | 82/630 [13:32<1:18:21,  8.58s/it]
 13%|█▎        | 83/630 [13:42<1:23:04,  9.11s/it]
 13%|█▎        | 84/630 [13:51<1:21:24,  8.95s/it]
 13%|█▎        | 85/630 [13:58<1:15:48,  8.35s/it]
 14%|█▎        | 86/630 [14:05<1:12:06,  7.95s/it]
 14%|█▍        | 87/630 [14:11<1:08:06,  7.53s/it]
 14%|█▍        | 88/630 [14:20<1:10:39,  7.82s/it]
 14%|█▍        | 89/630 [14:31<1:19:02,  8.77s/it]
 14%|█▍        | 90/630 [14:40<1:19:07,  8.79s/it]
 14%|█▍        | 91/630 [14:48<1:16:59,  8.57s/it]
 15%|█▍        | 92/630 [14:55<1:13:18,  8.18s/it]
 15%|█▍        | 93/630 [15:02<1:08:56,  7.70s/it]
 15%|█▍        | 94/630 [15:12<1:17:08,  8.63s/it]
 15%|█▌        | 95/630 [15:23<1:21:59,  9.20s/it]
 15%|█▌        | 96/630 [15:32<1:20:52,  9.09s/it]
 15%|█▌        | 97/630 [15:40<1:18:30,  8.84s/it]
 16%|█▌        | 98/630 [15:47<1:13:23,  8.28s/it]
 16%|█▌        | 99/630 [15:54<1:10:31,  7.97s/it]
 16%|█▌        | 100/630 [16:01<1:06:09,  7.49s/it]

eval:   0%|          | 0/80 [00:00<?, ?it/s][A

eval:   1%|▏         | 1/80 [00:01<01:21,  1.04s/it][A

eval:   2%|▎         | 2/80 [00:02<01:29,  1.15s/it][A

eval:   4%|▍         | 3/80 [00:03<01:16,  1.01it/s][A

eval:   5%|▌         | 4/80 [00:04<01:25,  1.13s/it][A

eval:   6%|▋         | 5/80 [00:05<01:30,  1.21s/it][A

eval:   8%|▊         | 6/80 [00:06<01:15,  1.03s/it][A

eval:   9%|▉         | 7/80 [00:08<01:36,  1.32s/it][A

eval:  10%|█         | 8/80 [00:09<01:27,  1.21s/it][A

eval:  11%|█▏        | 9/80 [00:11<01:39,  1.40s/it][A

eval:  12%|█▎        | 10/80 [00:12<01:27,  1.25s/it][A

eval:  14%|█▍        | 11/80 [00:14<01:53,  1.64s/it][A

eval:  15%|█▌        | 12/80 [00:16<01:48,  1.60s/it][A

eval:  16%|█▋        | 13/80 [00:17<01:43,  1.54s/it][A

eval:  18%|█▊        | 14/80 [00:18<01:27,  1.32s/it][A

eval:  19%|█▉        | 15/80 [00:20<01:41,  1.56s/it][A

eval:  20%|██        | 16/80 [00:21<01:23,  1.30s/it][A

eval:  21%|██▏       | 17/80 [00:23<01:40,  1.59s/it][A

eval:  22%|██▎       | 18/80 [00:24<01:22,  1.34s/it][A

eval:  24%|██▍       | 19/80 [00:24<01:11,  1.16s/it][A

eval:  25%|██▌       | 20/80 [00:25<01:06,  1.11s/it][A

eval:  26%|██▋       | 21/80 [00:26<01:02,  1.06s/it][A

eval:  28%|██▊       | 22/80 [00:27<00:57,  1.01it/s][A

eval:  29%|██▉       | 23/80 [00:28<00:59,  1.04s/it][A

eval:  30%|███       | 24/80 [00:30<01:02,  1.12s/it][A

eval:  31%|███▏      | 25/80 [00:30<00:54,  1.01it/s][A

eval:  32%|███▎      | 26/80 [00:31<00:55,  1.02s/it][A

eval:  34%|███▍      | 27/80 [00:33<01:02,  1.19s/it][A

eval:  35%|███▌      | 28/80 [00:34<00:56,  1.09s/it][A

eval:  36%|███▋      | 29/80 [00:36<01:06,  1.31s/it][A

eval:  38%|███▊      | 30/80 [00:36<00:57,  1.14s/it][A

eval:  39%|███▉      | 31/80 [00:38<00:58,  1.19s/it][A

eval:  40%|████      | 32/80 [00:39<01:01,  1.28s/it][A

eval:  41%|████▏     | 33/80 [00:41<01:02,  1.32s/it][A

eval:  42%|████▎     | 34/80 [00:42<01:05,  1.43s/it][A

eval:  44%|████▍     | 35/80 [00:44<01:05,  1.46s/it][A

eval:  45%|████▌     | 36/80 [00:45<01:04,  1.48s/it][A

eval:  46%|████▋     | 37/80 [00:47<01:04,  1.51s/it][A

eval:  48%|████▊     | 38/80 [00:48<01:01,  1.46s/it][A

eval:  49%|████▉     | 39/80 [00:49<00:52,  1.27s/it][A

eval:  50%|█████     | 40/80 [00:50<00:43,  1.09s/it][A

eval:  51%|█████▏    | 41/80 [00:51<00:42,  1.10s/it][A

eval:  52%|█████▎    | 42/80 [00:52<00:39,  1.04s/it][A

eval:  54%|█████▍    | 43/80 [00:53<00:38,  1.03s/it][A

eval:  55%|█████▌    | 44/80 [00:54<00:36,  1.02s/it][A

eval:  56%|█████▋    | 45/80 [00:55<00:36,  1.03s/it][A

eval:  57%|█████▊    | 46/80 [00:56<00:32,  1.05it/s][A

eval:  59%|█████▉    | 47/80 [00:57<00:33,  1.02s/it][A

eval:  60%|██████    | 48/80 [00:58<00:36,  1.14s/it][A

eval:  61%|██████▏   | 49/80 [01:00<00:36,  1.19s/it][A

eval:  62%|██████▎   | 50/80 [01:01<00:37,  1.25s/it][A

eval:  64%|██████▍   | 51/80 [01:02<00:33,  1.15s/it][A

eval:  65%|██████▌   | 52/80 [01:04<00:40,  1.44s/it][A

eval:  66%|██████▋   | 53/80 [01:05<00:33,  1.24s/it][A

eval:  68%|██████▊   | 54/80 [01:07<00:37,  1.43s/it][A

eval:  69%|██████▉   | 55/80 [01:07<00:31,  1.24s/it][A

eval:  70%|███████   | 56/80 [01:09<00:31,  1.30s/it][A

eval:  71%|███████▏  | 57/80 [01:10<00:30,  1.34s/it][A

eval:  72%|███████▎  | 58/80 [01:12<00:29,  1.36s/it][A

eval:  74%|███████▍  | 59/80 [01:13<00:28,  1.38s/it][A

eval:  75%|███████▌  | 60/80 [01:14<00:24,  1.20s/it][A

eval:  76%|███████▋  | 61/80 [01:16<00:27,  1.45s/it][A

eval:  78%|███████▊  | 62/80 [01:17<00:22,  1.26s/it][A

eval:  79%|███████▉  | 63/80 [01:18<00:19,  1.16s/it][A

eval:  80%|████████  | 64/80 [01:18<00:16,  1.02s/it][A

eval:  81%|████████▏ | 65/80 [01:19<00:14,  1.02it/s][A

eval:  82%|████████▎ | 66/80 [01:20<00:12,  1.08it/s][A

eval:  84%|████████▍ | 67/80 [01:21<00:11,  1.13it/s][A

eval:  85%|████████▌ | 68/80 [01:22<00:10,  1.13it/s][A

eval:  86%|████████▋ | 69/80 [01:23<00:10,  1.07it/s][A

eval:  88%|████████▊ | 70/80 [01:24<00:09,  1.11it/s][A

eval:  89%|████████▉ | 71/80 [01:25<00:08,  1.04it/s][A

eval:  90%|█████████ | 72/80 [01:26<00:08,  1.04s/it][A

eval:  91%|█████████▏| 73/80 [01:27<00:06,  1.04it/s][A

eval:  92%|█████████▎| 74/80 [01:29<00:07,  1.22s/it][A

eval:  94%|█████████▍| 75/80 [01:29<00:05,  1.13s/it][A

eval:  95%|█████████▌| 76/80 [01:31<00:04,  1.24s/it][A

eval:  96%|█████████▋| 77/80 [01:32<00:03,  1.25s/it][A

eval:  98%|█████████▊| 78/80 [01:34<00:02,  1.29s/it][A

eval:  99%|█████████▉| 79/80 [01:35<00:01,  1.31s/it][A

eval: 100%|██████████| 80/80 [01:36<00:00,  1.14s/it][A

                                                     [A2026-05-12 03:39:55 | INFO | __main__ | eval.py:43 | [EVAL_SAMPLE] idx=0 pred=false gold=barely-true output=Label: B explain=Hartzler said, "We have less Americans working now than in the ‘70s." The statistics Hartzler’s staff said she cited show the employment-population ratio and labor force participation rate was indeed higher in 1979 than in 2015. However,... prompt=<|im_start|>system
You are a careful fact-checking assistant for LIAR-RAW claims. Classify claims using only the claim and retrieved evidence supplied by the user.<|im_end|>
<|im_start|>user
Classify the claim into exactly one LIAR-RAW l...
2026-05-12 03:39:55 | INFO | __main__ | eval.py:43 | [EVAL_SAMPLE] idx=0 pred=false gold=barely-true output=Label: B explain=Hartzler said, "We have less Americans working now than in the ‘70s." The statistics Hartzler’s staff said she cited show the employment-population ratio and labor force participation rate was indeed higher in 1979 than in 2015. However,... prompt=<|im_start|>system
You are a careful fact-checking assistant for LIAR-RAW claims. Classify claims using only the claim and retrieved evidence supplied by the user.<|im_end|>
<|im_start|>user
Classify the claim into exactly one LIAR-RAW l...
2026-05-12 03:39:55 | INFO | __main__ | eval.py:43 | [EVAL_SAMPLE] idx=1 pred=false gold=pants-fire output=Label: B explain=Ellison used a Koran that once belonged to Thomas Jefferson, borrowing the rare book from the Library of Congress. It goes without saying that Ellison is not Obama. UPDATE: Barack Obama resigned from Trinity United Church of Christ on Ma... prompt=<|im_start|>system
You are a careful fact-checking assistant for LIAR-RAW claims. Classify claims using only the claim and retrieved evidence supplied by the user.<|im_end|>
<|im_start|>user
Classify the claim into exactly one LIAR-RAW l...
2026-05-12 03:39:55 | INFO | __main__ | eval.py:43 | [EVAL_SAMPLE] idx=1 pred=false gold=pants-fire output=Label: B explain=Ellison used a Koran that once belonged to Thomas Jefferson, borrowing the rare book from the Library of Congress. It goes without saying that Ellison is not Obama. UPDATE: Barack Obama resigned from Trinity United Church of Christ on Ma... prompt=<|im_start|>system
You are a careful fact-checking assistant for LIAR-RAW claims. Classify claims using only the claim and retrieved evidence supplied by the user.<|im_end|>
<|im_start|>user
Classify the claim into exactly one LIAR-RAW l...
2026-05-12 03:39:55 | INFO | __main__ | eval.py:43 | [EVAL_SAMPLE] idx=2 pred=barely-true gold=false output=Label: C explain=However, we have two professors who say the law is silent on political activity -- even if one of them sees an implicit prohibition -- and a plain reading of the law that states no explicit ban. Blumenauer said that "the statute a hundre... prompt=<|im_start|>system
You are a careful fact-checking assistant for LIAR-RAW claims. Classify claims using only the claim and retrieved evidence supplied by the user.<|im_end|>
<|im_start|>user
Classify the claim into exactly one LIAR-RAW l...
2026-05-12 03:39:55 | INFO | __main__ | trainer.py:566 | [eval] step=100 accuracy=0.2570 macro_precision=0.3464 macro_recall=0.2574 macro_f1=0.2367 parse_error_rate=0.0000
2026-05-12 03:39:55 | INFO | __main__ | trainer.py:566 | [eval] per_class:
2026-05-12 03:39:55 | INFO | __main__ | trainer.py:566 |   - barely-true: P=0.2090 R=0.3924 F1=0.2727
2026-05-12 03:39:55 | INFO | __main__ | trainer.py:566 |   - false: P=0.2440 R=0.4674 F1=0.3206
2026-05-12 03:39:55 | INFO | __main__ | trainer.py:566 |   - half-true: P=0.6471 R=0.0447 F1=0.0837
2026-05-12 03:39:55 | INFO | __main__ | trainer.py:566 |   - mostly-true: P=0.3537 R=0.1155 F1=0.1742
2026-05-12 03:39:55 | INFO | __main__ | trainer.py:566 |   - pants-fire: P=0.2991 R=0.2759 F1=0.2870
2026-05-12 03:39:55 | INFO | __main__ | trainer.py:566 |   - true: P=0.3256 R=0.2485 F1=0.2819
2026-05-12 03:39:59 | WARNING | sft.data.io | io.py:87 | [WARN] saved adapter has no LoRA tensors; rebuilding adapter weights from model state.
2026-05-12 03:40:00 | WARNING | sft.data.io | io.py:100 | [WARN] Rewrote /data/liaozijie/fact-checking/outputs/runs/mmr_lambda_sweep/build.retrieval.mmr_lambda-0.6__0545e6f3/train/best/adapter_model.safetensors with 392 LoRA tensors collected from the in-memory model.
2026-05-12 03:40:04 | WARNING | sft.data.io | io.py:87 | [WARN] saved adapter has no LoRA tensors; rebuilding adapter weights from model state.
2026-05-12 03:40:04 | WARNING | sft.data.io | io.py:100 | [WARN] Rewrote /data/liaozijie/fact-checking/outputs/runs/mmr_lambda_sweep/build.retrieval.mmr_lambda-0.6__0545e6f3/train/checkpoint-100/adapter_model.safetensors with 392 LoRA tensors collected from the in-memory model.

 16%|█▌        | 101/630 [17:55<5:48:33, 39.53s/it]
 16%|█▌        | 102/630 [18:05<4:29:56, 30.68s/it]
 16%|█▋        | 103/630 [18:13<3:29:36, 23.86s/it]
 17%|█▋        | 104/630 [18:21<2:47:56, 19.16s/it]
 17%|█▋        | 105/630 [18:29<2:17:08, 15.67s/it]
 17%|█▋        | 106/630 [18:35<1:51:36, 12.78s/it]
 17%|█▋        | 107/630 [18:46<1:48:27, 12.44s/it]
 17%|█▋        | 108/630 [18:56<1:41:02, 11.61s/it]
 17%|█▋        | 109/630 [19:06<1:36:24, 11.10s/it]
 17%|█▋        | 110/630 [19:13<1:25:35,  9.88s/it]
 18%|█▊        | 111/630 [19:21<1:20:01,  9.25s/it]
 18%|█▊        | 112/630 [19:27<1:11:45,  8.31s/it]
 18%|█▊        | 113/630 [19:38<1:20:27,  9.34s/it]
 18%|█▊        | 114/630 [19:50<1:25:13,  9.91s/it]
 18%|█▊        | 115/630 [19:59<1:23:56,  9.78s/it]
 18%|█▊        | 116/630 [20:07<1:18:33,  9.17s/it]
 19%|█▊        | 117/630 [20:15<1:14:42,  8.74s/it]
 19%|█▊        | 118/630 [20:22<1:11:30,  8.38s/it]
 19%|█▉        | 119/630 [20:33<1:17:06,  9.05s/it]
 19%|█▉        | 120/630 [20:46<1:27:14, 10.26s/it]
 19%|█▉        | 121/630 [20:54<1:22:30,  9.73s/it]
 19%|█▉        | 122/630 [21:04<1:21:07,  9.58s/it]
 20%|█▉        | 123/630 [21:13<1:19:21,  9.39s/it]
 20%|█▉        | 124/630 [21:20<1:15:11,  8.92s/it]
 20%|█▉        | 125/630 [21:28<1:10:55,  8.43s/it]
 20%|██        | 126/630 [21:39<1:16:57,  9.16s/it]
 20%|██        | 127/630 [21:49<1:19:37,  9.50s/it]
 20%|██        | 128/630 [21:56<1:13:57,  8.84s/it]
 20%|██        | 129/630 [22:04<1:10:47,  8.48s/it]
 21%|██        | 130/630 [22:11<1:07:47,  8.14s/it]
 21%|██        | 131/630 [22:17<1:02:47,  7.55s/it]
 21%|██        | 132/630 [22:29<1:13:44,  8.89s/it]
 21%|██        | 133/630 [22:40<1:17:56,  9.41s/it]
 21%|██▏       | 134/630 [22:49<1:16:06,  9.21s/it]
 21%|██▏       | 135/630 [22:58<1:15:43,  9.18s/it]
 22%|██▏       | 136/630 [23:04<1:07:57,  8.25s/it]
 22%|██▏       | 137/630 [23:11<1:04:20,  7.83s/it]
 22%|██▏       | 138/630 [23:19<1:05:27,  7.98s/it]
 22%|██▏       | 139/630 [23:31<1:14:38,  9.12s/it]
 22%|██▏       | 140/630 [23:41<1:16:15,  9.34s/it]
 22%|██▏       | 141/630 [23:50<1:15:58,  9.32s/it]
 23%|██▎       | 142/630 [23:58<1:12:24,  8.90s/it]
 23%|██▎       | 143/630 [24:05<1:09:09,  8.52s/it]
 23%|██▎       | 144/630 [24:14<1:08:46,  8.49s/it]
 23%|██▎       | 145/630 [24:23<1:11:10,  8.80s/it]
 23%|██▎       | 146/630 [24:34<1:14:22,  9.22s/it]
 23%|██▎       | 147/630 [24:42<1:10:57,  8.81s/it]
 23%|██▎       | 148/630 [24:49<1:07:21,  8.38s/it]
 24%|██▎       | 149/630 [24:56<1:03:09,  7.88s/it]
 24%|██▍       | 150/630 [25:02<59:49,  7.48s/it]  

eval:   0%|          | 0/80 [00:00<?, ?it/s][A

eval:   1%|▏         | 1/80 [00:01<01:49,  1.39s/it][A

eval:   2%|▎         | 2/80 [00:02<01:15,  1.03it/s][A

eval:   4%|▍         | 3/80 [00:03<01:16,  1.00it/s][A

eval:   5%|▌         | 4/80 [00:04<01:33,  1.23s/it][A

eval:   6%|▋         | 5/80 [00:05<01:20,  1.07s/it][A

eval:   8%|▊         | 6/80 [00:06<01:17,  1.05s/it][A

eval:   9%|▉         | 7/80 [00:07<01:27,  1.19s/it][A

eval:  10%|█         | 8/80 [00:09<01:31,  1.27s/it][A

eval:  11%|█▏        | 9/80 [00:10<01:17,  1.10s/it][A

eval:  12%|█▎        | 10/80 [00:11<01:12,  1.04s/it][A

eval:  14%|█▍        | 11/80 [00:12<01:28,  1.28s/it][A

eval:  15%|█▌        | 12/80 [00:13<01:19,  1.17s/it][A

eval:  16%|█▋        | 13/80 [00:14<01:13,  1.10s/it][A

eval:  18%|█▊        | 14/80 [00:16<01:17,  1.17s/it][A

eval:  19%|█▉        | 15/80 [00:17<01:19,  1.22s/it][A

eval:  20%|██        | 16/80 [00:18<01:19,  1.24s/it][A

eval:  21%|██▏       | 17/80 [00:19<01:12,  1.15s/it][A

eval:  22%|██▎       | 18/80 [00:20<01:11,  1.16s/it][A

eval:  24%|██▍       | 19/80 [00:22<01:15,  1.24s/it][A

eval:  25%|██▌       | 20/80 [00:23<01:18,  1.31s/it][A

eval:  26%|██▋       | 21/80 [00:25<01:19,  1.34s/it][A

eval:  28%|██▊       | 22/80 [00:26<01:19,  1.37s/it][A

eval:  29%|██▉       | 23/80 [00:28<01:22,  1.44s/it][A

eval:  30%|███       | 24/80 [00:30<01:34,  1.68s/it][A

eval:  31%|███▏      | 25/80 [00:31<01:16,  1.39s/it][A

eval:  32%|███▎      | 26/80 [00:31<01:03,  1.18s/it][A

eval:  34%|███▍      | 27/80 [00:34<01:22,  1.56s/it][A

eval:  35%|███▌      | 28/80 [00:35<01:19,  1.54s/it][A

eval:  36%|███▋      | 29/80 [00:37<01:15,  1.47s/it][A

eval:  38%|███▊      | 30/80 [00:37<01:02,  1.25s/it][A

eval:  39%|███▉      | 31/80 [00:39<01:12,  1.49s/it][A

eval:  40%|████      | 32/80 [00:40<01:04,  1.33s/it][A

eval:  41%|████▏     | 33/80 [00:42<01:13,  1.56s/it][A

eval:  42%|████▎     | 34/80 [00:44<01:13,  1.59s/it][A

eval:  44%|████▍     | 35/80 [00:45<01:08,  1.53s/it][A

eval:  45%|████▌     | 36/80 [00:47<01:07,  1.52s/it][A

eval:  46%|████▋     | 37/80 [00:48<01:05,  1.53s/it][A

eval:  48%|████▊     | 38/80 [00:49<00:55,  1.32s/it][A

eval:  49%|████▉     | 39/80 [00:51<01:02,  1.52s/it][A

eval:  50%|█████     | 40/80 [00:52<00:50,  1.27s/it][A

eval:  51%|█████▏    | 41/80 [00:54<01:02,  1.60s/it][A

eval:  52%|█████▎    | 42/80 [00:55<00:51,  1.37s/it][A

eval:  54%|█████▍    | 43/80 [00:57<01:00,  1.65s/it][A

eval:  55%|█████▌    | 44/80 [00:58<00:50,  1.39s/it][A

eval:  56%|█████▋    | 45/80 [01:00<00:56,  1.62s/it][A

eval:  57%|█████▊    | 46/80 [01:01<00:46,  1.36s/it][A

eval:  59%|█████▉    | 47/80 [01:03<00:46,  1.39s/it][A

eval:  60%|██████    | 48/80 [01:04<00:40,  1.27s/it][A

eval:  61%|██████▏   | 49/80 [01:05<00:41,  1.35s/it][A

eval:  62%|██████▎   | 50/80 [01:06<00:35,  1.18s/it][A

eval:  64%|██████▍   | 51/80 [01:07<00:33,  1.16s/it][A

eval:  65%|██████▌   | 52/80 [01:08<00:30,  1.09s/it][A

eval:  66%|██████▋   | 53/80 [01:09<00:26,  1.01it/s][A

eval:  68%|██████▊   | 54/80 [01:10<00:26,  1.02s/it][A

eval:  69%|██████▉   | 55/80 [01:11<00:23,  1.04it/s][A

eval:  70%|███████   | 56/80 [01:12<00:22,  1.05it/s][A

eval:  71%|███████▏  | 57/80 [01:13<00:24,  1.07s/it][A

eval:  72%|███████▎  | 58/80 [01:14<00:21,  1.03it/s][A

eval:  74%|███████▍  | 59/80 [01:15<00:21,  1.01s/it][A

eval:  75%|███████▌  | 60/80 [01:16<00:21,  1.08s/it][A

eval:  76%|███████▋  | 61/80 [01:17<00:18,  1.02it/s][A

eval:  78%|███████▊  | 62/80 [01:18<00:19,  1.06s/it][A

eval:  79%|███████▉  | 63/80 [01:19<00:20,  1.18s/it][A

eval:  80%|████████  | 64/80 [01:20<00:16,  1.03s/it][A

eval:  81%|████████▏ | 65/80 [01:22<00:19,  1.28s/it][A

eval:  82%|████████▎ | 66/80 [01:23<00:15,  1.14s/it][A

eval:  84%|████████▍ | 67/80 [01:24<00:15,  1.23s/it][A

eval:  85%|████████▌ | 68/80 [01:26<00:15,  1.28s/it][A

eval:  86%|████████▋ | 69/80 [01:27<00:14,  1.33s/it][A

eval:  88%|████████▊ | 70/80 [01:29<00:13,  1.38s/it][A

eval:  89%|████████▉ | 71/80 [01:30<00:12,  1.39s/it][A

eval:  90%|█████████ | 72/80 [01:31<00:09,  1.22s/it][A

eval:  91%|█████████▏| 73/80 [01:32<00:07,  1.09s/it][A

eval:  92%|█████████▎| 74/80 [01:33<00:07,  1.20s/it][A

eval:  94%|█████████▍| 75/80 [01:34<00:05,  1.11s/it][A

eval:  95%|█████████▌| 76/80 [01:35<00:04,  1.12s/it][A

eval:  96%|█████████▋| 77/80 [01:36<00:03,  1.03s/it][A

eval:  98%|█████████▊| 78/80 [01:37<00:01,  1.04it/s][A

eval:  99%|█████████▉| 79/80 [01:38<00:01,  1.00s/it][A

eval: 100%|██████████| 80/80 [01:39<00:00,  1.08it/s][A

                                                     [A2026-05-12 03:49:00 | INFO | __main__ | eval.py:43 | [EVAL_SAMPLE] idx=0 pred=false gold=barely-true output=Label: B explain=Hartzler said, "We have less Americans working now than in the ‘70s." The statistics Hartzler’s staff said she cited show the employment-population ratio and labor force participation rate was indeed higher in 1979 than in 2015. However,... prompt=<|im_start|>system
You are a careful fact-checking assistant for LIAR-RAW claims. Classify claims using only the claim and retrieved evidence supplied by the user.<|im_end|>
<|im_start|>user
Classify the claim into exactly one LIAR-RAW l...
2026-05-12 03:49:00 | INFO | __main__ | eval.py:43 | [EVAL_SAMPLE] idx=0 pred=false gold=barely-true output=Label: B explain=Hartzler said, "We have less Americans working now than in the ‘70s." The statistics Hartzler’s staff said she cited show the employment-population ratio and labor force participation rate was indeed higher in 1979 than in 2015. However,... prompt=<|im_start|>system
You are a careful fact-checking assistant for LIAR-RAW claims. Classify claims using only the claim and retrieved evidence supplied by the user.<|im_end|>
<|im_start|>user
Classify the claim into exactly one LIAR-RAW l...
2026-05-12 03:49:00 | INFO | __main__ | eval.py:43 | [EVAL_SAMPLE] idx=1 pred=false gold=pants-fire output=Label: B explain=Ellison used a Koran that once belonged to Thomas Jefferson, borrowing the rare book from the Library of Congress. It goes without saying that Ellison is not Obama. UPDATE: Barack Obama resigned from Trinity United Church of Christ on Ma... prompt=<|im_start|>system
You are a careful fact-checking assistant for LIAR-RAW claims. Classify claims using only the claim and retrieved evidence supplied by the user.<|im_end|>
<|im_start|>user
Classify the claim into exactly one LIAR-RAW l...
2026-05-12 03:49:00 | INFO | __main__ | eval.py:43 | [EVAL_SAMPLE] idx=1 pred=false gold=pants-fire output=Label: B explain=Ellison used a Koran that once belonged to Thomas Jefferson, borrowing the rare book from the Library of Congress. It goes without saying that Ellison is not Obama. UPDATE: Barack Obama resigned from Trinity United Church of Christ on Ma... prompt=<|im_start|>system
You are a careful fact-checking assistant for LIAR-RAW claims. Classify claims using only the claim and retrieved evidence supplied by the user.<|im_end|>
<|im_start|>user
Classify the claim into exactly one LIAR-RAW l...
2026-05-12 03:49:00 | INFO | __main__ | eval.py:43 | [EVAL_SAMPLE] idx=2 pred=true gold=false output=Label: F explain=However, we have two professors who say the law is silent on political activity -- even if one of them sees an implicit prohibition -- and a plain reading of the law that states no explicit ban. Blumenauer said that "the statute a hundre... prompt=<|im_start|>system
You are a careful fact-checking assistant for LIAR-RAW claims. Classify claims using only the claim and retrieved evidence supplied by the user.<|im_end|>
<|im_start|>user
Classify the claim into exactly one LIAR-RAW l...
2026-05-12 03:49:00 | INFO | __main__ | trainer.py:566 | [eval] step=150 accuracy=0.2523 macro_precision=0.2923 macro_recall=0.2718 macro_f1=0.2310 parse_error_rate=0.0000
2026-05-12 03:49:00 | INFO | __main__ | trainer.py:566 | [eval] per_class:
2026-05-12 03:49:00 | INFO | __main__ | trainer.py:566 |   - barely-true: P=0.2415 R=0.2405 F1=0.2410
2026-05-12 03:49:00 | INFO | __main__ | trainer.py:566 |   - false: P=0.2617 R=0.4483 F1=0.3305
2026-05-12 03:49:00 | INFO | __main__ | trainer.py:566 |   - half-true: P=0.3030 R=0.0813 F1=0.1282
2026-05-12 03:49:00 | INFO | __main__ | trainer.py:566 |   - mostly-true: P=0.4583 R=0.0438 F1=0.0800
2026-05-12 03:49:00 | INFO | __main__ | trainer.py:566 |   - pants-fire: P=0.2767 R=0.3793 F1=0.3200
2026-05-12 03:49:00 | INFO | __main__ | trainer.py:566 |   - true: P=0.2126 R=0.4379 F1=0.2863
2026-05-12 03:49:04 | WARNING | sft.data.io | io.py:87 | [WARN] saved adapter has no LoRA tensors; rebuilding adapter weights from model state.
2026-05-12 03:49:04 | WARNING | sft.data.io | io.py:100 | [WARN] Rewrote /data/liaozijie/fact-checking/outputs/runs/mmr_lambda_sweep/build.retrieval.mmr_lambda-0.6__0545e6f3/train/checkpoint-150/adapter_model.safetensors with 392 LoRA tensors collected from the in-memory model.

 24%|██▍       | 151/630 [26:57<5:15:46, 39.55s/it]
 24%|██▍       | 152/630 [27:08<4:08:17, 31.17s/it]
 24%|██▍       | 153/630 [27:17<3:14:46, 24.50s/it]
 24%|██▍       | 154/630 [27:23<2:30:04, 18.92s/it]
 25%|██▍       | 155/630 [27:29<1:59:57, 15.15s/it]
 25%|██▍       | 156/630 [27:35<1:37:49, 12.38s/it]
 25%|██▍       | 157/630 [27:47<1:36:20, 12.22s/it]
 25%|██▌       | 158/630 [27:57<1:30:28, 11.50s/it]
 25%|██▌       | 159/630 [28:07<1:27:08, 11.10s/it]
 25%|██▌       | 160/630 [28:15<1:20:35, 10.29s/it]
 26%|██▌       | 161/630 [28:24<1:15:42,  9.68s/it]
 26%|██▌       | 162/630 [28:30<1:06:23,  8.51s/it]
 26%|██▌       | 163/630 [28:40<1:10:20,  9.04s/it]
 26%|██▌       | 164/630 [28:50<1:11:58,  9.27s/it]
 26%|██▌       | 165/630 [28:58<1:10:29,  9.09s/it]
 26%|██▋       | 166/630 [29:06<1:08:11,  8.82s/it]
 27%|██▋       | 167/630 [29:14<1:04:51,  8.40s/it]
 27%|██▋       | 168/630 [29:21<1:01:03,  7.93s/it]
 27%|██▋       | 169/630 [29:31<1:07:15,  8.75s/it]
 27%|██▋       | 170/630 [29:44<1:15:29,  9.85s/it]
 27%|██▋       | 171/630 [29:53<1:13:26,  9.60s/it]
 27%|██▋       | 172/630 [30:01<1:09:17,  9.08s/it]
 27%|██▋       | 173/630 [30:09<1:07:32,  8.87s/it]
 28%|██▊       | 174/630 [30:18<1:07:02,  8.82s/it]
 28%|██▊       | 175/630 [30:24<1:01:27,  8.10s/it]
 28%|██▊       | 176/630 [30:34<1:05:52,  8.71s/it]
 28%|██▊       | 177/630 [30:46<1:12:01,  9.54s/it]
 28%|██▊       | 178/630 [30:55<1:10:04,  9.30s/it]
 28%|██▊       | 179/630 [31:03<1:08:49,  9.16s/it]
 29%|██▊       | 180/630 [31:11<1:04:37,  8.62s/it]
 29%|██▊       | 181/630 [31:18<1:00:58,  8.15s/it]
 29%|██▉       | 182/630 [31:30<1:09:17,  9.28s/it]
 29%|██▉       | 183/630 [31:39<1:09:32,  9.33s/it]
 29%|██▉       | 184/630 [31:48<1:08:12,  9.18s/it]
 29%|██▉       | 185/630 [31:57<1:07:23,  9.09s/it]
 30%|██▉       | 186/630 [32:05<1:04:44,  8.75s/it]
 30%|██▉       | 187/630 [32:11<59:43,  8.09s/it]  
 30%|██▉       | 188/630 [32:22<1:04:56,  8.81s/it]
 30%|███       | 189/630 [32:32<1:07:24,  9.17s/it]
 30%|███       | 190/630 [32:41<1:07:54,  9.26s/it]
 30%|███       | 191/630 [32:49<1:03:20,  8.66s/it]
 30%|███       | 192/630 [32:57<1:02:57,  8.62s/it]
 31%|███       | 193/630 [33:05<1:00:36,  8.32s/it]
 31%|███       | 194/630 [33:15<1:04:22,  8.86s/it]
 31%|███       | 195/630 [33:25<1:06:23,  9.16s/it]
 31%|███       | 196/630 [33:34<1:05:50,  9.10s/it]
 31%|███▏      | 197/630 [33:42<1:03:01,  8.73s/it]
 31%|███▏      | 198/630 [33:49<59:52,  8.32s/it]  
 32%|███▏      | 199/630 [33:56<56:12,  7.82s/it]
 32%|███▏      | 200/630 [34:01<51:27,  7.18s/it]

eval:   0%|          | 0/80 [00:00<?, ?it/s][A

eval:   1%|▏         | 1/80 [00:01<01:20,  1.02s/it][A

eval:   2%|▎         | 2/80 [00:01<01:03,  1.23it/s][A

eval:   4%|▍         | 3/80 [00:02<01:19,  1.04s/it][A

eval:   5%|▌         | 4/80 [00:04<01:27,  1.15s/it][A

eval:   6%|▋         | 5/80 [00:05<01:31,  1.22s/it][A

eval:   8%|▊         | 6/80 [00:06<01:16,  1.04s/it][A

eval:   9%|▉         | 7/80 [00:07<01:19,  1.09s/it][A

eval:  10%|█         | 8/80 [00:09<01:29,  1.24s/it][A

eval:  11%|█▏        | 9/80 [00:10<01:27,  1.23s/it][A

eval:  12%|█▎        | 10/80 [00:11<01:33,  1.33s/it][A

eval:  14%|█▍        | 11/80 [00:14<01:55,  1.68s/it][A

eval:  15%|█▌        | 12/80 [00:15<01:38,  1.44s/it][A

eval:  16%|█▋        | 13/80 [00:16<01:35,  1.42s/it][A

eval:  18%|█▊        | 14/80 [00:17<01:32,  1.41s/it][A

eval:  19%|█▉        | 15/80 [00:20<01:47,  1.65s/it][A

eval:  20%|██        | 16/80 [00:20<01:27,  1.36s/it][A

eval:  21%|██▏       | 17/80 [00:22<01:29,  1.43s/it][A

eval:  22%|██▎       | 18/80 [00:23<01:25,  1.38s/it][A

eval:  24%|██▍       | 19/80 [00:24<01:12,  1.19s/it][A

eval:  25%|██▌       | 20/80 [00:26<01:29,  1.48s/it][A

eval:  26%|██▋       | 21/80 [00:27<01:15,  1.28s/it][A

eval:  28%|██▊       | 22/80 [00:29<01:27,  1.52s/it][A

eval:  29%|██▉       | 23/80 [00:30<01:16,  1.34s/it][A

eval:  30%|███       | 24/80 [00:32<01:29,  1.60s/it][A

eval:  31%|███▏      | 25/80 [00:33<01:13,  1.33s/it][A

eval:  32%|███▎      | 26/80 [00:34<01:01,  1.14s/it][A

eval:  34%|███▍      | 27/80 [00:35<01:08,  1.29s/it][A

eval:  35%|███▌      | 28/80 [00:36<01:00,  1.16s/it][A

eval:  36%|███▋      | 29/80 [00:37<00:53,  1.04s/it][A

eval:  38%|███▊      | 30/80 [00:38<00:50,  1.01s/it][A

eval:  39%|███▉      | 31/80 [00:39<00:49,  1.02s/it][A

eval:  40%|████      | 32/80 [00:40<00:48,  1.00s/it][A

eval:  41%|████▏     | 33/80 [00:41<00:48,  1.03s/it][A

eval:  42%|████▎     | 34/80 [00:42<00:53,  1.16s/it][A

eval:  44%|████▍     | 35/80 [00:43<00:47,  1.05s/it][A

eval:  45%|████▌     | 36/80 [00:45<00:57,  1.32s/it][A

eval:  46%|████▋     | 37/80 [00:46<00:50,  1.18s/it][A

eval:  48%|████▊     | 38/80 [00:47<00:49,  1.19s/it][A

eval:  49%|████▉     | 39/80 [00:49<00:51,  1.25s/it][A

eval:  50%|█████     | 40/80 [00:49<00:42,  1.07s/it][A

eval:  51%|█████▏    | 41/80 [00:52<00:56,  1.45s/it][A

eval:  52%|█████▎    | 42/80 [00:53<00:54,  1.43s/it][A

eval:  54%|█████▍    | 43/80 [00:54<00:48,  1.30s/it][A

eval:  55%|█████▌    | 44/80 [00:55<00:41,  1.15s/it][A

eval:  56%|█████▋    | 45/80 [00:56<00:42,  1.23s/it][A

eval:  57%|█████▊    | 46/80 [00:57<00:37,  1.09s/it][A

eval:  59%|█████▉    | 47/80 [00:58<00:35,  1.06s/it][A

eval:  60%|██████    | 48/80 [01:00<00:39,  1.24s/it][A

eval:  61%|██████▏   | 49/80 [01:01<00:38,  1.23s/it][A

eval:  62%|██████▎   | 50/80 [01:01<00:32,  1.09s/it][A

eval:  64%|██████▍   | 51/80 [01:02<00:30,  1.05s/it][A

eval:  65%|██████▌   | 52/80 [01:04<00:32,  1.15s/it][A

eval:  66%|██████▋   | 53/80 [01:05<00:27,  1.04s/it][A

eval:  68%|██████▊   | 54/80 [01:06<00:26,  1.01s/it][A

eval:  69%|██████▉   | 55/80 [01:07<00:27,  1.11s/it][A

eval:  70%|███████   | 56/80 [01:08<00:24,  1.02s/it][A

eval:  71%|███████▏  | 57/80 [01:09<00:24,  1.06s/it][A

eval:  72%|███████▎  | 58/80 [01:10<00:25,  1.14s/it][A

eval:  74%|███████▍  | 59/80 [01:11<00:21,  1.03s/it][A

eval:  75%|███████▌  | 60/80 [01:12<00:21,  1.09s/it][A

eval:  76%|███████▋  | 61/80 [01:13<00:21,  1.15s/it][A

eval:  78%|███████▊  | 62/80 [01:15<00:21,  1.19s/it][A

eval:  79%|███████▉  | 63/80 [01:16<00:21,  1.28s/it][A

eval:  80%|████████  | 64/80 [01:17<00:17,  1.10s/it][A

eval:  81%|████████▏ | 65/80 [01:19<00:20,  1.35s/it][A

eval:  82%|████████▎ | 66/80 [01:20<00:16,  1.18s/it][A

eval:  84%|████████▍ | 67/80 [01:21<00:16,  1.26s/it][A

eval:  85%|████████▌ | 68/80 [01:22<00:15,  1.29s/it][A

eval:  86%|████████▋ | 69/80 [01:24<00:14,  1.34s/it][A

eval:  88%|████████▊ | 70/80 [01:25<00:13,  1.36s/it][A

eval:  89%|████████▉ | 71/80 [01:26<00:10,  1.19s/it][A

eval:  90%|█████████ | 72/80 [01:28<00:11,  1.45s/it][A

eval:  91%|█████████▏| 73/80 [01:29<00:08,  1.25s/it][A

eval:  92%|█████████▎| 74/80 [01:30<00:06,  1.12s/it][A

eval:  94%|█████████▍| 75/80 [01:31<00:05,  1.06s/it][A

eval:  95%|█████████▌| 76/80 [01:32<00:04,  1.05s/it][A

eval:  96%|█████████▋| 77/80 [01:32<00:02,  1.03it/s][A

eval:  98%|█████████▊| 78/80 [01:33<00:01,  1.03it/s][A

eval:  99%|█████████▉| 79/80 [01:34<00:00,  1.10it/s][A

eval: 100%|██████████| 80/80 [01:35<00:00,  1.06it/s][A

                                                     [A2026-05-12 03:57:56 | INFO | __main__ | eval.py:43 | [EVAL_SAMPLE] idx=0 pred=false gold=barely-true output=Label: B explain=Hartzler said, "We have less Americans working now than in the ‘70s." The statistics Hartzler’s staff said she cited show the employment-population ratio and labor force participation rate was indeed higher in 1979 than in 2015. However,... prompt=<|im_start|>system
You are a careful fact-checking assistant for LIAR-RAW claims. Classify claims using only the claim and retrieved evidence supplied by the user.<|im_end|>
<|im_start|>user
Classify the claim into exactly one LIAR-RAW l...
2026-05-12 03:57:56 | INFO | __main__ | eval.py:43 | [EVAL_SAMPLE] idx=0 pred=false gold=barely-true output=Label: B explain=Hartzler said, "We have less Americans working now than in the ‘70s." The statistics Hartzler’s staff said she cited show the employment-population ratio and labor force participation rate was indeed higher in 1979 than in 2015. However,... prompt=<|im_start|>system
You are a careful fact-checking assistant for LIAR-RAW claims. Classify claims using only the claim and retrieved evidence supplied by the user.<|im_end|>
<|im_start|>user
Classify the claim into exactly one LIAR-RAW l...
2026-05-12 03:57:56 | INFO | __main__ | eval.py:43 | [EVAL_SAMPLE] idx=1 pred=false gold=pants-fire output=Label: B explain=Ellison used a Koran that once belonged to Thomas Jefferson, borrowing the rare book from the Library of Congress. It goes without saying that Ellison is not Obama. UPDATE: Barack Obama resigned from Trinity United Church of Christ on Ma... prompt=<|im_start|>system
You are a careful fact-checking assistant for LIAR-RAW claims. Classify claims using only the claim and retrieved evidence supplied by the user.<|im_end|>
<|im_start|>user
Classify the claim into exactly one LIAR-RAW l...
2026-05-12 03:57:56 | INFO | __main__ | eval.py:43 | [EVAL_SAMPLE] idx=1 pred=false gold=pants-fire output=Label: B explain=Ellison used a Koran that once belonged to Thomas Jefferson, borrowing the rare book from the Library of Congress. It goes without saying that Ellison is not Obama. UPDATE: Barack Obama resigned from Trinity United Church of Christ on Ma... prompt=<|im_start|>system
You are a careful fact-checking assistant for LIAR-RAW claims. Classify claims using only the claim and retrieved evidence supplied by the user.<|im_end|>
<|im_start|>user
Classify the claim into exactly one LIAR-RAW l...
2026-05-12 03:57:56 | INFO | __main__ | eval.py:43 | [EVAL_SAMPLE] idx=2 pred=barely-true gold=false output=Label: C explain=However, we have two professors who say the law is silent on political activity -- even if one of them sees an implicit prohibition -- and a plain reading of the law that states no explicit ban. Blumenauer said that "the statute a hundre... prompt=<|im_start|>system
You are a careful fact-checking assistant for LIAR-RAW claims. Classify claims using only the claim and retrieved evidence supplied by the user.<|im_end|>
<|im_start|>user
Classify the claim into exactly one LIAR-RAW l...
2026-05-12 03:57:56 | INFO | __main__ | trainer.py:566 | [eval] step=200 accuracy=0.2742 macro_precision=0.2949 macro_recall=0.2801 macro_f1=0.2747 parse_error_rate=0.0000
2026-05-12 03:57:56 | INFO | __main__ | trainer.py:566 | [eval] per_class:
2026-05-12 03:57:56 | INFO | __main__ | trainer.py:566 |   - barely-true: P=0.2424 R=0.4051 F1=0.3033
2026-05-12 03:57:56 | INFO | __main__ | trainer.py:566 |   - false: P=0.2767 R=0.2682 F1=0.2724
2026-05-12 03:57:56 | INFO | __main__ | trainer.py:566 |   - half-true: P=0.2397 R=0.2602 F1=0.2495
2026-05-12 03:57:56 | INFO | __main__ | trainer.py:566 |   - mostly-true: P=0.3465 R=0.1753 F1=0.2328
2026-05-12 03:57:56 | INFO | __main__ | trainer.py:566 |   - pants-fire: P=0.2986 R=0.3707 F1=0.3308
2026-05-12 03:57:56 | INFO | __main__ | trainer.py:566 |   - true: P=0.3656 R=0.2012 F1=0.2595
2026-05-12 03:57:59 | WARNING | sft.data.io | io.py:87 | [WARN] saved adapter has no LoRA tensors; rebuilding adapter weights from model state.
2026-05-12 03:57:59 | WARNING | sft.data.io | io.py:100 | [WARN] Rewrote /data/liaozijie/fact-checking/outputs/runs/mmr_lambda_sweep/build.retrieval.mmr_lambda-0.6__0545e6f3/train/best/adapter_model.safetensors with 392 LoRA tensors collected from the in-memory model.
2026-05-12 03:58:03 | WARNING | sft.data.io | io.py:87 | [WARN] saved adapter has no LoRA tensors; rebuilding adapter weights from model state.
2026-05-12 03:58:04 | WARNING | sft.data.io | io.py:100 | [WARN] Rewrote /data/liaozijie/fact-checking/outputs/runs/mmr_lambda_sweep/build.retrieval.mmr_lambda-0.6__0545e6f3/train/checkpoint-200/adapter_model.safetensors with 392 LoRA tensors collected from the in-memory model.

 32%|███▏      | 201/630 [35:55<4:40:38, 39.25s/it]
 32%|███▏      | 202/630 [36:06<3:38:06, 30.58s/it]
 32%|███▏      | 203/630 [36:14<2:49:42, 23.85s/it]
 32%|███▏      | 204/630 [36:22<2:15:40, 19.11s/it]
 33%|███▎      | 205/630 [36:30<1:52:55, 15.94s/it]
 33%|███▎      | 206/630 [36:38<1:34:11, 13.33s/it]
 33%|███▎      | 207/630 [36:49<1:29:45, 12.73s/it]
 33%|███▎      | 208/630 [36:59<1:22:59, 11.80s/it]
 33%|███▎      | 209/630 [37:09<1:19:37, 11.35s/it]
 33%|███▎      | 210/630 [37:17<1:12:15, 10.32s/it]
 33%|███▎      | 211/630 [37:24<1:06:02,  9.46s/it]
 34%|███▎      | 212/630 [37:31<59:12,  8.50s/it]  
 34%|███▍      | 213/630 [37:39<59:40,  8.59s/it]
 34%|███▍      | 214/630 [37:49<1:02:27,  9.01s/it]
 34%|███▍      | 215/630 [37:59<1:03:52,  9.23s/it]
 34%|███▍      | 216/630 [38:06<59:36,  8.64s/it]  
 34%|███▍      | 217/630 [38:15<58:38,  8.52s/it]
 35%|███▍      | 218/630 [38:20<53:08,  7.74s/it]
 35%|███▍      | 219/630 [38:29<53:53,  7.87s/it]
 35%|███▍      | 220/630 [38:41<1:02:29,  9.14s/it]
 35%|███▌      | 221/630 [38:50<1:01:40,  9.05s/it]
 35%|███▌      | 222/630 [38:57<58:55,  8.67s/it]  
 35%|███▌      | 223/630 [39:06<57:53,  8.53s/it]
 36%|███▌      | 224/630 [39:13<54:43,  8.09s/it]
 36%|███▌      | 225/630 [39:19<50:50,  7.53s/it]
 36%|███▌      | 226/630 [39:33<1:03:55,  9.49s/it]
 36%|███▌      | 227/630 [39:42<1:03:48,  9.50s/it]
 36%|███▌      | 228/630 [39:50<59:32,  8.89s/it]  
 36%|███▋      | 229/630 [39:58<58:34,  8.76s/it]
 37%|███▋      | 230/630 [40:06<55:11,  8.28s/it]
 37%|███▋      | 231/630 [40:12<50:45,  7.63s/it]
 37%|███▋      | 232/630 [40:24<1:00:36,  9.14s/it]
 37%|███▋      | 233/630 [40:35<1:02:30,  9.45s/it]
 37%|███▋      | 234/630 [40:43<59:44,  9.05s/it]  
 37%|███▋      | 235/630 [40:51<58:48,  8.93s/it]
 37%|███▋      | 236/630 [41:00<58:26,  8.90s/it]
 38%|███▊      | 237/630 [41:06<51:39,  7.89s/it]
 38%|███▊      | 238/630 [41:15<53:41,  8.22s/it]
 38%|███▊      | 239/630 [41:24<56:38,  8.69s/it]
 38%|███▊      | 240/630 [41:32<54:55,  8.45s/it]
 38%|███▊      | 241/630 [41:42<56:20,  8.69s/it]
 38%|███▊      | 242/630 [41:50<55:51,  8.64s/it]
 39%|███▊      | 243/630 [41:56<49:39,  7.70s/it]
 39%|███▊      | 244/630 [42:05<53:31,  8.32s/it]
 39%|███▉      | 245/630 [42:15<55:22,  8.63s/it]
 39%|███▉      | 246/630 [42:22<53:33,  8.37s/it]
 39%|███▉      | 247/630 [42:31<54:29,  8.54s/it]
 39%|███▉      | 248/630 [42:39<53:01,  8.33s/it]
 40%|███▉      | 249/630 [42:47<51:01,  8.04s/it]
 40%|███▉      | 250/630 [42:53<47:41,  7.53s/it]

eval:   0%|          | 0/80 [00:00<?, ?it/s][A

eval:   1%|▏         | 1/80 [00:01<01:50,  1.40s/it][A

eval:   2%|▎         | 2/80 [00:02<01:43,  1.33s/it][A

eval:   4%|▍         | 3/80 [00:04<01:45,  1.37s/it][A

eval:   5%|▌         | 4/80 [00:05<01:49,  1.44s/it][A

eval:   6%|▋         | 5/80 [00:07<01:48,  1.45s/it][A

eval:   8%|▊         | 6/80 [00:07<01:27,  1.19s/it][A

eval:   9%|▉         | 7/80 [00:09<01:48,  1.49s/it][A

eval:  10%|█         | 8/80 [00:10<01:35,  1.33s/it][A

eval:  11%|█▏        | 9/80 [00:12<01:47,  1.52s/it][A

eval:  12%|█▎        | 10/80 [00:13<01:33,  1.33s/it][A

eval:  14%|█▍        | 11/80 [00:16<01:58,  1.72s/it][A

eval:  15%|█▌        | 12/80 [00:17<01:50,  1.63s/it][A

eval:  16%|█▋        | 13/80 [00:18<01:32,  1.38s/it][A

eval:  18%|█▊        | 14/80 [00:19<01:19,  1.21s/it][A

eval:  19%|█▉        | 15/80 [00:20<01:24,  1.30s/it][A

eval:  20%|██        | 16/80 [00:21<01:11,  1.12s/it][A

eval:  21%|██▏       | 17/80 [00:22<01:10,  1.12s/it][A

eval:  22%|██▎       | 18/80 [00:23<01:02,  1.01s/it][A

eval:  24%|██▍       | 19/80 [00:24<00:58,  1.05it/s][A

eval:  25%|██▌       | 20/80 [00:25<01:02,  1.05s/it][A

eval:  26%|██▋       | 21/80 [00:26<00:57,  1.03it/s][A

eval:  28%|██▊       | 22/80 [00:27<00:56,  1.02it/s][A

eval:  29%|██▉       | 23/80 [00:28<01:02,  1.10s/it][A

eval:  30%|███       | 24/80 [00:29<00:59,  1.06s/it][A

eval:  31%|███▏      | 25/80 [00:30<00:56,  1.03s/it][A

eval:  32%|███▎      | 26/80 [00:31<00:58,  1.09s/it][A

eval:  34%|███▍      | 27/80 [00:32<00:58,  1.10s/it][A

eval:  35%|███▌      | 28/80 [00:34<01:08,  1.31s/it][A

eval:  36%|███▋      | 29/80 [00:35<00:58,  1.15s/it][A

eval:  38%|███▊      | 30/80 [00:36<00:57,  1.15s/it][A

eval:  39%|███▉      | 31/80 [00:38<01:01,  1.25s/it][A

eval:  40%|████      | 32/80 [00:39<01:03,  1.33s/it][A

eval:  41%|████▏     | 33/80 [00:40<00:54,  1.17s/it][A

eval:  42%|████▎     | 34/80 [00:41<00:52,  1.15s/it][A

eval:  44%|████▍     | 35/80 [00:42<00:54,  1.22s/it][A

eval:  45%|████▌     | 36/80 [00:43<00:49,  1.13s/it][A

eval:  46%|████▋     | 37/80 [00:44<00:47,  1.11s/it][A

eval:  48%|████▊     | 38/80 [00:46<00:50,  1.19s/it][A

eval:  49%|████▉     | 39/80 [00:47<00:48,  1.19s/it][A

eval:  50%|█████     | 40/80 [00:48<00:43,  1.08s/it][A

eval:  51%|█████▏    | 41/80 [00:49<00:42,  1.10s/it][A

eval:  52%|█████▎    | 42/80 [00:50<00:44,  1.16s/it][A

eval:  54%|█████▍    | 43/80 [00:51<00:41,  1.12s/it][A

eval:  55%|█████▌    | 44/80 [00:52<00:38,  1.07s/it][A

eval:  56%|█████▋    | 45/80 [00:54<00:40,  1.15s/it][A

eval:  57%|█████▊    | 46/80 [00:54<00:35,  1.03s/it][A

eval:  59%|█████▉    | 47/80 [00:56<00:35,  1.06s/it][A

eval:  60%|██████    | 48/80 [00:57<00:38,  1.21s/it][A

eval:  61%|██████▏   | 49/80 [00:58<00:38,  1.23s/it][A

eval:  62%|██████▎   | 50/80 [01:00<00:37,  1.26s/it][A

eval:  64%|██████▍   | 51/80 [01:01<00:38,  1.33s/it][A

eval:  65%|██████▌   | 52/80 [01:03<00:38,  1.39s/it][A

eval:  66%|██████▋   | 53/80 [01:03<00:32,  1.20s/it][A

eval:  68%|██████▊   | 54/80 [01:05<00:32,  1.25s/it][A

eval:  69%|██████▉   | 55/80 [01:06<00:28,  1.13s/it][A

eval:  70%|███████   | 56/80 [01:06<00:24,  1.03s/it][A

eval:  71%|███████▏  | 57/80 [01:08<00:26,  1.16s/it][A

eval:  72%|███████▎  | 58/80 [01:09<00:23,  1.08s/it][A

eval:  74%|███████▍  | 59/80 [01:10<00:24,  1.17s/it][A

eval:  75%|███████▌  | 60/80 [01:11<00:21,  1.06s/it][A

eval:  76%|███████▋  | 61/80 [01:12<00:19,  1.05s/it][A

eval:  78%|███████▊  | 62/80 [01:13<00:20,  1.15s/it][A

eval:  79%|███████▉  | 63/80 [01:14<00:18,  1.09s/it][A

eval:  80%|████████  | 64/80 [01:15<00:16,  1.06s/it][A

eval:  81%|████████▏ | 65/80 [01:16<00:14,  1.02it/s][A

eval:  82%|████████▎ | 66/80 [01:17<00:13,  1.07it/s][A

eval:  84%|████████▍ | 67/80 [01:18<00:13,  1.03s/it][A

eval:  85%|████████▌ | 68/80 [01:19<00:11,  1.05it/s][A

eval:  86%|████████▋ | 69/80 [01:20<00:10,  1.03it/s][A

eval:  88%|████████▊ | 70/80 [01:21<00:10,  1.07s/it][A

eval:  89%|████████▉ | 71/80 [01:22<00:08,  1.01it/s][A

eval:  90%|█████████ | 72/80 [01:23<00:08,  1.02s/it][A

eval:  91%|█████████▏| 73/80 [01:25<00:07,  1.11s/it][A

eval:  92%|█████████▎| 74/80 [01:25<00:06,  1.02s/it][A

eval:  94%|█████████▍| 75/80 [01:27<00:06,  1.31s/it][A

eval:  95%|█████████▌| 76/80 [01:28<00:04,  1.21s/it][A

eval:  96%|█████████▋| 77/80 [01:30<00:04,  1.42s/it][A

eval:  98%|█████████▊| 78/80 [01:31<00:02,  1.23s/it][A

eval:  99%|█████████▉| 79/80 [01:32<00:01,  1.26s/it][A

eval: 100%|██████████| 80/80 [01:33<00:00,  1.11s/it][A

                                                     [A2026-05-12 04:06:45 | INFO | __main__ | eval.py:43 | [EVAL_SAMPLE] idx=0 pred=false gold=barely-true output=Label: B explain=Hartzler said, "We have less Americans working now than in the ‘70s." The statistics Hartzler’s staff said she cited show the employment-population ratio and labor force participation rate was indeed higher in 1979 than in 2015. However,... prompt=<|im_start|>system
You are a careful fact-checking assistant for LIAR-RAW claims. Classify claims using only the claim and retrieved evidence supplied by the user.<|im_end|>
<|im_start|>user
Classify the claim into exactly one LIAR-RAW l...
2026-05-12 04:06:45 | INFO | __main__ | eval.py:43 | [EVAL_SAMPLE] idx=0 pred=false gold=barely-true output=Label: B explain=Hartzler said, "We have less Americans working now than in the ‘70s." The statistics Hartzler’s staff said she cited show the employment-population ratio and labor force participation rate was indeed higher in 1979 than in 2015. However,... prompt=<|im_start|>system
You are a careful fact-checking assistant for LIAR-RAW claims. Classify claims using only the claim and retrieved evidence supplied by the user.<|im_end|>
<|im_start|>user
Classify the claim into exactly one LIAR-RAW l...
2026-05-12 04:06:45 | INFO | __main__ | eval.py:43 | [EVAL_SAMPLE] idx=1 pred=false gold=pants-fire output=Label: B explain=Ellison used a Koran that once belonged to Thomas Jefferson, borrowing the rare book from the Library of Congress. It goes without saying that Ellison is not Obama. UPDATE: Barack Obama resigned from Trinity United Church of Christ on Ma... prompt=<|im_start|>system
You are a careful fact-checking assistant for LIAR-RAW claims. Classify claims using only the claim and retrieved evidence supplied by the user.<|im_end|>
<|im_start|>user
Classify the claim into exactly one LIAR-RAW l...
2026-05-12 04:06:45 | INFO | __main__ | eval.py:43 | [EVAL_SAMPLE] idx=1 pred=false gold=pants-fire output=Label: B explain=Ellison used a Koran that once belonged to Thomas Jefferson, borrowing the rare book from the Library of Congress. It goes without saying that Ellison is not Obama. UPDATE: Barack Obama resigned from Trinity United Church of Christ on Ma... prompt=<|im_start|>system
You are a careful fact-checking assistant for LIAR-RAW claims. Classify claims using only the claim and retrieved evidence supplied by the user.<|im_end|>
<|im_start|>user
Classify the claim into exactly one LIAR-RAW l...
2026-05-12 04:06:45 | INFO | __main__ | eval.py:43 | [EVAL_SAMPLE] idx=2 pred=barely-true gold=false output=Label: C explain=However, we have two professors who say the law is silent on political activity -- even if one of them sees an implicit prohibition -- and a plain reading of the law that states no explicit ban. Blumenauer said that "the statute a hundre... prompt=<|im_start|>system
You are a careful fact-checking assistant for LIAR-RAW claims. Classify claims using only the claim and retrieved evidence supplied by the user.<|im_end|>
<|im_start|>user
Classify the claim into exactly one LIAR-RAW l...
2026-05-12 04:06:45 | INFO | __main__ | trainer.py:566 | [eval] step=250 accuracy=0.2695 macro_precision=0.2835 macro_recall=0.2867 macro_f1=0.2659 parse_error_rate=0.0000
2026-05-12 04:06:45 | INFO | __main__ | trainer.py:566 | [eval] per_class:
2026-05-12 04:06:45 | INFO | __main__ | trainer.py:566 |   - barely-true: P=0.2421 R=0.3249 F1=0.2775
2026-05-12 04:06:45 | INFO | __main__ | trainer.py:566 |   - false: P=0.2552 R=0.3755 F1=0.3039
2026-05-12 04:06:45 | INFO | __main__ | trainer.py:566 |   - half-true: P=0.2719 R=0.1260 F1=0.1722
2026-05-12 04:06:45 | INFO | __main__ | trainer.py:566 |   - mostly-true: P=0.3810 R=0.1594 F1=0.2247
2026-05-12 04:06:45 | INFO | __main__ | trainer.py:566 |   - pants-fire: P=0.2778 R=0.4741 F1=0.3503
2026-05-12 04:06:45 | INFO | __main__ | trainer.py:566 |   - true: P=0.2733 R=0.2604 F1=0.2667
2026-05-12 04:06:49 | WARNING | sft.data.io | io.py:87 | [WARN] saved adapter has no LoRA tensors; rebuilding adapter weights from model state.
2026-05-12 04:06:49 | WARNING | sft.data.io | io.py:100 | [WARN] Rewrote /data/liaozijie/fact-checking/outputs/runs/mmr_lambda_sweep/build.retrieval.mmr_lambda-0.6__0545e6f3/train/checkpoint-250/adapter_model.safetensors with 392 LoRA tensors collected from the in-memory model.

 40%|███▉      | 251/630 [44:41<3:58:26, 37.75s/it]
 40%|████      | 252/630 [44:51<3:04:19, 29.26s/it]
 40%|████      | 253/630 [44:59<2:23:31, 22.84s/it]
 40%|████      | 254/630 [45:07<1:55:49, 18.48s/it]
 40%|████      | 255/630 [45:15<1:35:28, 15.27s/it]
 41%|████      | 256/630 [45:21<1:18:21, 12.57s/it]
 41%|████      | 257/630 [45:31<1:13:04, 11.75s/it]
 41%|████      | 258/630 [45:41<1:09:51, 11.27s/it]
 41%|████      | 259/630 [45:49<1:03:20, 10.24s/it]
 41%|████▏     | 260/630 [45:57<58:49,  9.54s/it]  
 41%|████▏     | 261/630 [46:04<54:12,  8.82s/it]
 42%|████▏     | 262/630 [46:12<53:48,  8.77s/it]
 42%|████▏     | 263/630 [46:21<53:56,  8.82s/it]
 42%|████▏     | 264/630 [46:31<54:39,  8.96s/it]
 42%|████▏     | 265/630 [46:40<55:06,  9.06s/it]
 42%|████▏     | 266/630 [46:48<53:55,  8.89s/it]
 42%|████▏     | 267/630 [46:55<49:02,  8.11s/it]
 43%|████▎     | 268/630 [47:01<45:32,  7.55s/it]
 43%|████▎     | 269/630 [47:11<50:15,  8.35s/it]
 43%|████▎     | 270/630 [47:23<56:18,  9.39s/it]
 43%|████▎     | 271/630 [47:32<54:57,  9.19s/it]
 43%|████▎     | 272/630 [47:40<52:36,  8.82s/it]
 43%|████▎     | 273/630 [47:48<51:40,  8.69s/it]
 43%|████▎     | 274/630 [47:55<48:30,  8.18s/it]
 44%|████▎     | 275/630 [48:02<46:02,  7.78s/it]
 44%|████▍     | 276/630 [48:13<52:36,  8.92s/it]
 44%|████▍     | 277/630 [48:24<55:58,  9.51s/it]
 44%|████▍     | 278/630 [48:34<55:27,  9.45s/it]
 44%|████▍     | 279/630 [48:42<53:03,  9.07s/it]
 44%|████▍     | 280/630 [48:50<50:50,  8.71s/it]
 45%|████▍     | 281/630 [48:56<47:07,  8.10s/it]
 45%|████▍     | 282/630 [49:09<54:32,  9.40s/it]
 45%|████▍     | 283/630 [49:19<56:18,  9.74s/it]
 45%|████▌     | 284/630 [49:28<53:39,  9.31s/it]
 45%|████▌     | 285/630 [49:35<51:01,  8.87s/it]
 45%|████▌     | 286/630 [49:44<49:42,  8.67s/it]
 46%|████▌     | 287/630 [49:49<44:24,  7.77s/it]
 46%|████▌     | 288/630 [49:58<45:45,  8.03s/it]
 46%|████▌     | 289/630 [50:09<49:56,  8.79s/it]
 46%|████▌     | 290/630 [50:17<49:45,  8.78s/it]
 46%|████▌     | 291/630 [50:26<49:03,  8.68s/it]
 46%|████▋     | 292/630 [50:33<45:40,  8.11s/it]
 47%|████▋     | 293/630 [50:39<42:33,  7.58s/it]
 47%|████▋     | 294/630 [50:48<44:29,  7.95s/it]
 47%|████▋     | 295/630 [50:59<49:32,  8.87s/it]
 47%|████▋     | 296/630 [51:09<51:36,  9.27s/it]
 47%|████▋     | 297/630 [51:18<51:20,  9.25s/it]
 47%|████▋     | 298/630 [51:26<48:16,  8.72s/it]
 47%|████▋     | 299/630 [51:33<45:48,  8.30s/it]
 48%|████▊     | 300/630 [51:39<41:48,  7.60s/it]

eval:   0%|          | 0/80 [00:00<?, ?it/s][A

eval:   1%|▏         | 1/80 [00:01<01:51,  1.41s/it][A

eval:   2%|▎         | 2/80 [00:02<01:39,  1.28s/it][A

eval:   4%|▍         | 3/80 [00:04<01:44,  1.36s/it][A

eval:   5%|▌         | 4/80 [00:05<01:32,  1.22s/it][A

eval:   6%|▋         | 5/80 [00:06<01:44,  1.39s/it][A

eval:   8%|▊         | 6/80 [00:07<01:24,  1.15s/it][A

eval:   9%|▉         | 7/80 [00:08<01:29,  1.22s/it][A

eval:  10%|█         | 8/80 [00:09<01:22,  1.15s/it][A

eval:  11%|█▏        | 9/80 [00:10<01:12,  1.02s/it][A

eval:  12%|█▎        | 10/80 [00:12<01:21,  1.17s/it][A

eval:  14%|█▍        | 11/80 [00:13<01:28,  1.28s/it][A

eval:  15%|█▌        | 12/80 [00:15<01:32,  1.36s/it][A

eval:  16%|█▋        | 13/80 [00:15<01:19,  1.19s/it][A

eval:  18%|█▊        | 14/80 [00:17<01:31,  1.39s/it][A

eval:  19%|█▉        | 15/80 [00:18<01:21,  1.26s/it][A

eval:  20%|██        | 16/80 [00:19<01:17,  1.21s/it][A

eval:  21%|██▏       | 17/80 [00:21<01:23,  1.33s/it][A

eval:  22%|██▎       | 18/80 [00:22<01:21,  1.32s/it][A

eval:  24%|██▍       | 19/80 [00:24<01:22,  1.36s/it][A

eval:  25%|██▌       | 20/80 [00:25<01:24,  1.41s/it][A

eval:  26%|██▋       | 21/80 [00:26<01:12,  1.23s/it][A

eval:  28%|██▊       | 22/80 [00:27<01:04,  1.11s/it][A

eval:  29%|██▉       | 23/80 [00:28<01:09,  1.23s/it][A

eval:  30%|███       | 24/80 [00:29<01:04,  1.15s/it][A

eval:  31%|███▏      | 25/80 [00:30<00:58,  1.06s/it][A

eval:  32%|███▎      | 26/80 [00:32<01:02,  1.15s/it][A

eval:  34%|███▍      | 27/80 [00:33<01:03,  1.20s/it][A

eval:  35%|███▌      | 28/80 [00:34<01:07,  1.29s/it][A

eval:  36%|███▋      | 29/80 [00:35<00:57,  1.14s/it][A

eval:  38%|███▊      | 30/80 [00:36<00:55,  1.11s/it][A

eval:  39%|███▉      | 31/80 [00:37<00:49,  1.02s/it][A

eval:  40%|████      | 32/80 [00:38<00:48,  1.01s/it][A

eval:  41%|████▏     | 33/80 [00:39<00:49,  1.05s/it][A

eval:  42%|████▎     | 34/80 [00:40<00:48,  1.06s/it][A

eval:  44%|████▍     | 35/80 [00:41<00:45,  1.02s/it][A

eval:  45%|████▌     | 36/80 [00:42<00:49,  1.13s/it][A

eval:  46%|████▋     | 37/80 [00:43<00:45,  1.05s/it][A

eval:  48%|████▊     | 38/80 [00:44<00:44,  1.07s/it][A

eval:  49%|████▉     | 39/80 [00:46<00:47,  1.16s/it][A

eval:  50%|█████     | 40/80 [00:46<00:40,  1.01s/it][A

eval:  51%|█████▏    | 41/80 [00:49<00:53,  1.37s/it][A

eval:  52%|█████▎    | 42/80 [00:50<00:45,  1.21s/it][A

eval:  54%|█████▍    | 43/80 [00:52<00:54,  1.49s/it][A

eval:  55%|█████▌    | 44/80 [00:52<00:46,  1.28s/it][A

eval:  56%|█████▋    | 45/80 [00:54<00:50,  1.44s/it][A

eval:  57%|█████▊    | 46/80 [00:55<00:41,  1.24s/it][A

eval:  59%|█████▉    | 47/80 [00:56<00:42,  1.29s/it][A

eval:  60%|██████    | 48/80 [00:58<00:44,  1.39s/it][A

eval:  61%|██████▏   | 49/80 [00:59<00:37,  1.22s/it][A

eval:  62%|██████▎   | 50/80 [01:00<00:32,  1.09s/it][A

eval:  64%|██████▍   | 51/80 [01:01<00:30,  1.06s/it][A

eval:  65%|██████▌   | 52/80 [01:02<00:28,  1.02s/it][A

eval:  66%|██████▋   | 53/80 [01:02<00:25,  1.06it/s][A

eval:  68%|██████▊   | 54/80 [01:03<00:24,  1.04it/s][A

eval:  69%|██████▉   | 55/80 [01:04<00:25,  1.01s/it][A

eval:  70%|███████   | 56/80 [01:05<00:22,  1.06it/s][A

eval:  71%|███████▏  | 57/80 [01:06<00:23,  1.01s/it][A

eval:  72%|███████▎  | 58/80 [01:08<00:23,  1.07s/it][A

eval:  74%|███████▍  | 59/80 [01:08<00:20,  1.03it/s][A

eval:  75%|███████▌  | 60/80 [01:10<00:24,  1.22s/it][A

eval:  76%|███████▋  | 61/80 [01:11<00:20,  1.08s/it][A

eval:  78%|███████▊  | 62/80 [01:12<00:20,  1.15s/it][A

eval:  79%|███████▉  | 63/80 [01:14<00:21,  1.24s/it][A

eval:  80%|████████  | 64/80 [01:14<00:17,  1.07s/it][A

eval:  81%|████████▏ | 65/80 [01:16<00:20,  1.34s/it][A

eval:  82%|████████▎ | 66/80 [01:17<00:16,  1.17s/it][A

eval:  84%|████████▍ | 67/80 [01:19<00:18,  1.44s/it][A

eval:  85%|████████▌ | 68/80 [01:20<00:14,  1.25s/it][A

eval:  86%|████████▋ | 69/80 [01:21<00:12,  1.12s/it][A

eval:  88%|████████▊ | 70/80 [01:22<00:10,  1.03s/it][A

eval:  89%|████████▉ | 71/80 [01:22<00:08,  1.04it/s][A

eval:  90%|█████████ | 72/80 [01:23<00:07,  1.07it/s][A

eval:  91%|█████████▏| 73/80 [01:24<00:06,  1.13it/s][A

eval:  92%|█████████▎| 74/80 [01:25<00:05,  1.11it/s][A

eval:  94%|█████████▍| 75/80 [01:26<00:04,  1.01it/s][A

eval:  95%|█████████▌| 76/80 [01:27<00:03,  1.02it/s][A

eval:  96%|█████████▋| 77/80 [01:28<00:03,  1.01s/it][A

eval:  98%|█████████▊| 78/80 [01:29<00:02,  1.05s/it][A

eval:  99%|█████████▉| 79/80 [01:30<00:00,  1.03it/s][A

eval: 100%|██████████| 80/80 [01:31<00:00,  1.02s/it][A

                                                     [A2026-05-12 04:15:29 | INFO | __main__ | eval.py:43 | [EVAL_SAMPLE] idx=0 pred=false gold=barely-true output=Label: B explain=Hartzler said, "We have less Americans working now than in the ‘70s." The statistics Hartzler’s staff said she cited show the employment-population ratio and labor force participation rate was indeed higher in 1979 than in 2015. However,... prompt=<|im_start|>system
You are a careful fact-checking assistant for LIAR-RAW claims. Classify claims using only the claim and retrieved evidence supplied by the user.<|im_end|>
<|im_start|>user
Classify the claim into exactly one LIAR-RAW l...
2026-05-12 04:15:29 | INFO | __main__ | eval.py:43 | [EVAL_SAMPLE] idx=0 pred=false gold=barely-true output=Label: B explain=Hartzler said, "We have less Americans working now than in the ‘70s." The statistics Hartzler’s staff said she cited show the employment-population ratio and labor force participation rate was indeed higher in 1979 than in 2015. However,... prompt=<|im_start|>system
You are a careful fact-checking assistant for LIAR-RAW claims. Classify claims using only the claim and retrieved evidence supplied by the user.<|im_end|>
<|im_start|>user
Classify the claim into exactly one LIAR-RAW l...
2026-05-12 04:15:29 | INFO | __main__ | eval.py:43 | [EVAL_SAMPLE] idx=1 pred=false gold=pants-fire output=Label: B explain=Ellison used a Koran that once belonged to Thomas Jefferson, borrowing the rare book from the Library of Congress. It goes without saying that Ellison is not Obama. UPDATE: Barack Obama resigned from Trinity United Church of Christ on Ma... prompt=<|im_start|>system
You are a careful fact-checking assistant for LIAR-RAW claims. Classify claims using only the claim and retrieved evidence supplied by the user.<|im_end|>
<|im_start|>user
Classify the claim into exactly one LIAR-RAW l...
2026-05-12 04:15:29 | INFO | __main__ | eval.py:43 | [EVAL_SAMPLE] idx=1 pred=false gold=pants-fire output=Label: B explain=Ellison used a Koran that once belonged to Thomas Jefferson, borrowing the rare book from the Library of Congress. It goes without saying that Ellison is not Obama. UPDATE: Barack Obama resigned from Trinity United Church of Christ on Ma... prompt=<|im_start|>system
You are a careful fact-checking assistant for LIAR-RAW claims. Classify claims using only the claim and retrieved evidence supplied by the user.<|im_end|>
<|im_start|>user
Classify the claim into exactly one LIAR-RAW l...
2026-05-12 04:15:29 | INFO | __main__ | eval.py:43 | [EVAL_SAMPLE] idx=2 pred=barely-true gold=false output=Label: C explain=However, we have two professors who say the law is silent on political activity -- even if one of them sees an implicit prohibition -- and a plain reading of the law that states no explicit ban. Blumenauer said that "the statute a hundre... prompt=<|im_start|>system
You are a careful fact-checking assistant for LIAR-RAW claims. Classify claims using only the claim and retrieved evidence supplied by the user.<|im_end|>
<|im_start|>user
Classify the claim into exactly one LIAR-RAW l...
2026-05-12 04:15:29 | INFO | __main__ | trainer.py:566 | [eval] step=300 accuracy=0.2750 macro_precision=0.2936 macro_recall=0.2948 macro_f1=0.2713 parse_error_rate=0.0000
2026-05-12 04:15:29 | INFO | __main__ | trainer.py:566 | [eval] per_class:
2026-05-12 04:15:29 | INFO | __main__ | trainer.py:566 |   - barely-true: P=0.2337 R=0.3333 F1=0.2748
2026-05-12 04:15:29 | INFO | __main__ | trainer.py:566 |   - false: P=0.2687 R=0.3716 F1=0.3119
2026-05-12 04:15:29 | INFO | __main__ | trainer.py:566 |   - half-true: P=0.2990 R=0.1179 F1=0.1691
2026-05-12 04:15:29 | INFO | __main__ | trainer.py:566 |   - mostly-true: P=0.4021 R=0.1554 F1=0.2241
2026-05-12 04:15:29 | INFO | __main__ | trainer.py:566 |   - pants-fire: P=0.2857 R=0.4828 F1=0.3590
2026-05-12 04:15:29 | INFO | __main__ | trainer.py:566 |   - true: P=0.2723 R=0.3077 F1=0.2889
2026-05-12 04:15:34 | WARNING | sft.data.io | io.py:87 | [WARN] saved adapter has no LoRA tensors; rebuilding adapter weights from model state.
2026-05-12 04:15:34 | WARNING | sft.data.io | io.py:100 | [WARN] Rewrote /data/liaozijie/fact-checking/outputs/runs/mmr_lambda_sweep/build.retrieval.mmr_lambda-0.6__0545e6f3/train/checkpoint-300/adapter_model.safetensors with 392 LoRA tensors collected from the in-memory model.

 48%|████▊     | 301/630 [53:27<3:26:54, 37.73s/it]
 48%|████▊     | 302/630 [53:37<2:40:29, 29.36s/it]
 48%|████▊     | 303/630 [53:46<2:06:40, 23.24s/it]
 48%|████▊     | 304/630 [53:53<1:39:56, 18.39s/it]
 48%|████▊     | 305/630 [54:00<1:20:39, 14.89s/it]
 49%|████▊     | 306/630 [54:06<1:06:10, 12.25s/it]
 49%|████▊     | 307/630 [54:17<1:05:19, 12.13s/it]
 49%|████▉     | 308/630 [54:28<1:02:09, 11.58s/it]
 49%|████▉     | 309/630 [54:36<57:20, 10.72s/it]  
 49%|████▉     | 310/630 [54:45<53:53, 10.11s/it]
 49%|████▉     | 311/630 [54:53<50:35,  9.52s/it]
 50%|████▉     | 312/630 [54:59<45:06,  8.51s/it]
 50%|████▉     | 313/630 [55:07<42:58,  8.13s/it]
 50%|████▉     | 314/630 [55:15<42:53,  8.14s/it]
 50%|█████     | 315/630 [55:19<36:59,  7.05s/it]
 50%|█████     | 316/630 [55:33<47:51,  9.15s/it]
 50%|█████     | 317/630 [55:44<50:00,  9.59s/it]
 50%|█████     | 318/630 [55:53<48:22,  9.30s/it]
 51%|█████     | 319/630 [56:01<46:24,  8.95s/it]
 51%|█████     | 320/630 [56:08<43:19,  8.38s/it]
 51%|█████     | 321/630 [56:14<40:11,  7.80s/it]
 51%|█████     | 322/630 [56:27<48:02,  9.36s/it]
 51%|█████▏    | 323/630 [56:38<49:27,  9.67s/it]
 51%|█████▏    | 324/630 [56:45<45:45,  8.97s/it]
 52%|█████▏    | 325/630 [56:54<45:32,  8.96s/it]
 52%|█████▏    | 326/630 [57:02<43:39,  8.62s/it]
 52%|█████▏    | 327/630 [57:09<41:54,  8.30s/it]
 52%|█████▏    | 328/630 [57:18<42:34,  8.46s/it]
 52%|█████▏    | 329/630 [57:28<44:26,  8.86s/it]
 52%|█████▏    | 330/630 [57:38<45:29,  9.10s/it]
 53%|█████▎    | 331/630 [57:47<45:37,  9.15s/it]
 53%|█████▎    | 332/630 [57:54<43:03,  8.67s/it]
 53%|█████▎    | 333/630 [58:03<42:20,  8.56s/it]
 53%|█████▎    | 334/630 [58:12<43:27,  8.81s/it]
 53%|█████▎    | 335/630 [58:24<48:09,  9.80s/it]
 53%|█████▎    | 336/630 [58:33<46:08,  9.42s/it]
 53%|█████▎    | 337/630 [58:43<46:38,  9.55s/it]
 54%|█████▎    | 338/630 [58:49<41:38,  8.56s/it]
 54%|█████▍    | 339/630 [58:56<39:13,  8.09s/it]
 54%|█████▍    | 340/630 [59:03<37:36,  7.78s/it]
 54%|█████▍    | 341/630 [59:13<41:16,  8.57s/it]
 54%|█████▍    | 342/630 [59:24<43:32,  9.07s/it]
 54%|█████▍    | 343/630 [59:34<44:57,  9.40s/it]
 55%|█████▍    | 344/630 [59:41<41:17,  8.66s/it]
 55%|█████▍    | 345/630 [59:48<38:46,  8.16s/it]
 55%|█████▍    | 346/630 [59:54<35:50,  7.57s/it]
 55%|█████▌    | 347/630 [1:00:05<40:55,  8.68s/it]
 55%|█████▌    | 348/630 [1:00:17<45:05,  9.59s/it]
 55%|█████▌    | 349/630 [1:00:25<42:42,  9.12s/it]
 56%|█████▌    | 350/630 [1:00:33<40:39,  8.71s/it]

eval:   0%|          | 0/80 [00:00<?, ?it/s][A

eval:   1%|▏         | 1/80 [00:00<01:08,  1.15it/s][A

eval:   2%|▎         | 2/80 [00:01<01:17,  1.01it/s][A

eval:   4%|▍         | 3/80 [00:03<01:30,  1.18s/it][A

eval:   5%|▌         | 4/80 [00:04<01:23,  1.10s/it][A

eval:   6%|▋         | 5/80 [00:06<01:41,  1.36s/it][A

eval:   8%|▊         | 6/80 [00:06<01:23,  1.12s/it][A

eval:   9%|▉         | 7/80 [00:08<01:28,  1.21s/it][A

eval:  10%|█         | 8/80 [00:09<01:35,  1.33s/it][A

eval:  11%|█▏        | 9/80 [00:11<01:34,  1.33s/it][A

eval:  12%|█▎        | 10/80 [00:12<01:37,  1.39s/it][A

eval:  14%|█▍        | 11/80 [00:15<02:00,  1.74s/it][A

eval:  15%|█▌        | 12/80 [00:16<01:41,  1.49s/it][A

eval:  16%|█▋        | 13/80 [00:16<01:26,  1.28s/it][A

eval:  18%|█▊        | 14/80 [00:17<01:15,  1.14s/it][A

eval:  19%|█▉        | 15/80 [00:18<01:13,  1.14s/it][A

eval:  20%|██        | 16/80 [00:19<01:04,  1.01s/it][A

eval:  21%|██▏       | 17/80 [00:20<01:03,  1.00s/it][A

eval:  22%|██▎       | 18/80 [00:21<00:57,  1.08it/s][A

eval:  24%|██▍       | 19/80 [00:22<00:58,  1.03it/s][A

eval:  25%|██▌       | 20/80 [00:23<00:57,  1.04it/s][A

eval:  26%|██▋       | 21/80 [00:24<00:57,  1.02it/s][A

eval:  28%|██▊       | 22/80 [00:25<01:01,  1.06s/it][A

eval:  29%|██▉       | 23/80 [00:26<01:04,  1.14s/it][A

eval:  30%|███       | 24/80 [00:28<01:09,  1.25s/it][A

eval:  31%|███▏      | 25/80 [00:29<00:59,  1.08s/it][A

eval:  32%|███▎      | 26/80 [00:30<00:59,  1.11s/it][A

eval:  34%|███▍      | 27/80 [00:31<01:08,  1.29s/it][A

eval:  35%|███▌      | 28/80 [00:34<01:19,  1.53s/it][A

eval:  36%|███▋      | 29/80 [00:34<01:06,  1.30s/it][A

eval:  38%|███▊      | 30/80 [00:36<01:06,  1.33s/it][A

eval:  39%|███▉      | 31/80 [00:37<01:06,  1.35s/it][A

eval:  40%|████      | 32/80 [00:39<01:08,  1.43s/it][A

eval:  41%|████▏     | 33/80 [00:40<01:07,  1.43s/it][A

eval:  42%|████▎     | 34/80 [00:42<01:06,  1.45s/it][A

eval:  44%|████▍     | 35/80 [00:42<00:56,  1.25s/it][A

eval:  45%|████▌     | 36/80 [00:43<00:50,  1.16s/it][A

eval:  46%|████▋     | 37/80 [00:44<00:46,  1.07s/it][A

eval:  48%|████▊     | 38/80 [00:45<00:41,  1.00it/s][A

eval:  49%|████▉     | 39/80 [00:46<00:40,  1.01it/s][A

eval:  50%|█████     | 40/80 [00:47<00:35,  1.12it/s][A

eval:  51%|█████▏    | 41/80 [00:48<00:39,  1.01s/it][A

eval:  52%|█████▎    | 42/80 [00:49<00:36,  1.05it/s][A

eval:  54%|█████▍    | 43/80 [00:50<00:39,  1.07s/it][A

eval:  55%|█████▌    | 44/80 [00:51<00:38,  1.06s/it][A

eval:  56%|█████▋    | 45/80 [00:53<00:39,  1.13s/it][A

eval:  57%|█████▊    | 46/80 [00:53<00:34,  1.02s/it][A

eval:  59%|█████▉    | 47/80 [00:55<00:35,  1.09s/it][A

eval:  60%|██████    | 48/80 [00:56<00:39,  1.25s/it][A

eval:  61%|██████▏   | 49/80 [00:57<00:39,  1.26s/it][A

eval:  62%|██████▎   | 50/80 [00:59<00:39,  1.32s/it][A

eval:  64%|██████▍   | 51/80 [01:00<00:34,  1.20s/it][A

eval:  65%|██████▌   | 52/80 [01:01<00:35,  1.26s/it][A

eval:  66%|██████▋   | 53/80 [01:02<00:30,  1.11s/it][A

eval:  68%|██████▊   | 54/80 [01:03<00:26,  1.02s/it][A

eval:  69%|██████▉   | 55/80 [01:04<00:27,  1.11s/it][A

eval:  70%|███████   | 56/80 [01:05<00:24,  1.04s/it][A

eval:  71%|███████▏  | 57/80 [01:06<00:22,  1.02it/s][A

eval:  72%|███████▎  | 58/80 [01:07<00:23,  1.08s/it][A

eval:  74%|███████▍  | 59/80 [01:08<00:22,  1.06s/it][A

eval:  75%|███████▌  | 60/80 [01:10<00:23,  1.17s/it][A

eval:  76%|███████▋  | 61/80 [01:10<00:19,  1.04s/it][A

eval:  78%|███████▊  | 62/80 [01:11<00:19,  1.08s/it][A

eval:  79%|███████▉  | 63/80 [01:13<00:20,  1.22s/it][A

eval:  80%|████████  | 64/80 [01:14<00:16,  1.06s/it][A

eval:  81%|████████▏ | 65/80 [01:16<00:19,  1.30s/it][A

eval:  82%|████████▎ | 66/80 [01:16<00:16,  1.15s/it][A

eval:  84%|████████▍ | 67/80 [01:18<00:16,  1.24s/it][A

eval:  85%|████████▌ | 68/80 [01:19<00:15,  1.31s/it][A

eval:  86%|████████▋ | 69/80 [01:21<00:14,  1.35s/it][A

eval:  88%|████████▊ | 70/80 [01:22<00:12,  1.29s/it][A

eval:  89%|████████▉ | 71/80 [01:23<00:10,  1.14s/it][A

eval:  90%|█████████ | 72/80 [01:24<00:09,  1.24s/it][A

eval:  91%|█████████▏| 73/80 [01:25<00:08,  1.14s/it][A

eval:  92%|█████████▎| 74/80 [01:27<00:07,  1.24s/it][A

eval:  94%|█████████▍| 75/80 [01:27<00:05,  1.14s/it][A

eval:  95%|█████████▌| 76/80 [01:29<00:04,  1.15s/it][A

eval:  96%|█████████▋| 77/80 [01:30<00:03,  1.23s/it][A

eval:  98%|█████████▊| 78/80 [01:31<00:02,  1.09s/it][A

eval:  99%|█████████▉| 79/80 [01:33<00:01,  1.30s/it][A

eval: 100%|██████████| 80/80 [01:33<00:00,  1.13s/it][A

                                                     [A2026-05-12 04:24:25 | INFO | __main__ | eval.py:43 | [EVAL_SAMPLE] idx=0 pred=false gold=barely-true output=Label: B explain=Hartzler said, "We have less Americans working now than in the ‘70s." The statistics Hartzler’s staff said she cited show the employment-population ratio and labor force participation rate was indeed higher in 1979 than in 2015. However,... prompt=<|im_start|>system
You are a careful fact-checking assistant for LIAR-RAW claims. Classify claims using only the claim and retrieved evidence supplied by the user.<|im_end|>
<|im_start|>user
Classify the claim into exactly one LIAR-RAW l...
2026-05-12 04:24:25 | INFO | __main__ | eval.py:43 | [EVAL_SAMPLE] idx=0 pred=false gold=barely-true output=Label: B explain=Hartzler said, "We have less Americans working now than in the ‘70s." The statistics Hartzler’s staff said she cited show the employment-population ratio and labor force participation rate was indeed higher in 1979 than in 2015. However,... prompt=<|im_start|>system
You are a careful fact-checking assistant for LIAR-RAW claims. Classify claims using only the claim and retrieved evidence supplied by the user.<|im_end|>
<|im_start|>user
Classify the claim into exactly one LIAR-RAW l...
2026-05-12 04:24:25 | INFO | __main__ | eval.py:43 | [EVAL_SAMPLE] idx=1 pred=false gold=pants-fire output=Label: B explain=Ellison used a Koran that once belonged to Thomas Jefferson, borrowing the rare book from the Library of Congress. It goes without saying that Ellison is not Obama. UPDATE: Barack Obama resigned from Trinity United Church of Christ on Ma... prompt=<|im_start|>system
You are a careful fact-checking assistant for LIAR-RAW claims. Classify claims using only the claim and retrieved evidence supplied by the user.<|im_end|>
<|im_start|>user
Classify the claim into exactly one LIAR-RAW l...
2026-05-12 04:24:25 | INFO | __main__ | eval.py:43 | [EVAL_SAMPLE] idx=1 pred=false gold=pants-fire output=Label: B explain=Ellison used a Koran that once belonged to Thomas Jefferson, borrowing the rare book from the Library of Congress. It goes without saying that Ellison is not Obama. UPDATE: Barack Obama resigned from Trinity United Church of Christ on Ma... prompt=<|im_start|>system
You are a careful fact-checking assistant for LIAR-RAW claims. Classify claims using only the claim and retrieved evidence supplied by the user.<|im_end|>
<|im_start|>user
Classify the claim into exactly one LIAR-RAW l...
2026-05-12 04:24:25 | INFO | __main__ | eval.py:43 | [EVAL_SAMPLE] idx=2 pred=barely-true gold=false output=Label: C explain=However, we have two professors who say the law is silent on political activity -- even if one of them sees an implicit prohibition -- and a plain reading of the law that states no explicit ban. Blumenauer said that "the statute a hundre... prompt=<|im_start|>system
You are a careful fact-checking assistant for LIAR-RAW claims. Classify claims using only the claim and retrieved evidence supplied by the user.<|im_end|>
<|im_start|>user
Classify the claim into exactly one LIAR-RAW l...
2026-05-12 04:24:25 | INFO | __main__ | trainer.py:566 | [eval] step=350 accuracy=0.2719 macro_precision=0.2921 macro_recall=0.2913 macro_f1=0.2674 parse_error_rate=0.0000
2026-05-12 04:24:25 | INFO | __main__ | trainer.py:566 | [eval] per_class:
2026-05-12 04:24:25 | INFO | __main__ | trainer.py:566 |   - barely-true: P=0.2330 R=0.3333 F1=0.2743
2026-05-12 04:24:25 | INFO | __main__ | trainer.py:566 |   - false: P=0.2634 R=0.3755 F1=0.3096
2026-05-12 04:24:25 | INFO | __main__ | trainer.py:566 |   - half-true: P=0.2903 R=0.1098 F1=0.1593
2026-05-12 04:24:25 | INFO | __main__ | trainer.py:566 |   - mostly-true: P=0.4111 R=0.1474 F1=0.2170
2026-05-12 04:24:25 | INFO | __main__ | trainer.py:566 |   - pants-fire: P=0.2895 R=0.4741 F1=0.3595
2026-05-12 04:24:25 | INFO | __main__ | trainer.py:566 |   - true: P=0.2653 R=0.3077 F1=0.2849
2026-05-12 04:24:30 | WARNING | sft.data.io | io.py:87 | [WARN] saved adapter has no LoRA tensors; rebuilding adapter weights from model state.
2026-05-12 04:24:30 | WARNING | sft.data.io | io.py:100 | [WARN] Rewrote /data/liaozijie/fact-checking/outputs/runs/mmr_lambda_sweep/build.retrieval.mmr_lambda-0.6__0545e6f3/train/checkpoint-350/adapter_model.safetensors with 392 LoRA tensors collected from the in-memory model.

 56%|█████▌    | 351/630 [1:02:18<2:54:52, 37.61s/it]
 56%|█████▌    | 352/630 [1:02:24<2:10:09, 28.09s/it]
 56%|█████▌    | 353/630 [1:02:34<1:44:45, 22.69s/it]
 56%|█████▌    | 354/630 [1:02:44<1:27:18, 18.98s/it]
 56%|█████▋    | 355/630 [1:02:53<1:12:53, 15.90s/it]
 57%|█████▋    | 356/630 [1:03:02<1:03:06, 13.82s/it]
 57%|█████▋    | 357/630 [1:03:10<54:58, 12.08s/it]  
 57%|█████▋    | 358/630 [1:03:17<48:40, 10.74s/it]
 57%|█████▋    | 359/630 [1:03:28<48:10, 10.67s/it]
 57%|█████▋    | 360/630 [1:03:39<49:11, 10.93s/it]
 57%|█████▋    | 361/630 [1:03:49<46:40, 10.41s/it]
 57%|█████▋    | 362/630 [1:03:57<43:22,  9.71s/it]
 58%|█████▊    | 363/630 [1:04:05<41:04,  9.23s/it]
 58%|█████▊    | 364/630 [1:04:12<37:51,  8.54s/it]
 58%|█████▊    | 365/630 [1:04:18<34:20,  7.77s/it]
 58%|█████▊    | 366/630 [1:04:31<41:03,  9.33s/it]
 58%|█████▊    | 367/630 [1:04:41<41:47,  9.54s/it]
 58%|█████▊    | 368/630 [1:04:48<39:23,  9.02s/it]
 59%|█████▊    | 369/630 [1:04:56<37:18,  8.58s/it]
 59%|█████▊    | 370/630 [1:05:04<35:52,  8.28s/it]
 59%|█████▉    | 371/630 [1:05:10<32:55,  7.63s/it]
 59%|█████▉    | 372/630 [1:05:21<37:17,  8.67s/it]
 59%|█████▉    | 373/630 [1:05:30<37:38,  8.79s/it]
 59%|█████▉    | 374/630 [1:05:40<38:58,  9.13s/it]
 60%|█████▉    | 375/630 [1:05:47<36:06,  8.49s/it]
 60%|█████▉    | 376/630 [1:05:54<34:56,  8.25s/it]
 60%|█████▉    | 377/630 [1:06:02<33:42,  7.99s/it]
 60%|██████    | 378/630 [1:06:11<35:13,  8.39s/it]
 60%|██████    | 379/630 [1:06:22<37:43,  9.02s/it]
 60%|██████    | 380/630 [1:06:31<37:43,  9.05s/it]
 60%|██████    | 381/630 [1:06:39<36:30,  8.80s/it]
 61%|██████    | 382/630 [1:06:48<36:18,  8.79s/it]
 61%|██████    | 383/630 [1:06:55<33:53,  8.23s/it]
 61%|██████    | 384/630 [1:07:04<34:51,  8.50s/it]
 61%|██████    | 385/630 [1:07:15<37:44,  9.24s/it]
 61%|██████▏   | 386/630 [1:07:24<37:31,  9.23s/it]
 61%|██████▏   | 387/630 [1:07:32<35:40,  8.81s/it]
 62%|██████▏   | 388/630 [1:07:40<34:27,  8.54s/it]
 62%|██████▏   | 389/630 [1:07:47<33:03,  8.23s/it]
 62%|██████▏   | 390/630 [1:07:54<30:49,  7.70s/it]
 62%|██████▏   | 391/630 [1:08:05<35:06,  8.82s/it]
 62%|██████▏   | 392/630 [1:08:14<34:53,  8.80s/it]
 62%|██████▏   | 393/630 [1:08:22<33:44,  8.54s/it]
 63%|██████▎   | 394/630 [1:08:30<33:38,  8.55s/it]
 63%|██████▎   | 395/630 [1:08:39<33:22,  8.52s/it]
 63%|██████▎   | 396/630 [1:08:44<28:52,  7.41s/it]
 63%|██████▎   | 397/630 [1:08:53<31:37,  8.14s/it]
 63%|██████▎   | 398/630 [1:09:04<33:59,  8.79s/it]
 63%|██████▎   | 399/630 [1:09:13<33:53,  8.80s/it]
 63%|██████▎   | 400/630 [1:09:20<32:32,  8.49s/it]

eval:   0%|          | 0/80 [00:00<?, ?it/s][A

eval:   1%|▏         | 1/80 [00:01<01:20,  1.02s/it][A

eval:   2%|▎         | 2/80 [00:02<01:29,  1.14s/it][A

eval:   4%|▍         | 3/80 [00:03<01:16,  1.01it/s][A

eval:   5%|▌         | 4/80 [00:04<01:25,  1.13s/it][A

eval:   6%|▋         | 5/80 [00:05<01:28,  1.19s/it][A

eval:   8%|▊         | 6/80 [00:06<01:14,  1.01s/it][A

eval:   9%|▉         | 7/80 [00:08<01:34,  1.30s/it][A

eval:  10%|█         | 8/80 [00:09<01:26,  1.20s/it][A

eval:  11%|█▏        | 9/80 [00:10<01:24,  1.20s/it][A

eval:  12%|█▎        | 10/80 [00:11<01:31,  1.31s/it][A

eval:  14%|█▍        | 11/80 [00:14<01:56,  1.69s/it][A

eval:  15%|█▌        | 12/80 [00:15<01:39,  1.46s/it][A

eval:  16%|█▋        | 13/80 [00:17<01:50,  1.66s/it][A

eval:  18%|█▊        | 14/80 [00:18<01:32,  1.40s/it][A

eval:  19%|█▉        | 15/80 [00:20<01:48,  1.67s/it][A

eval:  20%|██        | 16/80 [00:21<01:28,  1.38s/it][A

eval:  21%|██▏       | 17/80 [00:22<01:18,  1.25s/it][A

eval:  22%|██▎       | 18/80 [00:23<01:08,  1.10s/it][A

eval:  24%|██▍       | 19/80 [00:23<01:03,  1.04s/it][A

eval:  25%|██▌       | 20/80 [00:24<01:01,  1.02s/it][A

eval:  26%|██▋       | 21/80 [00:25<00:58,  1.00it/s][A

eval:  28%|██▊       | 22/80 [00:27<01:00,  1.04s/it][A

eval:  29%|██▉       | 23/80 [00:27<00:57,  1.01s/it][A

eval:  30%|███       | 24/80 [00:29<01:11,  1.27s/it][A

eval:  31%|███▏      | 25/80 [00:30<01:00,  1.10s/it][A

eval:  32%|███▎      | 26/80 [00:31<00:52,  1.02it/s][A

eval:  34%|███▍      | 27/80 [00:33<01:07,  1.27s/it][A

eval:  35%|███▌      | 28/80 [00:34<00:59,  1.15s/it][A

eval:  36%|███▋      | 29/80 [00:35<01:00,  1.19s/it][A

eval:  38%|███▊      | 30/80 [00:36<01:00,  1.21s/it][A

eval:  39%|███▉      | 31/80 [00:37<00:53,  1.08s/it][A

eval:  40%|████      | 32/80 [00:39<01:07,  1.41s/it][A

eval:  41%|████▏     | 33/80 [00:40<00:57,  1.23s/it][A

eval:  42%|████▎     | 34/80 [00:42<01:11,  1.56s/it][A

eval:  44%|████▍     | 35/80 [00:43<00:59,  1.33s/it][A

eval:  45%|████▌     | 36/80 [00:45<01:11,  1.61s/it][A

eval:  46%|████▋     | 37/80 [00:47<01:07,  1.57s/it][A

eval:  48%|████▊     | 38/80 [00:48<00:58,  1.39s/it][A

eval:  49%|████▉     | 39/80 [00:49<00:49,  1.21s/it][A

eval:  50%|█████     | 40/80 [00:50<00:49,  1.24s/it][A

eval:  51%|█████▏    | 41/80 [00:51<00:47,  1.21s/it][A

eval:  52%|█████▎    | 42/80 [00:52<00:42,  1.11s/it][A

eval:  54%|█████▍    | 43/80 [00:53<00:40,  1.08s/it][A

eval:  55%|█████▌    | 44/80 [00:54<00:35,  1.00it/s][A

eval:  56%|█████▋    | 45/80 [00:55<00:35,  1.00s/it][A

eval:  57%|█████▊    | 46/80 [00:55<00:31,  1.08it/s][A

eval:  59%|█████▉    | 47/80 [00:56<00:31,  1.06it/s][A

eval:  60%|██████    | 48/80 [00:58<00:33,  1.05s/it][A

eval:  61%|██████▏   | 49/80 [00:59<00:30,  1.02it/s][A

eval:  62%|██████▎   | 50/80 [01:00<00:30,  1.02s/it][A

eval:  64%|██████▍   | 51/80 [01:01<00:32,  1.12s/it][A

eval:  65%|██████▌   | 52/80 [01:02<00:29,  1.06s/it][A

eval:  66%|██████▋   | 53/80 [01:03<00:29,  1.10s/it][A

eval:  68%|██████▊   | 54/80 [01:04<00:30,  1.16s/it][A

eval:  69%|██████▉   | 55/80 [01:06<00:30,  1.22s/it][A

eval:  70%|███████   | 56/80 [01:07<00:30,  1.27s/it][A

eval:  71%|███████▏  | 57/80 [01:08<00:26,  1.15s/it][A

eval:  72%|███████▎  | 58/80 [01:10<00:30,  1.40s/it][A

eval:  74%|███████▍  | 59/80 [01:11<00:25,  1.21s/it][A

eval:  75%|███████▌  | 60/80 [01:13<00:28,  1.44s/it][A

eval:  76%|███████▋  | 61/80 [01:13<00:23,  1.24s/it][A

eval:  78%|███████▊  | 62/80 [01:15<00:23,  1.29s/it][A

eval:  79%|███████▉  | 63/80 [01:16<00:23,  1.37s/it][A

eval:  80%|████████  | 64/80 [01:18<00:21,  1.36s/it][A

eval:  81%|████████▏ | 65/80 [01:19<00:20,  1.38s/it][A

eval:  82%|████████▎ | 66/80 [01:20<00:16,  1.20s/it][A

eval:  84%|████████▍ | 67/80 [01:21<00:16,  1.27s/it][A

eval:  85%|████████▌ | 68/80 [01:22<00:13,  1.15s/it][A

eval:  86%|████████▋ | 69/80 [01:24<00:13,  1.25s/it][A

eval:  88%|████████▊ | 70/80 [01:25<00:11,  1.12s/it][A

eval:  89%|████████▉ | 71/80 [01:26<00:09,  1.10s/it][A

eval:  90%|█████████ | 72/80 [01:27<00:09,  1.19s/it][A

eval:  91%|█████████▏| 73/80 [01:28<00:07,  1.07s/it][A

eval:  92%|█████████▎| 74/80 [01:29<00:06,  1.12s/it][A

eval:  94%|█████████▍| 75/80 [01:31<00:06,  1.25s/it][A

eval:  95%|█████████▌| 76/80 [01:33<00:06,  1.52s/it][A

eval:  96%|█████████▋| 77/80 [01:34<00:03,  1.30s/it][A

eval:  98%|█████████▊| 78/80 [01:35<00:02,  1.33s/it][A

eval:  99%|█████████▉| 79/80 [01:36<00:01,  1.36s/it][A

eval: 100%|██████████| 80/80 [01:38<00:00,  1.38s/it][A

                                                     [A2026-05-12 04:33:17 | INFO | __main__ | eval.py:43 | [EVAL_SAMPLE] idx=0 pred=false gold=barely-true output=Label: B explain=Hartzler said, "We have less Americans working now than in the ‘70s." The statistics Hartzler’s staff said she cited show the employment-population ratio and labor force participation rate was indeed higher in 1979 than in 2015. However,... prompt=<|im_start|>system
You are a careful fact-checking assistant for LIAR-RAW claims. Classify claims using only the claim and retrieved evidence supplied by the user.<|im_end|>
<|im_start|>user
Classify the claim into exactly one LIAR-RAW l...
2026-05-12 04:33:17 | INFO | __main__ | eval.py:43 | [EVAL_SAMPLE] idx=0 pred=false gold=barely-true output=Label: B explain=Hartzler said, "We have less Americans working now than in the ‘70s." The statistics Hartzler’s staff said she cited show the employment-population ratio and labor force participation rate was indeed higher in 1979 than in 2015. However,... prompt=<|im_start|>system
You are a careful fact-checking assistant for LIAR-RAW claims. Classify claims using only the claim and retrieved evidence supplied by the user.<|im_end|>
<|im_start|>user
Classify the claim into exactly one LIAR-RAW l...
2026-05-12 04:33:17 | INFO | __main__ | eval.py:43 | [EVAL_SAMPLE] idx=1 pred=false gold=pants-fire output=Label: B explain=Ellison used a Koran that once belonged to Thomas Jefferson, borrowing the rare book from the Library of Congress. It goes without saying that Ellison is not Obama. UPDATE: Barack Obama resigned from Trinity United Church of Christ on Ma... prompt=<|im_start|>system
You are a careful fact-checking assistant for LIAR-RAW claims. Classify claims using only the claim and retrieved evidence supplied by the user.<|im_end|>
<|im_start|>user
Classify the claim into exactly one LIAR-RAW l...
2026-05-12 04:33:17 | INFO | __main__ | eval.py:43 | [EVAL_SAMPLE] idx=1 pred=false gold=pants-fire output=Label: B explain=Ellison used a Koran that once belonged to Thomas Jefferson, borrowing the rare book from the Library of Congress. It goes without saying that Ellison is not Obama. UPDATE: Barack Obama resigned from Trinity United Church of Christ on Ma... prompt=<|im_start|>system
You are a careful fact-checking assistant for LIAR-RAW claims. Classify claims using only the claim and retrieved evidence supplied by the user.<|im_end|>
<|im_start|>user
Classify the claim into exactly one LIAR-RAW l...
2026-05-12 04:33:17 | INFO | __main__ | eval.py:43 | [EVAL_SAMPLE] idx=2 pred=barely-true gold=false output=Label: C explain=However, we have two professors who say the law is silent on political activity -- even if one of them sees an implicit prohibition -- and a plain reading of the law that states no explicit ban. Blumenauer said that "the statute a hundre... prompt=<|im_start|>system
You are a careful fact-checking assistant for LIAR-RAW claims. Classify claims using only the claim and retrieved evidence supplied by the user.<|im_end|>
<|im_start|>user
Classify the claim into exactly one LIAR-RAW l...
2026-05-12 04:33:17 | INFO | __main__ | trainer.py:566 | [eval] step=400 accuracy=0.2742 macro_precision=0.2931 macro_recall=0.2845 macro_f1=0.2678 parse_error_rate=0.0000
2026-05-12 04:33:17 | INFO | __main__ | trainer.py:566 | [eval] per_class:
2026-05-12 04:33:17 | INFO | __main__ | trainer.py:566 |   - barely-true: P=0.2373 R=0.3755 F1=0.2908
2026-05-12 04:33:17 | INFO | __main__ | trainer.py:566 |   - false: P=0.2924 R=0.3831 F1=0.3317
2026-05-12 04:33:17 | INFO | __main__ | trainer.py:566 |   - half-true: P=0.2482 R=0.1382 F1=0.1775
2026-05-12 04:33:17 | INFO | __main__ | trainer.py:566 |   - mostly-true: P=0.4342 R=0.1315 F1=0.2018
2026-05-12 04:33:17 | INFO | __main__ | trainer.py:566 |   - pants-fire: P=0.2867 R=0.3707 F1=0.3233
2026-05-12 04:33:17 | INFO | __main__ | trainer.py:566 |   - true: P=0.2600 R=0.3077 F1=0.2818
2026-05-12 04:33:22 | WARNING | sft.data.io | io.py:87 | [WARN] saved adapter has no LoRA tensors; rebuilding adapter weights from model state.
2026-05-12 04:33:22 | WARNING | sft.data.io | io.py:100 | [WARN] Rewrote /data/liaozijie/fact-checking/outputs/runs/mmr_lambda_sweep/build.retrieval.mmr_lambda-0.6__0545e6f3/train/checkpoint-400/adapter_model.safetensors with 392 LoRA tensors collected from the in-memory model.

 64%|██████▎   | 401/630 [1:11:11<2:29:14, 39.10s/it]
 64%|██████▍   | 402/630 [1:11:19<1:52:39, 29.65s/it]
 64%|██████▍   | 403/630 [1:11:27<1:28:29, 23.39s/it]
 64%|██████▍   | 404/630 [1:11:37<1:12:21, 19.21s/it]
 64%|██████▍   | 405/630 [1:11:46<1:00:46, 16.21s/it]
 64%|██████▍   | 406/630 [1:11:54<51:03, 13.68s/it]  
 65%|██████▍   | 407/630 [1:12:02<45:10, 12.15s/it]
 65%|██████▍   | 408/630 [1:12:10<39:30, 10.68s/it]
 65%|██████▍   | 409/630 [1:12:18<36:35,  9.93s/it]
 65%|██████▌   | 410/630 [1:12:27<36:00,  9.82s/it]
 65%|██████▌   | 411/630 [1:12:37<35:30,  9.73s/it]
 65%|██████▌   | 412/630 [1:12:45<33:33,  9.24s/it]
 66%|██████▌   | 413/630 [1:12:53<31:38,  8.75s/it]
 66%|██████▌   | 414/630 [1:12:59<28:50,  8.01s/it]
 66%|██████▌   | 415/630 [1:13:05<26:26,  7.38s/it]
 66%|██████▌   | 416/630 [1:13:18<32:25,  9.09s/it]
 66%|██████▌   | 417/630 [1:13:27<32:03,  9.03s/it]
 66%|██████▋   | 418/630 [1:13:35<31:03,  8.79s/it]
 67%|██████▋   | 419/630 [1:13:43<30:25,  8.65s/it]
 67%|██████▋   | 420/630 [1:13:51<29:31,  8.44s/it]
 67%|██████▋   | 421/630 [1:13:58<27:12,  7.81s/it]
 67%|██████▋   | 422/630 [1:14:09<30:49,  8.89s/it]
 67%|██████▋   | 423/630 [1:14:19<31:41,  9.19s/it]
 67%|██████▋   | 424/630 [1:14:29<32:23,  9.44s/it]
 67%|██████▋   | 425/630 [1:14:36<29:39,  8.68s/it]
 68%|██████▊   | 426/630 [1:14:44<28:34,  8.40s/it]
 68%|██████▊   | 427/630 [1:14:50<26:08,  7.73s/it]
 68%|██████▊   | 428/630 [1:15:00<28:11,  8.38s/it]
 68%|██████▊   | 429/630 [1:15:10<29:53,  8.92s/it]
 68%|██████▊   | 430/630 [1:15:19<30:02,  9.01s/it]
 68%|██████▊   | 431/630 [1:15:28<29:35,  8.92s/it]
 69%|██████▊   | 432/630 [1:15:35<27:28,  8.33s/it]
 69%|██████▊   | 433/630 [1:15:42<26:47,  8.16s/it]
 69%|██████▉   | 434/630 [1:15:54<29:38,  9.07s/it]
 69%|██████▉   | 435/630 [1:16:06<32:41, 10.06s/it]
 69%|██████▉   | 436/630 [1:16:17<33:10, 10.26s/it]
 69%|██████▉   | 437/630 [1:16:26<31:59,  9.94s/it]
 70%|██████▉   | 438/630 [1:16:33<29:26,  9.20s/it]
 70%|██████▉   | 439/630 [1:16:40<26:47,  8.42s/it]
 70%|██████▉   | 440/630 [1:16:46<24:22,  7.70s/it]
 70%|███████   | 441/630 [1:16:57<27:21,  8.69s/it]
 70%|███████   | 442/630 [1:17:07<28:18,  9.03s/it]
 70%|███████   | 443/630 [1:17:15<27:36,  8.86s/it]
 70%|███████   | 444/630 [1:17:23<26:29,  8.55s/it]
 71%|███████   | 445/630 [1:17:30<25:16,  8.20s/it]
 71%|███████   | 446/630 [1:17:37<23:24,  7.64s/it]
 71%|███████   | 447/630 [1:17:49<27:03,  8.87s/it]
 71%|███████   | 448/630 [1:17:59<27:59,  9.23s/it]
 71%|███████▏  | 449/630 [1:18:06<26:37,  8.83s/it]
 71%|███████▏  | 450/630 [1:18:15<26:10,  8.73s/it]

eval:   0%|          | 0/80 [00:00<?, ?it/s][A

eval:   1%|▏         | 1/80 [00:00<01:08,  1.15it/s][A

eval:   2%|▎         | 2/80 [00:02<01:59,  1.53s/it][A

eval:   4%|▍         | 3/80 [00:03<01:32,  1.20s/it][A

eval:   5%|▌         | 4/80 [00:06<02:05,  1.65s/it][A

eval:   6%|▋         | 5/80 [00:06<01:40,  1.33s/it][A

eval:   8%|▊         | 6/80 [00:08<01:52,  1.52s/it][A

eval:   9%|▉         | 7/80 [00:09<01:35,  1.30s/it][A

eval:  10%|█         | 8/80 [00:11<01:55,  1.60s/it][A

eval:  11%|█▏        | 9/80 [00:12<01:33,  1.32s/it][A

eval:  12%|█▎        | 10/80 [00:13<01:23,  1.19s/it][A

eval:  14%|█▍        | 11/80 [00:14<01:29,  1.29s/it][A

eval:  15%|█▌        | 12/80 [00:15<01:20,  1.18s/it][A

eval:  16%|█▋        | 13/80 [00:16<01:11,  1.06s/it][A

eval:  18%|█▊        | 14/80 [00:17<01:07,  1.03s/it][A

eval:  19%|█▉        | 15/80 [00:18<01:10,  1.08s/it][A

eval:  20%|██        | 16/80 [00:19<01:01,  1.04it/s][A

eval:  21%|██▏       | 17/80 [00:20<01:05,  1.05s/it][A

eval:  22%|██▎       | 18/80 [00:21<01:05,  1.05s/it][A

eval:  24%|██▍       | 19/80 [00:22<00:59,  1.03it/s][A

eval:  25%|██▌       | 20/80 [00:23<01:03,  1.07s/it][A

eval:  26%|██▋       | 21/80 [00:25<01:06,  1.12s/it][A

eval:  28%|██▊       | 22/80 [00:25<00:59,  1.03s/it][A

eval:  29%|██▉       | 23/80 [00:27<01:13,  1.29s/it][A

eval:  30%|███       | 24/80 [00:28<01:06,  1.20s/it][A

eval:  31%|███▏      | 25/80 [00:29<01:04,  1.18s/it][A

eval:  32%|███▎      | 26/80 [00:31<01:05,  1.21s/it][A

eval:  34%|███▍      | 27/80 [00:32<01:11,  1.35s/it][A

eval:  35%|███▌      | 28/80 [00:34<01:11,  1.38s/it][A

eval:  36%|███▋      | 29/80 [00:35<01:11,  1.39s/it][A

eval:  38%|███▊      | 30/80 [00:37<01:10,  1.41s/it][A

eval:  39%|███▉      | 31/80 [00:37<00:59,  1.22s/it][A

eval:  40%|████      | 32/80 [00:39<01:04,  1.35s/it][A

eval:  41%|████▏     | 33/80 [00:40<00:55,  1.18s/it][A

eval:  42%|████▎     | 34/80 [00:42<01:01,  1.34s/it][A

eval:  44%|████▍     | 35/80 [00:42<00:53,  1.18s/it][A

eval:  45%|████▌     | 36/80 [00:44<00:59,  1.36s/it][A

eval:  46%|████▋     | 37/80 [00:45<00:51,  1.21s/it][A

eval:  48%|████▊     | 38/80 [00:46<00:49,  1.19s/it][A

eval:  49%|████▉     | 39/80 [00:47<00:43,  1.07s/it][A

eval:  50%|█████     | 40/80 [00:48<00:38,  1.05it/s][A

eval:  51%|█████▏    | 41/80 [00:49<00:44,  1.15s/it][A

eval:  52%|█████▎    | 42/80 [00:50<00:39,  1.05s/it][A

eval:  54%|█████▍    | 43/80 [00:51<00:39,  1.08s/it][A

eval:  55%|█████▌    | 44/80 [00:53<00:41,  1.15s/it][A

eval:  56%|█████▋    | 45/80 [00:53<00:36,  1.04s/it][A

eval:  57%|█████▊    | 46/80 [00:54<00:36,  1.07s/it][A

eval:  59%|█████▉    | 47/80 [00:56<00:37,  1.15s/it][A

eval:  60%|██████    | 48/80 [00:57<00:39,  1.24s/it][A

eval:  61%|██████▏   | 49/80 [00:59<00:40,  1.30s/it][A

eval:  62%|██████▎   | 50/80 [00:59<00:34,  1.14s/it][A

eval:  64%|██████▍   | 51/80 [01:01<00:35,  1.24s/it][A

eval:  65%|██████▌   | 52/80 [01:02<00:32,  1.14s/it][A

eval:  66%|██████▋   | 53/80 [01:03<00:32,  1.20s/it][A

eval:  68%|██████▊   | 54/80 [01:04<00:28,  1.08s/it][A

eval:  69%|██████▉   | 55/80 [01:05<00:26,  1.05s/it][A

eval:  70%|███████   | 56/80 [01:06<00:28,  1.17s/it][A

eval:  71%|███████▏  | 57/80 [01:07<00:24,  1.07s/it][A

eval:  72%|███████▎  | 58/80 [01:08<00:23,  1.05s/it][A

eval:  74%|███████▍  | 59/80 [01:10<00:25,  1.20s/it][A

eval:  75%|███████▌  | 60/80 [01:11<00:23,  1.20s/it][A

eval:  76%|███████▋  | 61/80 [01:12<00:20,  1.06s/it][A

eval:  78%|███████▊  | 62/80 [01:13<00:17,  1.00it/s][A

eval:  79%|███████▉  | 63/80 [01:14<00:19,  1.13s/it][A

eval:  80%|████████  | 64/80 [01:15<00:15,  1.00it/s][A

eval:  81%|████████▏ | 65/80 [01:15<00:13,  1.08it/s][A

eval:  82%|████████▎ | 66/80 [01:17<00:15,  1.12s/it][A

eval:  84%|████████▍ | 67/80 [01:18<00:13,  1.03s/it][A

eval:  85%|████████▌ | 68/80 [01:19<00:13,  1.10s/it][A

eval:  86%|████████▋ | 69/80 [01:21<00:13,  1.21s/it][A

eval:  88%|████████▊ | 70/80 [01:21<00:10,  1.09s/it][A

eval:  89%|████████▉ | 71/80 [01:23<00:12,  1.34s/it][A

eval:  90%|█████████ | 72/80 [01:24<00:09,  1.18s/it][A

eval:  91%|█████████▏| 73/80 [01:26<00:10,  1.44s/it][A

eval:  92%|█████████▎| 74/80 [01:27<00:07,  1.24s/it][A

eval:  94%|█████████▍| 75/80 [01:29<00:07,  1.51s/it][A

eval:  95%|█████████▌| 76/80 [01:30<00:05,  1.35s/it][A

eval:  96%|█████████▋| 77/80 [01:31<00:03,  1.18s/it][A

eval:  98%|█████████▊| 78/80 [01:32<00:02,  1.06s/it][A

eval:  99%|█████████▉| 79/80 [01:32<00:00,  1.03it/s][A

eval: 100%|██████████| 80/80 [01:33<00:00,  1.08it/s][A

                                                     [A2026-05-12 04:42:07 | INFO | __main__ | eval.py:43 | [EVAL_SAMPLE] idx=0 pred=false gold=barely-true output=Label: B explain=Hartzler said, "We have less Americans working now than in the ‘70s." The statistics Hartzler’s staff said she cited show the employment-population ratio and labor force participation rate was indeed higher in 1979 than in 2015. However,... prompt=<|im_start|>system
You are a careful fact-checking assistant for LIAR-RAW claims. Classify claims using only the claim and retrieved evidence supplied by the user.<|im_end|>
<|im_start|>user
Classify the claim into exactly one LIAR-RAW l...
2026-05-12 04:42:07 | INFO | __main__ | eval.py:43 | [EVAL_SAMPLE] idx=0 pred=false gold=barely-true output=Label: B explain=Hartzler said, "We have less Americans working now than in the ‘70s." The statistics Hartzler’s staff said she cited show the employment-population ratio and labor force participation rate was indeed higher in 1979 than in 2015. However,... prompt=<|im_start|>system
You are a careful fact-checking assistant for LIAR-RAW claims. Classify claims using only the claim and retrieved evidence supplied by the user.<|im_end|>
<|im_start|>user
Classify the claim into exactly one LIAR-RAW l...
2026-05-12 04:42:07 | INFO | __main__ | eval.py:43 | [EVAL_SAMPLE] idx=1 pred=false gold=pants-fire output=Label: B explain=Ellison used a Koran that once belonged to Thomas Jefferson, borrowing the rare book from the Library of Congress. It goes without saying that Ellison is not Obama. UPDATE: Barack Obama resigned from Trinity United Church of Christ on Ma... prompt=<|im_start|>system
You are a careful fact-checking assistant for LIAR-RAW claims. Classify claims using only the claim and retrieved evidence supplied by the user.<|im_end|>
<|im_start|>user
Classify the claim into exactly one LIAR-RAW l...
2026-05-12 04:42:07 | INFO | __main__ | eval.py:43 | [EVAL_SAMPLE] idx=1 pred=false gold=pants-fire output=Label: B explain=Ellison used a Koran that once belonged to Thomas Jefferson, borrowing the rare book from the Library of Congress. It goes without saying that Ellison is not Obama. UPDATE: Barack Obama resigned from Trinity United Church of Christ on Ma... prompt=<|im_start|>system
You are a careful fact-checking assistant for LIAR-RAW claims. Classify claims using only the claim and retrieved evidence supplied by the user.<|im_end|>
<|im_start|>user
Classify the claim into exactly one LIAR-RAW l...
2026-05-12 04:42:07 | INFO | __main__ | eval.py:43 | [EVAL_SAMPLE] idx=2 pred=barely-true gold=false output=Label: C explain=However, we have two professors who say the law is silent on political activity -- even if one of them sees an implicit prohibition -- and a plain reading of the law that states no explicit ban. Blumenauer said that "the statute a hundre... prompt=<|im_start|>system
You are a careful fact-checking assistant for LIAR-RAW claims. Classify claims using only the claim and retrieved evidence supplied by the user.<|im_end|>
<|im_start|>user
Classify the claim into exactly one LIAR-RAW l...
2026-05-12 04:42:07 | INFO | __main__ | trainer.py:566 | [eval] step=450 accuracy=0.2734 macro_precision=0.2842 macro_recall=0.2953 macro_f1=0.2709 parse_error_rate=0.0000
2026-05-12 04:42:07 | INFO | __main__ | trainer.py:566 | [eval] per_class:
2026-05-12 04:42:07 | INFO | __main__ | trainer.py:566 |   - barely-true: P=0.2430 R=0.4388 F1=0.3128
2026-05-12 04:42:07 | INFO | __main__ | trainer.py:566 |   - false: P=0.2634 R=0.1877 F1=0.2192
2026-05-12 04:42:07 | INFO | __main__ | trainer.py:566 |   - half-true: P=0.2857 R=0.1545 F1=0.2005
2026-05-12 04:42:07 | INFO | __main__ | trainer.py:566 |   - mostly-true: P=0.3473 R=0.2311 F1=0.2775
2026-05-12 04:42:07 | INFO | __main__ | trainer.py:566 |   - pants-fire: P=0.2575 R=0.5172 F1=0.3438
2026-05-12 04:42:07 | INFO | __main__ | trainer.py:566 |   - true: P=0.3083 R=0.2426 F1=0.2715
2026-05-12 04:42:13 | WARNING | sft.data.io | io.py:87 | [WARN] saved adapter has no LoRA tensors; rebuilding adapter weights from model state.
2026-05-12 04:42:13 | WARNING | sft.data.io | io.py:100 | [WARN] Rewrote /data/liaozijie/fact-checking/outputs/runs/mmr_lambda_sweep/build.retrieval.mmr_lambda-0.6__0545e6f3/train/checkpoint-450/adapter_model.safetensors with 392 LoRA tensors collected from the in-memory model.

 72%|███████▏  | 451/630 [1:20:01<1:53:06, 37.92s/it]
 72%|███████▏  | 452/630 [1:20:08<1:24:31, 28.49s/it]
 72%|███████▏  | 453/630 [1:20:16<1:06:30, 22.55s/it]
 72%|███████▏  | 454/630 [1:20:27<55:31, 18.93s/it]  
 72%|███████▏  | 455/630 [1:20:35<45:40, 15.66s/it]
 72%|███████▏  | 456/630 [1:20:44<39:34, 13.65s/it]
 73%|███████▎  | 457/630 [1:20:51<33:33, 11.64s/it]
 73%|███████▎  | 458/630 [1:20:58<29:49, 10.40s/it]
 73%|███████▎  | 459/630 [1:21:10<30:57, 10.86s/it]
 73%|███████▎  | 460/630 [1:21:22<31:33, 11.14s/it]
 73%|███████▎  | 461/630 [1:21:31<29:27, 10.46s/it]
 73%|███████▎  | 462/630 [1:21:39<27:16,  9.74s/it]
 73%|███████▎  | 463/630 [1:21:47<25:40,  9.23s/it]
 74%|███████▎  | 464/630 [1:21:54<23:30,  8.50s/it]
 74%|███████▍  | 465/630 [1:22:00<21:37,  7.86s/it]
 74%|███████▍  | 466/630 [1:22:12<24:52,  9.10s/it]
 74%|███████▍  | 467/630 [1:22:21<24:29,  9.02s/it]
 74%|███████▍  | 468/630 [1:22:30<24:09,  8.95s/it]
 74%|███████▍  | 469/630 [1:22:39<24:16,  9.05s/it]
 75%|███████▍  | 470/630 [1:22:47<23:06,  8.67s/it]
 75%|███████▍  | 471/630 [1:22:53<20:51,  7.87s/it]
 75%|███████▍  | 472/630 [1:23:05<24:39,  9.37s/it]
 75%|███████▌  | 473/630 [1:23:16<25:10,  9.62s/it]
 75%|███████▌  | 474/630 [1:23:24<23:53,  9.19s/it]
 75%|███████▌  | 475/630 [1:23:32<22:49,  8.84s/it]
 76%|███████▌  | 476/630 [1:23:41<22:36,  8.81s/it]
 76%|███████▌  | 477/630 [1:23:48<21:09,  8.29s/it]
 76%|███████▌  | 478/630 [1:23:58<22:12,  8.77s/it]
 76%|███████▌  | 479/630 [1:24:08<23:30,  9.34s/it]
 76%|███████▌  | 480/630 [1:24:17<22:48,  9.13s/it]
 76%|███████▋  | 481/630 [1:24:25<21:45,  8.76s/it]
 77%|███████▋  | 482/630 [1:24:33<21:07,  8.56s/it]
 77%|███████▋  | 483/630 [1:24:40<19:48,  8.09s/it]
 77%|███████▋  | 484/630 [1:24:50<20:54,  8.59s/it]
 77%|███████▋  | 485/630 [1:25:02<23:16,  9.63s/it]
 77%|███████▋  | 486/630 [1:25:12<23:19,  9.72s/it]
 77%|███████▋  | 487/630 [1:25:22<23:19,  9.79s/it]
 77%|███████▋  | 488/630 [1:25:29<21:10,  8.95s/it]
 78%|███████▊  | 489/630 [1:25:36<20:15,  8.62s/it]
 78%|███████▊  | 490/630 [1:25:43<18:28,  7.92s/it]
 78%|███████▊  | 491/630 [1:25:57<22:46,  9.83s/it]
 78%|███████▊  | 492/630 [1:26:06<21:52,  9.51s/it]
 78%|███████▊  | 493/630 [1:26:15<21:28,  9.40s/it]
 78%|███████▊  | 494/630 [1:26:23<20:07,  8.88s/it]
 79%|███████▊  | 495/630 [1:26:30<18:56,  8.42s/it]
 79%|███████▊  | 496/630 [1:26:37<17:37,  7.89s/it]
 79%|███████▉  | 497/630 [1:26:51<21:37,  9.76s/it]
 79%|███████▉  | 498/630 [1:27:00<20:58,  9.54s/it]
 79%|███████▉  | 499/630 [1:27:08<19:41,  9.02s/it]
 79%|███████▉  | 500/630 [1:27:16<19:16,  8.89s/it]

eval:   0%|          | 0/80 [00:00<?, ?it/s][A

eval:   1%|▏         | 1/80 [00:01<01:50,  1.40s/it][A

eval:   2%|▎         | 2/80 [00:02<01:15,  1.03it/s][A

eval:   4%|▍         | 3/80 [00:02<01:09,  1.11it/s][A

eval:   5%|▌         | 4/80 [00:04<01:25,  1.13s/it][A

eval:   6%|▋         | 5/80 [00:05<01:15,  1.00s/it][A

eval:   8%|▊         | 6/80 [00:05<01:05,  1.12it/s][A

eval:   9%|▉         | 7/80 [00:06<01:07,  1.09it/s][A

eval:  10%|█         | 8/80 [00:08<01:19,  1.10s/it][A

eval:  11%|█▏        | 9/80 [00:09<01:15,  1.06s/it][A

eval:  12%|█▎        | 10/80 [00:10<01:23,  1.20s/it][A

eval:  14%|█▍        | 11/80 [00:12<01:32,  1.34s/it][A

eval:  15%|█▌        | 12/80 [00:14<01:36,  1.41s/it][A

eval:  16%|█▋        | 13/80 [00:14<01:22,  1.23s/it][A

eval:  18%|█▊        | 14/80 [00:16<01:36,  1.46s/it][A

eval:  19%|█▉        | 15/80 [00:17<01:25,  1.31s/it][A

eval:  20%|██        | 16/80 [00:19<01:22,  1.29s/it][A

eval:  21%|██▏       | 17/80 [00:19<01:14,  1.18s/it][A

eval:  22%|██▎       | 18/80 [00:20<01:05,  1.05s/it][A

eval:  24%|██▍       | 19/80 [00:21<01:08,  1.13s/it][A

eval:  25%|██▌       | 20/80 [00:22<01:05,  1.09s/it][A

eval:  26%|██▋       | 21/80 [00:23<00:59,  1.00s/it][A

eval:  28%|██▊       | 22/80 [00:25<01:03,  1.10s/it][A

eval:  29%|██▉       | 23/80 [00:26<01:04,  1.12s/it][A

eval:  30%|███       | 24/80 [00:27<01:09,  1.25s/it][A

eval:  31%|███▏      | 25/80 [00:28<00:59,  1.08s/it][A

eval:  32%|███▎      | 26/80 [00:29<00:57,  1.07s/it][A

eval:  34%|███▍      | 27/80 [00:31<01:08,  1.28s/it][A

eval:  35%|███▌      | 28/80 [00:32<01:06,  1.28s/it][A

eval:  36%|███▋      | 29/80 [00:34<01:07,  1.31s/it][A

eval:  38%|███▊      | 30/80 [00:34<00:57,  1.15s/it][A

eval:  39%|███▉      | 31/80 [00:36<01:08,  1.39s/it][A

eval:  40%|████      | 32/80 [00:37<01:00,  1.27s/it][A

eval:  41%|████▏     | 33/80 [00:39<01:00,  1.28s/it][A

eval:  42%|████▎     | 34/80 [00:40<00:57,  1.24s/it][A

eval:  44%|████▍     | 35/80 [00:41<00:58,  1.29s/it][A

eval:  45%|████▌     | 36/80 [00:42<00:51,  1.18s/it][A

eval:  46%|████▋     | 37/80 [00:43<00:50,  1.16s/it][A

eval:  48%|████▊     | 38/80 [00:45<00:52,  1.26s/it][A

eval:  49%|████▉     | 39/80 [00:46<00:51,  1.25s/it][A

eval:  50%|█████     | 40/80 [00:47<00:45,  1.13s/it][A

eval:  51%|█████▏    | 41/80 [00:48<00:43,  1.13s/it][A

eval:  52%|█████▎    | 42/80 [00:49<00:45,  1.21s/it][A

eval:  54%|█████▍    | 43/80 [00:50<00:42,  1.15s/it][A

eval:  55%|█████▌    | 44/80 [00:51<00:39,  1.10s/it][A

eval:  56%|█████▋    | 45/80 [00:53<00:41,  1.17s/it][A

eval:  57%|█████▊    | 46/80 [00:53<00:35,  1.05s/it][A

eval:  59%|█████▉    | 47/80 [00:55<00:42,  1.28s/it][A

eval:  60%|██████    | 48/80 [00:56<00:38,  1.19s/it][A

eval:  61%|██████▏   | 49/80 [00:58<00:43,  1.40s/it][A

eval:  62%|██████▎   | 50/80 [00:59<00:36,  1.21s/it][A

eval:  64%|██████▍   | 51/80 [01:00<00:37,  1.29s/it][A

eval:  65%|██████▌   | 52/80 [01:02<00:37,  1.35s/it][A

eval:  66%|██████▋   | 53/80 [01:03<00:37,  1.38s/it][A

eval:  68%|██████▊   | 54/80 [01:05<00:35,  1.37s/it][A

eval:  69%|██████▉   | 55/80 [01:06<00:35,  1.40s/it][A

eval:  70%|███████   | 56/80 [01:07<00:33,  1.41s/it][A

eval:  71%|███████▏  | 57/80 [01:08<00:28,  1.25s/it][A

eval:  72%|███████▎  | 58/80 [01:10<00:32,  1.49s/it][A

eval:  74%|███████▍  | 59/80 [01:11<00:26,  1.27s/it][A

eval:  75%|███████▌  | 60/80 [01:12<00:22,  1.12s/it][A

eval:  76%|███████▋  | 61/80 [01:13<00:19,  1.02s/it][A

eval:  78%|███████▊  | 62/80 [01:14<00:17,  1.01it/s][A

eval:  79%|███████▉  | 63/80 [01:15<00:16,  1.02it/s][A

eval:  80%|████████  | 64/80 [01:15<00:14,  1.13it/s][A

eval:  81%|████████▏ | 65/80 [01:16<00:13,  1.11it/s][A

eval:  82%|████████▎ | 66/80 [01:17<00:13,  1.04it/s][A

eval:  84%|████████▍ | 67/80 [01:18<00:11,  1.10it/s][A

eval:  85%|████████▌ | 68/80 [01:19<00:11,  1.01it/s][A

eval:  86%|████████▋ | 69/80 [01:20<00:11,  1.07s/it][A

eval:  88%|████████▊ | 70/80 [01:21<00:09,  1.01it/s][A

eval:  89%|████████▉ | 71/80 [01:23<00:11,  1.22s/it][A

eval:  90%|█████████ | 72/80 [01:24<00:08,  1.10s/it][A

eval:  91%|█████████▏| 73/80 [01:25<00:08,  1.16s/it][A

eval:  92%|█████████▎| 74/80 [01:27<00:07,  1.21s/it][A

eval:  94%|█████████▍| 75/80 [01:28<00:06,  1.28s/it][A

eval:  95%|█████████▌| 76/80 [01:29<00:05,  1.36s/it][A

eval:  96%|█████████▋| 77/80 [01:30<00:03,  1.19s/it][A

eval:  98%|█████████▊| 78/80 [01:32<00:02,  1.40s/it][A

eval:  99%|█████████▉| 79/80 [01:33<00:01,  1.21s/it][A

eval: 100%|██████████| 80/80 [01:34<00:00,  1.26s/it][A

                                                     [A2026-05-12 04:51:09 | INFO | __main__ | eval.py:43 | [EVAL_SAMPLE] idx=0 pred=pants-fire gold=barely-true output=Label: A explain=Hartzler said, "We have less Americans working now than in the ‘70s." The statistics Hartzler’s staff said she cited show the employment-population ratio and labor force participation rate was indeed higher in 1979 than in 2015. However,... prompt=<|im_start|>system
You are a careful fact-checking assistant for LIAR-RAW claims. Classify claims using only the claim and retrieved evidence supplied by the user.<|im_end|>
<|im_start|>user
Classify the claim into exactly one LIAR-RAW l...
2026-05-12 04:51:09 | INFO | __main__ | eval.py:43 | [EVAL_SAMPLE] idx=0 pred=false gold=barely-true output=Label: B explain=Hartzler said, "We have less Americans working now than in the ‘70s." The statistics Hartzler’s staff said she cited show the employment-population ratio and labor force participation rate was indeed higher in 1979 than in 2015. However,... prompt=<|im_start|>system
You are a careful fact-checking assistant for LIAR-RAW claims. Classify claims using only the claim and retrieved evidence supplied by the user.<|im_end|>
<|im_start|>user
Classify the claim into exactly one LIAR-RAW l...
2026-05-12 04:51:09 | INFO | __main__ | eval.py:43 | [EVAL_SAMPLE] idx=1 pred=pants-fire gold=pants-fire output=Label: A explain=Ellison used a Koran that once belonged to Thomas Jefferson, borrowing the rare book from the Library of Congress. It goes without saying that Ellison is not Obama. UPDATE: Barack Obama resigned from Trinity United Church of Christ on Ma... prompt=<|im_start|>system
You are a careful fact-checking assistant for LIAR-RAW claims. Classify claims using only the claim and retrieved evidence supplied by the user.<|im_end|>
<|im_start|>user
Classify the claim into exactly one LIAR-RAW l...
2026-05-12 04:51:09 | INFO | __main__ | eval.py:43 | [EVAL_SAMPLE] idx=1 pred=pants-fire gold=pants-fire output=Label: A explain=Ellison used a Koran that once belonged to Thomas Jefferson, borrowing the rare book from the Library of Congress. It goes without saying that Ellison is not Obama. UPDATE: Barack Obama resigned from Trinity United Church of Christ on Ma... prompt=<|im_start|>system
You are a careful fact-checking assistant for LIAR-RAW claims. Classify claims using only the claim and retrieved evidence supplied by the user.<|im_end|>
<|im_start|>user
Classify the claim into exactly one LIAR-RAW l...
2026-05-12 04:51:09 | INFO | __main__ | eval.py:43 | [EVAL_SAMPLE] idx=2 pred=barely-true gold=false output=Label: C explain=However, we have two professors who say the law is silent on political activity -- even if one of them sees an implicit prohibition -- and a plain reading of the law that states no explicit ban. Blumenauer said that "the statute a hundre... prompt=<|im_start|>system
You are a careful fact-checking assistant for LIAR-RAW claims. Classify claims using only the claim and retrieved evidence supplied by the user.<|im_end|>
<|im_start|>user
Classify the claim into exactly one LIAR-RAW l...
2026-05-12 04:51:09 | INFO | __main__ | trainer.py:566 | [eval] step=500 accuracy=0.2602 macro_precision=0.3009 macro_recall=0.3062 macro_f1=0.2484 parse_error_rate=0.0000
2026-05-12 04:51:09 | INFO | __main__ | trainer.py:566 | [eval] per_class:
2026-05-12 04:51:09 | INFO | __main__ | trainer.py:566 |   - barely-true: P=0.2384 R=0.3249 F1=0.2750
2026-05-12 04:51:09 | INFO | __main__ | trainer.py:566 |   - false: P=0.2443 R=0.1648 F1=0.1968
2026-05-12 04:51:09 | INFO | __main__ | trainer.py:566 |   - half-true: P=0.4194 R=0.0528 F1=0.0939
2026-05-12 04:51:09 | INFO | __main__ | trainer.py:566 |   - mostly-true: P=0.4211 R=0.2550 F1=0.3176
2026-05-12 04:51:09 | INFO | __main__ | trainer.py:566 |   - pants-fire: P=0.2071 R=0.7500 F1=0.3246
2026-05-12 04:51:09 | INFO | __main__ | trainer.py:566 |   - true: P=0.2753 R=0.2899 F1=0.2824
2026-05-12 04:51:14 | WARNING | sft.data.io | io.py:87 | [WARN] saved adapter has no LoRA tensors; rebuilding adapter weights from model state.
2026-05-12 04:51:14 | WARNING | sft.data.io | io.py:100 | [WARN] Rewrote /data/liaozijie/fact-checking/outputs/runs/mmr_lambda_sweep/build.retrieval.mmr_lambda-0.6__0545e6f3/train/checkpoint-500/adapter_model.safetensors with 392 LoRA tensors collected from the in-memory model.

 80%|███████▉  | 501/630 [1:29:02<1:21:45, 38.03s/it]
 80%|███████▉  | 502/630 [1:29:09<1:01:00, 28.60s/it]
 80%|███████▉  | 503/630 [1:29:19<48:37, 22.97s/it]  
 80%|████████  | 504/630 [1:29:29<40:31, 19.30s/it]
 80%|████████  | 505/630 [1:29:38<33:27, 16.06s/it]
 80%|████████  | 506/630 [1:29:46<28:05, 13.59s/it]
 80%|████████  | 507/630 [1:29:53<24:13, 11.82s/it]
 81%|████████  | 508/630 [1:29:59<20:33, 10.11s/it]
 81%|████████  | 509/630 [1:30:08<19:18,  9.57s/it]
 81%|████████  | 510/630 [1:30:18<19:29,  9.74s/it]
 81%|████████  | 511/630 [1:30:27<19:04,  9.62s/it]
 81%|████████▏ | 512/630 [1:30:35<17:48,  9.06s/it]
 81%|████████▏ | 513/630 [1:30:43<16:54,  8.67s/it]
 82%|████████▏ | 514/630 [1:30:50<15:54,  8.23s/it]
 82%|████████▏ | 515/630 [1:30:56<14:48,  7.73s/it]
 82%|████████▏ | 516/630 [1:31:10<18:01,  9.49s/it]
 82%|████████▏ | 517/630 [1:31:20<18:00,  9.56s/it]
 82%|████████▏ | 518/630 [1:31:28<16:56,  9.07s/it]
 82%|████████▏ | 519/630 [1:31:36<16:34,  8.96s/it]
 83%|████████▎ | 520/630 [1:31:45<16:12,  8.84s/it]
 83%|████████▎ | 521/630 [1:31:51<14:18,  7.88s/it]
 83%|████████▎ | 522/630 [1:32:02<16:06,  8.95s/it]
 83%|████████▎ | 523/630 [1:32:11<16:10,  9.07s/it]
 83%|████████▎ | 524/630 [1:32:20<15:36,  8.84s/it]
 83%|████████▎ | 525/630 [1:32:28<15:05,  8.62s/it]
 83%|████████▎ | 526/630 [1:32:36<14:33,  8.40s/it]
 84%|████████▎ | 527/630 [1:32:42<13:03,  7.61s/it]
 84%|████████▍ | 528/630 [1:32:50<13:36,  8.00s/it]
 84%|████████▍ | 529/630 [1:33:01<14:33,  8.65s/it]
 84%|████████▍ | 530/630 [1:33:09<14:26,  8.66s/it]
 84%|████████▍ | 531/630 [1:33:18<14:24,  8.73s/it]
 84%|████████▍ | 532/630 [1:33:25<13:11,  8.08s/it]
 85%|████████▍ | 533/630 [1:33:32<12:32,  7.76s/it]
 85%|████████▍ | 534/630 [1:33:41<13:17,  8.31s/it]
 85%|████████▍ | 535/630 [1:33:52<14:13,  8.98s/it]
 85%|████████▌ | 536/630 [1:34:01<14:02,  8.97s/it]
 85%|████████▌ | 537/630 [1:34:09<13:22,  8.63s/it]
 85%|████████▌ | 538/630 [1:34:18<13:31,  8.82s/it]
 86%|████████▌ | 539/630 [1:34:25<12:47,  8.43s/it]
 86%|████████▌ | 540/630 [1:34:33<12:11,  8.12s/it]
 86%|████████▌ | 541/630 [1:34:45<13:37,  9.18s/it]
 86%|████████▌ | 542/630 [1:34:53<13:20,  9.09s/it]
 86%|████████▌ | 543/630 [1:35:02<13:06,  9.04s/it]
 86%|████████▋ | 544/630 [1:35:10<12:32,  8.75s/it]
 87%|████████▋ | 545/630 [1:35:17<11:24,  8.05s/it]
 87%|████████▋ | 546/630 [1:35:24<10:43,  7.65s/it]
 87%|████████▋ | 547/630 [1:35:37<12:55,  9.34s/it]
 87%|████████▋ | 548/630 [1:35:46<12:51,  9.41s/it]
 87%|████████▋ | 549/630 [1:35:54<11:55,  8.84s/it]
 87%|████████▋ | 550/630 [1:36:03<11:42,  8.79s/it]

eval:   0%|          | 0/80 [00:00<?, ?it/s][A

eval:   1%|▏         | 1/80 [00:00<01:08,  1.16it/s][A

eval:   2%|▎         | 2/80 [00:01<00:58,  1.33it/s][A

eval:   4%|▍         | 3/80 [00:02<00:59,  1.29it/s][A

eval:   5%|▌         | 4/80 [00:03<01:08,  1.11it/s][A

eval:   6%|▋         | 5/80 [00:04<01:03,  1.17it/s][A

eval:   8%|▊         | 6/80 [00:05<01:04,  1.14it/s][A

eval:   9%|▉         | 7/80 [00:06<01:09,  1.05it/s][A

eval:  10%|█         | 8/80 [00:07<01:09,  1.04it/s][A

eval:  11%|█▏        | 9/80 [00:08<01:10,  1.00it/s][A

eval:  12%|█▎        | 10/80 [00:09<01:18,  1.12s/it][A

eval:  14%|█▍        | 11/80 [00:12<01:44,  1.52s/it][A

eval:  15%|█▌        | 12/80 [00:13<01:30,  1.33s/it][A

eval:  16%|█▋        | 13/80 [00:14<01:30,  1.35s/it][A

eval:  18%|█▊        | 14/80 [00:15<01:29,  1.36s/it][A

eval:  19%|█▉        | 15/80 [00:17<01:44,  1.61s/it][A

eval:  20%|██        | 16/80 [00:18<01:25,  1.34s/it][A

eval:  21%|██▏       | 17/80 [00:20<01:29,  1.41s/it][A

eval:  22%|██▎       | 18/80 [00:21<01:26,  1.39s/it][A

eval:  24%|██▍       | 19/80 [00:22<01:13,  1.20s/it][A

eval:  25%|██▌       | 20/80 [00:24<01:31,  1.53s/it][A

eval:  26%|██▋       | 21/80 [00:26<01:27,  1.49s/it][A

eval:  28%|██▊       | 22/80 [00:27<01:25,  1.48s/it][A

eval:  29%|██▉       | 23/80 [00:29<01:25,  1.49s/it][A

eval:  30%|███       | 24/80 [00:30<01:24,  1.51s/it][A

eval:  31%|███▏      | 25/80 [00:31<01:09,  1.27s/it][A

eval:  32%|███▎      | 26/80 [00:33<01:19,  1.47s/it][A

eval:  34%|███▍      | 27/80 [00:34<01:12,  1.36s/it][A

eval:  35%|███▌      | 28/80 [00:36<01:22,  1.58s/it][A

eval:  36%|███▋      | 29/80 [00:37<01:08,  1.33s/it][A

eval:  38%|███▊      | 30/80 [00:39<01:17,  1.55s/it][A

eval:  39%|███▉      | 31/80 [00:40<01:04,  1.32s/it][A

eval:  40%|████      | 32/80 [00:41<00:59,  1.23s/it][A

eval:  41%|████▏     | 33/80 [00:41<00:51,  1.10s/it][A

eval:  42%|████▎     | 34/80 [00:43<00:52,  1.15s/it][A

eval:  44%|████▍     | 35/80 [00:43<00:46,  1.04s/it][A

eval:  45%|████▌     | 36/80 [00:45<00:47,  1.08s/it][A

eval:  46%|████▋     | 37/80 [00:46<00:47,  1.10s/it][A

eval:  48%|████▊     | 38/80 [00:47<00:42,  1.02s/it][A

eval:  49%|████▉     | 39/80 [00:48<00:43,  1.06s/it][A

eval:  50%|█████     | 40/80 [00:49<00:43,  1.09s/it][A

eval:  51%|█████▏    | 41/80 [00:50<00:46,  1.19s/it][A

eval:  52%|█████▎    | 42/80 [00:52<00:48,  1.27s/it][A

eval:  54%|█████▍    | 43/80 [00:53<00:44,  1.19s/it][A

eval:  55%|█████▌    | 44/80 [00:54<00:42,  1.17s/it][A

eval:  56%|█████▋    | 45/80 [00:55<00:43,  1.24s/it][A

eval:  57%|█████▊    | 46/80 [00:57<00:42,  1.25s/it][A

eval:  59%|█████▉    | 47/80 [00:58<00:43,  1.33s/it][A

eval:  60%|██████    | 48/80 [01:00<00:44,  1.38s/it][A

eval:  61%|██████▏   | 49/80 [01:01<00:44,  1.42s/it][A

eval:  62%|██████▎   | 50/80 [01:02<00:36,  1.23s/it][A

eval:  64%|██████▍   | 51/80 [01:03<00:37,  1.29s/it][A

eval:  65%|██████▌   | 52/80 [01:04<00:33,  1.19s/it][A

eval:  66%|██████▋   | 53/80 [01:06<00:33,  1.24s/it][A

eval:  68%|██████▊   | 54/80 [01:06<00:28,  1.10s/it][A

eval:  69%|██████▉   | 55/80 [01:07<00:27,  1.09s/it][A

eval:  70%|███████   | 56/80 [01:09<00:28,  1.19s/it][A

eval:  71%|███████▏  | 57/80 [01:10<00:25,  1.09s/it][A

eval:  72%|███████▎  | 58/80 [01:11<00:23,  1.08s/it][A

eval:  74%|███████▍  | 59/80 [01:12<00:24,  1.17s/it][A

eval:  75%|███████▌  | 60/80 [01:13<00:23,  1.18s/it][A

eval:  76%|███████▋  | 61/80 [01:15<00:23,  1.22s/it][A

eval:  78%|███████▊  | 62/80 [01:15<00:19,  1.09s/it][A

eval:  79%|███████▉  | 63/80 [01:17<00:20,  1.18s/it][A

eval:  80%|████████  | 64/80 [01:18<00:19,  1.20s/it][A

eval:  81%|████████▏ | 65/80 [01:19<00:16,  1.07s/it][A

eval:  82%|████████▎ | 66/80 [01:21<00:18,  1.33s/it][A

eval:  84%|████████▍ | 67/80 [01:22<00:15,  1.17s/it][A

eval:  85%|████████▌ | 68/80 [01:24<00:17,  1.45s/it][A

eval:  86%|████████▋ | 69/80 [01:25<00:13,  1.26s/it][A

eval:  88%|████████▊ | 70/80 [01:25<00:11,  1.13s/it][A

eval:  89%|████████▉ | 71/80 [01:26<00:09,  1.04s/it][A

eval:  90%|█████████ | 72/80 [01:27<00:08,  1.01s/it][A

eval:  91%|█████████▏| 73/80 [01:28<00:06,  1.07it/s][A

eval:  92%|█████████▎| 74/80 [01:29<00:05,  1.12it/s][A

eval:  94%|█████████▍| 75/80 [01:30<00:04,  1.04it/s][A

eval:  95%|█████████▌| 76/80 [01:31<00:04,  1.05s/it][A

eval:  96%|█████████▋| 77/80 [01:32<00:02,  1.02it/s][A

eval:  98%|█████████▊| 78/80 [01:34<00:02,  1.18s/it][A

eval:  99%|█████████▉| 79/80 [01:34<00:01,  1.05s/it][A

eval: 100%|██████████| 80/80 [01:36<00:00,  1.10s/it][A

                                                     [A2026-05-12 04:59:57 | INFO | __main__ | eval.py:43 | [EVAL_SAMPLE] idx=0 pred=false gold=barely-true output=Label: B explain=Hartzler said, "We have less Americans working now than in the ‘70s." The statistics Hartzler’s staff said she cited show the employment-population ratio and labor force participation rate was indeed higher in 1979 than in 2015. However,... prompt=<|im_start|>system
You are a careful fact-checking assistant for LIAR-RAW claims. Classify claims using only the claim and retrieved evidence supplied by the user.<|im_end|>
<|im_start|>user
Classify the claim into exactly one LIAR-RAW l...
2026-05-12 04:59:57 | INFO | __main__ | eval.py:43 | [EVAL_SAMPLE] idx=0 pred=false gold=barely-true output=Label: B explain=Hartzler said, "We have less Americans working now than in the ‘70s." The statistics Hartzler’s staff said she cited show the employment-population ratio and labor force participation rate was indeed higher in 1979 than in 2015. However,... prompt=<|im_start|>system
You are a careful fact-checking assistant for LIAR-RAW claims. Classify claims using only the claim and retrieved evidence supplied by the user.<|im_end|>
<|im_start|>user
Classify the claim into exactly one LIAR-RAW l...
2026-05-12 04:59:57 | INFO | __main__ | eval.py:43 | [EVAL_SAMPLE] idx=1 pred=false gold=pants-fire output=Label: B explain=Ellison used a Koran that once belonged to Thomas Jefferson, borrowing the rare book from the Library of Congress. It goes without saying that Ellison is not Obama. UPDATE: Barack Obama resigned from Trinity United Church of Christ on Ma... prompt=<|im_start|>system
You are a careful fact-checking assistant for LIAR-RAW claims. Classify claims using only the claim and retrieved evidence supplied by the user.<|im_end|>
<|im_start|>user
Classify the claim into exactly one LIAR-RAW l...
2026-05-12 04:59:57 | INFO | __main__ | eval.py:43 | [EVAL_SAMPLE] idx=1 pred=false gold=pants-fire output=Label: B explain=Ellison used a Koran that once belonged to Thomas Jefferson, borrowing the rare book from the Library of Congress. It goes without saying that Ellison is not Obama. UPDATE: Barack Obama resigned from Trinity United Church of Christ on Ma... prompt=<|im_start|>system
You are a careful fact-checking assistant for LIAR-RAW claims. Classify claims using only the claim and retrieved evidence supplied by the user.<|im_end|>
<|im_start|>user
Classify the claim into exactly one LIAR-RAW l...
2026-05-12 04:59:57 | INFO | __main__ | eval.py:43 | [EVAL_SAMPLE] idx=2 pred=true gold=false output=Label: F explain=However, we have two professors who say the law is silent on political activity -- even if one of them sees an implicit prohibition -- and a plain reading of the law that states no explicit ban. Blumenauer said that "the statute a hundre... prompt=<|im_start|>system
You are a careful fact-checking assistant for LIAR-RAW claims. Classify claims using only the claim and retrieved evidence supplied by the user.<|im_end|>
<|im_start|>user
Classify the claim into exactly one LIAR-RAW l...
2026-05-12 04:59:57 | INFO | __main__ | trainer.py:566 | [eval] step=550 accuracy=0.2969 macro_precision=0.3224 macro_recall=0.3155 macro_f1=0.2809 parse_error_rate=0.0000
2026-05-12 04:59:57 | INFO | __main__ | trainer.py:566 | [eval] per_class:
2026-05-12 04:59:57 | INFO | __main__ | trainer.py:566 |   - barely-true: P=0.3067 R=0.0970 F1=0.1474
2026-05-12 04:59:57 | INFO | __main__ | trainer.py:566 |   - false: P=0.2739 R=0.5479 F1=0.3653
2026-05-12 04:59:57 | INFO | __main__ | trainer.py:566 |   - half-true: P=0.3580 R=0.1179 F1=0.1774
2026-05-12 04:59:57 | INFO | __main__ | trainer.py:566 |   - mostly-true: P=0.3926 R=0.2112 F1=0.2746
2026-05-12 04:59:57 | INFO | __main__ | trainer.py:566 |   - pants-fire: P=0.3517 R=0.4397 F1=0.3908
2026-05-12 04:59:57 | INFO | __main__ | trainer.py:566 |   - true: P=0.2516 R=0.4793 F1=0.3299
2026-05-12 05:00:01 | WARNING | sft.data.io | io.py:87 | [WARN] saved adapter has no LoRA tensors; rebuilding adapter weights from model state.
2026-05-12 05:00:01 | WARNING | sft.data.io | io.py:100 | [WARN] Rewrote /data/liaozijie/fact-checking/outputs/runs/mmr_lambda_sweep/build.retrieval.mmr_lambda-0.6__0545e6f3/train/best/adapter_model.safetensors with 392 LoRA tensors collected from the in-memory model.
2026-05-12 05:00:05 | WARNING | sft.data.io | io.py:87 | [WARN] saved adapter has no LoRA tensors; rebuilding adapter weights from model state.
2026-05-12 05:00:05 | WARNING | sft.data.io | io.py:100 | [WARN] Rewrote /data/liaozijie/fact-checking/outputs/runs/mmr_lambda_sweep/build.retrieval.mmr_lambda-0.6__0545e6f3/train/checkpoint-550/adapter_model.safetensors with 392 LoRA tensors collected from the in-memory model.

 87%|████████▋ | 551/630 [1:37:53<51:33, 39.16s/it]
 88%|████████▊ | 552/630 [1:38:00<38:24, 29.55s/it]
 88%|████████▊ | 553/630 [1:38:09<30:06, 23.46s/it]
 88%|████████▊ | 554/630 [1:38:20<24:53, 19.65s/it]
 88%|████████▊ | 555/630 [1:38:29<20:32, 16.43s/it]
 88%|████████▊ | 556/630 [1:38:36<16:48, 13.63s/it]
 88%|████████▊ | 557/630 [1:38:43<14:23, 11.83s/it]
 89%|████████▊ | 558/630 [1:38:51<12:40, 10.57s/it]
 89%|████████▊ | 559/630 [1:39:01<12:24, 10.49s/it]
 89%|████████▉ | 560/630 [1:39:13<12:41, 10.88s/it]
 89%|████████▉ | 561/630 [1:39:22<11:42, 10.19s/it]
 89%|████████▉ | 562/630 [1:39:30<10:46,  9.51s/it]
 89%|████████▉ | 563/630 [1:39:38<10:11,  9.13s/it]
 90%|████████▉ | 564/630 [1:39:45<09:23,  8.53s/it]
 90%|████████▉ | 565/630 [1:39:52<08:41,  8.02s/it]
 90%|████████▉ | 566/630 [1:40:03<09:27,  8.87s/it]
 90%|█████████ | 567/630 [1:40:12<09:23,  8.95s/it]
 90%|█████████ | 568/630 [1:40:21<09:14,  8.94s/it]
 90%|█████████ | 569/630 [1:40:28<08:41,  8.54s/it]
 90%|█████████ | 570/630 [1:40:36<08:13,  8.22s/it]
 91%|█████████ | 571/630 [1:40:43<07:43,  7.86s/it]
 91%|█████████ | 572/630 [1:40:55<08:51,  9.17s/it]
 91%|█████████ | 573/630 [1:41:06<09:12,  9.69s/it]
 91%|█████████ | 574/630 [1:41:14<08:43,  9.36s/it]
 91%|█████████▏| 575/630 [1:41:22<08:01,  8.75s/it]
 91%|█████████▏| 576/630 [1:41:29<07:24,  8.23s/it]
 92%|█████████▏| 577/630 [1:41:36<06:57,  7.88s/it]
 92%|█████████▏| 578/630 [1:41:46<07:27,  8.60s/it]
 92%|█████████▏| 579/630 [1:41:56<07:39,  9.01s/it]
 92%|█████████▏| 580/630 [1:42:05<07:32,  9.05s/it]
 92%|█████████▏| 581/630 [1:42:13<07:09,  8.76s/it]
 92%|█████████▏| 582/630 [1:42:21<06:50,  8.55s/it]
 93%|█████████▎| 583/630 [1:42:28<06:15,  7.98s/it]
 93%|█████████▎| 584/630 [1:42:37<06:17,  8.21s/it]
 93%|█████████▎| 585/630 [1:42:47<06:34,  8.78s/it]
 93%|█████████▎| 586/630 [1:42:56<06:25,  8.76s/it]
 93%|█████████▎| 587/630 [1:43:04<06:13,  8.69s/it]
 93%|█████████▎| 588/630 [1:43:12<05:49,  8.33s/it]
 93%|█████████▎| 589/630 [1:43:19<05:29,  8.03s/it]
 94%|█████████▎| 590/630 [1:43:25<04:59,  7.48s/it]
 94%|█████████▍| 591/630 [1:43:37<05:38,  8.67s/it]
 94%|█████████▍| 592/630 [1:43:44<05:19,  8.41s/it]
 94%|█████████▍| 593/630 [1:43:54<05:22,  8.72s/it]
 94%|█████████▍| 594/630 [1:44:02<05:07,  8.54s/it]
 94%|█████████▍| 595/630 [1:44:09<04:41,  8.05s/it]
 95%|█████████▍| 596/630 [1:44:17<04:29,  7.94s/it]
 95%|█████████▍| 597/630 [1:44:28<04:59,  9.08s/it]
 95%|█████████▍| 598/630 [1:44:39<05:05,  9.55s/it]
 95%|█████████▌| 599/630 [1:44:46<04:33,  8.83s/it]
 95%|█████████▌| 600/630 [1:44:54<04:14,  8.49s/it]

eval:   0%|          | 0/80 [00:00<?, ?it/s][A

eval:   1%|▏         | 1/80 [00:01<01:48,  1.37s/it][A

eval:   2%|▎         | 2/80 [00:02<01:14,  1.04it/s][A

eval:   4%|▍         | 3/80 [00:03<01:43,  1.34s/it][A

eval:   5%|▌         | 4/80 [00:04<01:31,  1.21s/it][A

eval:   6%|▋         | 5/80 [00:06<01:31,  1.22s/it][A

eval:   8%|▊         | 6/80 [00:07<01:31,  1.23s/it][A

eval:   9%|▉         | 7/80 [00:08<01:32,  1.26s/it][A

eval:  10%|█         | 8/80 [00:10<01:39,  1.38s/it][A

eval:  11%|█▏        | 9/80 [00:10<01:22,  1.16s/it][A

eval:  12%|█▎        | 10/80 [00:13<01:43,  1.48s/it][A

eval:  14%|█▍        | 11/80 [00:15<02:04,  1.80s/it][A

eval:  15%|█▌        | 12/80 [00:16<01:43,  1.53s/it][A

eval:  16%|█▋        | 13/80 [00:18<01:40,  1.50s/it][A

eval:  18%|█▊        | 14/80 [00:19<01:36,  1.46s/it][A

eval:  19%|█▉        | 15/80 [00:21<01:49,  1.69s/it][A

eval:  20%|██        | 16/80 [00:22<01:29,  1.39s/it][A

eval:  21%|██▏       | 17/80 [00:23<01:30,  1.44s/it][A

eval:  22%|██▎       | 18/80 [00:25<01:27,  1.41s/it][A

eval:  24%|██▍       | 19/80 [00:25<01:13,  1.21s/it][A

eval:  25%|██▌       | 20/80 [00:28<01:29,  1.50s/it][A

eval:  26%|██▋       | 21/80 [00:28<01:15,  1.29s/it][A

eval:  28%|██▊       | 22/80 [00:30<01:28,  1.52s/it][A

eval:  29%|██▉       | 23/80 [00:31<01:16,  1.35s/it][A

eval:  30%|███       | 24/80 [00:34<01:30,  1.62s/it][A

eval:  31%|███▏      | 25/80 [00:34<01:13,  1.34s/it][A

eval:  32%|███▎      | 26/80 [00:36<01:22,  1.53s/it][A

eval:  34%|███▍      | 27/80 [00:37<01:14,  1.41s/it][A

eval:  35%|███▌      | 28/80 [00:39<01:13,  1.42s/it][A

eval:  36%|███▋      | 29/80 [00:40<01:03,  1.24s/it][A

eval:  38%|███▊      | 30/80 [00:40<00:54,  1.09s/it][A

eval:  39%|███▉      | 31/80 [00:42<00:57,  1.18s/it][A

eval:  40%|████      | 32/80 [00:43<00:55,  1.16s/it][A

eval:  41%|████▏     | 33/80 [00:44<00:58,  1.24s/it][A

eval:  42%|████▎     | 34/80 [00:45<00:54,  1.19s/it][A

eval:  44%|████▍     | 35/80 [00:47<00:52,  1.17s/it][A

eval:  45%|████▌     | 36/80 [00:48<00:48,  1.09s/it][A

eval:  46%|████▋     | 37/80 [00:48<00:44,  1.02s/it][A

eval:  48%|████▊     | 38/80 [00:50<00:45,  1.08s/it][A

eval:  49%|████▉     | 39/80 [00:50<00:40,  1.00it/s][A

eval:  50%|█████     | 40/80 [00:51<00:37,  1.06it/s][A

eval:  51%|█████▏    | 41/80 [00:53<00:44,  1.13s/it][A

eval:  52%|█████▎    | 42/80 [00:54<00:42,  1.13s/it][A

eval:  54%|█████▍    | 43/80 [00:56<00:47,  1.27s/it][A

eval:  55%|█████▌    | 44/80 [00:56<00:40,  1.13s/it][A

eval:  56%|█████▋    | 45/80 [00:58<00:39,  1.14s/it][A

eval:  57%|█████▊    | 46/80 [00:59<00:40,  1.20s/it][A

eval:  59%|█████▉    | 47/80 [01:00<00:40,  1.24s/it][A

eval:  60%|██████    | 48/80 [01:02<00:43,  1.35s/it][A

eval:  61%|██████▏   | 49/80 [01:03<00:36,  1.19s/it][A

eval:  62%|██████▎   | 50/80 [01:04<00:37,  1.24s/it][A

eval:  64%|██████▍   | 51/80 [01:05<00:33,  1.15s/it][A

eval:  65%|██████▌   | 52/80 [01:06<00:35,  1.28s/it][A

eval:  66%|██████▋   | 53/80 [01:07<00:30,  1.12s/it][A

eval:  68%|██████▊   | 54/80 [01:08<00:28,  1.09s/it][A

eval:  69%|██████▉   | 55/80 [01:10<00:29,  1.19s/it][A

eval:  70%|███████   | 56/80 [01:10<00:25,  1.07s/it][A

eval:  71%|███████▏  | 57/80 [01:12<00:29,  1.29s/it][A

eval:  72%|███████▎  | 58/80 [01:13<00:24,  1.13s/it][A

eval:  74%|███████▍  | 59/80 [01:14<00:24,  1.15s/it][A

eval:  75%|███████▌  | 60/80 [01:15<00:20,  1.04s/it][A

eval:  76%|███████▋  | 61/80 [01:16<00:18,  1.04it/s][A

eval:  78%|███████▊  | 62/80 [01:17<00:16,  1.10it/s][A

eval:  79%|███████▉  | 63/80 [01:18<00:18,  1.07s/it][A

eval:  80%|████████  | 64/80 [01:19<00:16,  1.02s/it][A

eval:  81%|████████▏ | 65/80 [01:20<00:16,  1.11s/it][A

eval:  82%|████████▎ | 66/80 [01:21<00:14,  1.02s/it][A

eval:  84%|████████▍ | 67/80 [01:22<00:13,  1.05s/it][A

eval:  85%|████████▌ | 68/80 [01:24<00:13,  1.16s/it][A

eval:  86%|████████▋ | 69/80 [01:24<00:11,  1.06s/it][A

eval:  88%|████████▊ | 70/80 [01:26<00:12,  1.29s/it][A

eval:  89%|████████▉ | 71/80 [01:27<00:10,  1.14s/it][A

eval:  90%|█████████ | 72/80 [01:28<00:09,  1.21s/it][A

eval:  91%|█████████▏| 73/80 [01:30<00:08,  1.26s/it][A

eval:  92%|█████████▎| 74/80 [01:31<00:06,  1.12s/it][A

eval:  94%|█████████▍| 75/80 [01:33<00:07,  1.42s/it][A

eval:  95%|█████████▌| 76/80 [01:34<00:05,  1.46s/it][A

eval:  96%|█████████▋| 77/80 [01:35<00:03,  1.27s/it][A

eval:  98%|█████████▊| 78/80 [01:36<00:02,  1.12s/it][A

eval:  99%|█████████▉| 79/80 [01:37<00:01,  1.01s/it][A

eval: 100%|██████████| 80/80 [01:38<00:00,  1.12s/it][A

                                                     [A2026-05-12 05:08:51 | INFO | __main__ | eval.py:43 | [EVAL_SAMPLE] idx=0 pred=false gold=barely-true output=Label: B explain=Hartzler said, "We have less Americans working now than in the ‘70s." The statistics Hartzler’s staff said she cited show the employment-population ratio and labor force participation rate was indeed higher in 1979 than in 2015. However,... prompt=<|im_start|>system
You are a careful fact-checking assistant for LIAR-RAW claims. Classify claims using only the claim and retrieved evidence supplied by the user.<|im_end|>
<|im_start|>user
Classify the claim into exactly one LIAR-RAW l...
2026-05-12 05:08:51 | INFO | __main__ | eval.py:43 | [EVAL_SAMPLE] idx=0 pred=false gold=barely-true output=Label: B explain=Hartzler said, "We have less Americans working now than in the ‘70s." The statistics Hartzler’s staff said she cited show the employment-population ratio and labor force participation rate was indeed higher in 1979 than in 2015. However,... prompt=<|im_start|>system
You are a careful fact-checking assistant for LIAR-RAW claims. Classify claims using only the claim and retrieved evidence supplied by the user.<|im_end|>
<|im_start|>user
Classify the claim into exactly one LIAR-RAW l...
2026-05-12 05:08:51 | INFO | __main__ | eval.py:43 | [EVAL_SAMPLE] idx=1 pred=false gold=pants-fire output=Label: B explain=Ellison used a Koran that once belonged to Thomas Jefferson, borrowing the rare book from the Library of Congress. It goes without saying that Ellison is not Obama. UPDATE: Barack Obama resigned from Trinity United Church of Christ on Ma... prompt=<|im_start|>system
You are a careful fact-checking assistant for LIAR-RAW claims. Classify claims using only the claim and retrieved evidence supplied by the user.<|im_end|>
<|im_start|>user
Classify the claim into exactly one LIAR-RAW l...
2026-05-12 05:08:51 | INFO | __main__ | eval.py:43 | [EVAL_SAMPLE] idx=1 pred=false gold=pants-fire output=Label: B explain=Ellison used a Koran that once belonged to Thomas Jefferson, borrowing the rare book from the Library of Congress. It goes without saying that Ellison is not Obama. UPDATE: Barack Obama resigned from Trinity United Church of Christ on Ma... prompt=<|im_start|>system
You are a careful fact-checking assistant for LIAR-RAW claims. Classify claims using only the claim and retrieved evidence supplied by the user.<|im_end|>
<|im_start|>user
Classify the claim into exactly one LIAR-RAW l...
2026-05-12 05:08:51 | INFO | __main__ | eval.py:43 | [EVAL_SAMPLE] idx=2 pred=true gold=false output=Label: F explain=However, we have two professors who say the law is silent on political activity -- even if one of them sees an implicit prohibition -- and a plain reading of the law that states no explicit ban. Blumenauer said that "the statute a hundre... prompt=<|im_start|>system
You are a careful fact-checking assistant for LIAR-RAW claims. Classify claims using only the claim and retrieved evidence supplied by the user.<|im_end|>
<|im_start|>user
Classify the claim into exactly one LIAR-RAW l...
2026-05-12 05:08:51 | INFO | __main__ | trainer.py:566 | [eval] step=600 accuracy=0.3031 macro_precision=0.3286 macro_recall=0.3065 macro_f1=0.2946 parse_error_rate=0.0000
2026-05-12 05:08:51 | INFO | __main__ | trainer.py:566 | [eval] per_class:
2026-05-12 05:08:51 | INFO | __main__ | trainer.py:566 |   - barely-true: P=0.2981 R=0.1308 F1=0.1818
2026-05-12 05:08:51 | INFO | __main__ | trainer.py:566 |   - false: P=0.2791 R=0.5977 F1=0.3805
2026-05-12 05:08:51 | INFO | __main__ | trainer.py:566 |   - half-true: P=0.2843 R=0.2358 F1=0.2578
2026-05-12 05:08:51 | INFO | __main__ | trainer.py:566 |   - mostly-true: P=0.3793 R=0.1753 F1=0.2398
2026-05-12 05:08:51 | INFO | __main__ | trainer.py:566 |   - pants-fire: P=0.4516 R=0.3621 F1=0.4019
2026-05-12 05:08:51 | INFO | __main__ | trainer.py:566 |   - true: P=0.2794 R=0.3373 F1=0.3056
2026-05-12 05:08:55 | WARNING | sft.data.io | io.py:87 | [WARN] saved adapter has no LoRA tensors; rebuilding adapter weights from model state.
2026-05-12 05:08:55 | WARNING | sft.data.io | io.py:100 | [WARN] Rewrote /data/liaozijie/fact-checking/outputs/runs/mmr_lambda_sweep/build.retrieval.mmr_lambda-0.6__0545e6f3/train/best/adapter_model.safetensors with 392 LoRA tensors collected from the in-memory model.
2026-05-12 05:08:58 | WARNING | sft.data.io | io.py:87 | [WARN] saved adapter has no LoRA tensors; rebuilding adapter weights from model state.
2026-05-12 05:08:59 | WARNING | sft.data.io | io.py:100 | [WARN] Rewrote /data/liaozijie/fact-checking/outputs/runs/mmr_lambda_sweep/build.retrieval.mmr_lambda-0.6__0545e6f3/train/checkpoint-600/adapter_model.safetensors with 392 LoRA tensors collected from the in-memory model.

 95%|█████████▌| 601/630 [1:46:46<19:04, 39.46s/it]
 96%|█████████▌| 602/630 [1:46:52<13:44, 29.43s/it]
 96%|█████████▌| 603/630 [1:47:02<10:43, 23.82s/it]
 96%|█████████▌| 604/630 [1:47:12<08:27, 19.52s/it]
 96%|█████████▌| 605/630 [1:47:22<06:56, 16.67s/it]
 96%|█████████▌| 606/630 [1:47:30<05:36, 14.03s/it]
 96%|█████████▋| 607/630 [1:47:38<04:40, 12.19s/it]
 97%|█████████▋| 608/630 [1:47:44<03:52, 10.57s/it]
 97%|█████████▋| 609/630 [1:47:54<03:36, 10.32s/it]
 97%|█████████▋| 610/630 [1:48:05<03:30, 10.51s/it]
 97%|█████████▋| 611/630 [1:48:14<03:09,  9.98s/it]
 97%|█████████▋| 612/630 [1:48:22<02:48,  9.35s/it]
 97%|█████████▋| 613/630 [1:48:30<02:35,  9.13s/it]
 97%|█████████▋| 614/630 [1:48:38<02:20,  8.76s/it]
 98%|█████████▊| 615/630 [1:48:45<02:00,  8.05s/it]
 98%|█████████▊| 616/630 [1:48:55<02:04,  8.87s/it]
 98%|█████████▊| 617/630 [1:49:06<02:00,  9.27s/it]
 98%|█████████▊| 618/630 [1:49:14<01:47,  8.93s/it]
 98%|█████████▊| 619/630 [1:49:23<01:39,  9.02s/it]
 98%|█████████▊| 620/630 [1:49:30<01:25,  8.51s/it]
 99%|█████████▊| 621/630 [1:49:37<01:11,  7.91s/it]
 99%|█████████▊| 622/630 [1:49:48<01:11,  8.95s/it]
 99%|█████████▉| 623/630 [1:49:57<01:02,  8.89s/it]
 99%|█████████▉| 624/630 [1:50:06<00:53,  8.94s/it]
 99%|█████████▉| 625/630 [1:50:15<00:44,  8.89s/it]
 99%|█████████▉| 626/630 [1:50:23<00:34,  8.56s/it]
100%|█████████▉| 627/630 [1:50:31<00:25,  8.64s/it]
100%|█████████▉| 628/630 [1:50:39<00:16,  8.23s/it]
100%|█████████▉| 629/630 [1:50:47<00:08,  8.37s/it]
100%|██████████| 630/630 [1:50:53<00:00,  7.47s/it]2026-05-12 05:13:15 | WARNING | sft.data.io | io.py:87 | [WARN] saved adapter has no LoRA tensors; rebuilding adapter weights from model state.
2026-05-12 05:13:15 | WARNING | sft.data.io | io.py:100 | [WARN] Rewrote /data/liaozijie/fact-checking/outputs/runs/mmr_lambda_sweep/build.retrieval.mmr_lambda-0.6__0545e6f3/train/final/adapter_model.safetensors with 392 LoRA tensors collected from the in-memory model.
swanlab: 🏠 View project at https://swanlab.cn/@fenglin/fact-checking-build-train-infer
swanlab: 🚀 View run at https://swanlab.cn/@fenglin/fact-checking-build-train-infer/runs/xai0g5ekl9t1o5kk6zlzd

100%|██████████| 630/630 [1:51:00<00:00, 10.57s/it]
